id	area	geometry
3681_3_3	21234439.1334	POLYGON((12.33103285 45.08621654,12.33375028 45.13286389,12.38573387 45.13133291,12.38297426 45.08468804,12.33103285 45.08621654))
3681_3_0	21235544.7646	POLYGON((12.27908731 45.08772147,12.28176255 45.13437125,12.33375028 45.13286389,12.33103285 45.08621654,12.27908731 45.08772147))
3681_0_3	21236633.3433	POLYGON((12.22713772 45.0892028,12.22977076 45.13585498,12.28176255 45.13437125,12.27908731 45.08772147,12.22713772 45.0892028))
3681_0_0	21237704.7985	POLYGON((12.17518413 45.09066054,12.17777496 45.13731508,12.22977076 45.13585498,12.22713772 45.0892028,12.17518413 45.09066054))
3684_1_1	21237240.2725	POLYGON((12.17777496 45.13731508,12.18037211 45.18396911,12.23241023 45.18250665,12.22977076 45.13585498,12.17777496 45.13731508))
3684_1_2	21236169.2345	POLYGON((12.22977076 45.13585498,12.23241023 45.18250665,12.28444433 45.18102052,12.28176255 45.13437125,12.22977076 45.13585498))
3684_1_3	21235704.941	POLYGON((12.23241023 45.18250665,12.23505615 45.22915782,12.28713266 45.22766929,12.28444433 45.18102052,12.23241023 45.18250665))
3684_1_0	21236776.4046	POLYGON((12.18037211 45.18396911,12.18297562 45.23062265,12.23505615 45.22915782,12.23241023 45.18250665,12.18037211 45.18396911))
3684_2	84937208.0855	POLYGON((12.28176255 45.13437125,12.28713266 45.22766929,12.39127333 45.2246211,12.38573387 45.13133291,12.28176255 45.13437125))
3684_3	84933495.8284	POLYGON((12.28713266 45.22766929,12.29252908 45.32096529,12.39683993 45.31790723,12.39127333 45.2246211,12.28713266 45.22766929))
3684_0_1	21236312.0257	POLYGON((12.18297562 45.23062265,12.1855855 45.27727569,12.23770855 45.27580849,12.23505615 45.22915782,12.18297562 45.23062265))
3684_0_2	21235240.9608	POLYGON((12.23505615 45.22915782,12.23770855 45.27580849,12.28982757 45.27431754,12.28713266 45.22766929,12.23505615 45.22915782))
3684_0_3	21234776.7455	POLYGON((12.23770855 45.27580849,12.24036745 45.32245865,12.29252908 45.32096529,12.28982757 45.27431754,12.23770855 45.27580849))
3684_0_0	21235847.7338	POLYGON((12.1855855 45.27727569,12.18820176 45.32392823,12.24036745 45.32245865,12.23770855 45.27580849,12.1855855 45.27727569))
3692_1_1_1	5306223.2818	POLYGON((12.61731047 45.49803041,12.61880623 45.52134537,12.64496885 45.52051244,12.64346234 45.49719815,12.61731047 45.49803041))
3692_1_1_2	5306073.733	POLYGON((12.64346234 45.49719815,12.64496885 45.52051244,12.67113033 45.51967353,12.66961306 45.49635992,12.64346234 45.49719815))
3692_1_1_3	5306015.5683	POLYGON((12.64496885 45.52051244,12.64647721 45.54382659,12.67264945 45.54298701,12.67113033 45.51967353,12.64496885 45.52051244))
3692_1_1_0	5306165.5544	POLYGON((12.61880623 45.52134537,12.62030382 45.5446602,12.64647721 45.54382659,12.64496885 45.52051244,12.61880623 45.52134537))
3692_1_2_1	5305922.438	POLYGON((12.66961306 45.49635992,12.67113033 45.51967353,12.69729065 45.51882864,12.69576263 45.49551571,12.66961306 45.49635992))
3692_1_2_2	5305770.3724	POLYGON((12.69576263 45.49551571,12.69729065 45.51882864,12.7234498 45.51797777,12.72191103 45.49466553,12.69576263 45.49551571))
3692_1_2_3	5305712.4128	POLYGON((12.69729065 45.51882864,12.69882054 45.54214143,12.72499045 45.54128988,12.7234498 45.51797777,12.69729065 45.51882864))
3692_1_2_0	5305864.6008	POLYGON((12.67113033 45.51967353,12.67264945 45.54298701,12.69882054 45.54214143,12.69729065 45.51882864,12.67113033 45.51967353))
3692_1_3	21222808.0116	POLYGON((12.67264945 45.54298701,12.6756933 45.58961355,12.72807743 45.58791367,12.72499045 45.54128988,12.67264945 45.54298701))
3692_1_0	21224016.1178	POLYGON((12.62030382 45.5446602,12.62330451 45.59128945,12.6756933 45.58961355,12.67264945 45.54298701,12.62030382 45.5446602))
3692_2	84884797.3552	POLYGON((12.72191103 45.49466553,12.72807743 45.58791367,12.83283148 45.58444202,12.82649283 45.49120509,12.72191103 45.49466553))
3692_3_1	21221119.2192	POLYGON((12.72807743 45.58791367,12.73117199 45.63453693,12.78359463 45.63281029,12.78045684 45.58618983,12.72807743 45.58791367))
3692_3_2	21219876.8073	POLYGON((12.78045684 45.58618983,12.78359463 45.63281029,12.83601248 45.63105965,12.83283148 45.58444202,12.78045684 45.58618983))
3692_3_3	21219413.6745	POLYGON((12.78359463 45.63281029,12.78674013 45.6794302,12.83920129 45.67767673,12.83601248 45.63105965,12.78359463 45.63281029))
3692_3_0	21220655.9244	POLYGON((12.73117199 45.63453693,12.73427415 45.68115963,12.78674013 45.6794302,12.78359463 45.63281029,12.73117199 45.63453693))
3692_0_1	21223552.7024	POLYGON((12.62330451 45.59128945,12.62631257 45.63791817,12.67874461 45.63623955,12.6756933 45.58961355,12.62330451 45.59128945))
3692_0_2	21222344.6046	POLYGON((12.6756933 45.58961355,12.67874461 45.63623955,12.73117199 45.63453693,12.72807743 45.58791367,12.6756933 45.58961355))
3692_0_3	21221881.1579	POLYGON((12.67874461 45.63623955,12.68180343 45.68286501,12.73427415 45.68115963,12.73117199 45.63453693,12.67874461 45.63623955))
3692_0_0	21223089.3091	POLYGON((12.62631257 45.63791817,12.62932803 45.68454634,12.68180343 45.68286501,12.67874461 45.63623955,12.62631257 45.63791817))
3693_1_1	21235383.8176	POLYGON((12.18820176 45.32392823,12.19082444 45.37058026,12.24303285 45.36910831,12.24036745 45.32245865,12.18820176 45.32392823))
3693_1_2	21234312.7759	POLYGON((12.24036745 45.32245865,12.24303285 45.36910831,12.2952372 45.36761253,12.29252908 45.32096529,12.24036745 45.32245865))
3693_1_3	21233848.6605	POLYGON((12.24303285 45.36910831,12.24570479 45.41575746,12.29795197 45.41425926,12.2952372 45.36761253,12.24303285 45.36910831))
3693_1_0	21234919.6188	POLYGON((12.19082444 45.37058026,12.19345354 45.4172318,12.24570479 45.41575746,12.24303285 45.36910831,12.19082444 45.37058026))
3693_2_1	21233224.3066	POLYGON((12.29252908 45.32096529,12.2952372 45.36761253,12.34743743 45.36609293,12.34468659 45.31944815,12.29252908 45.32096529))
3693_2_2	21232119.0554	POLYGON((12.34468659 45.31944815,12.34743743 45.36609293,12.39963345 45.36454952,12.39683993 45.31790723,12.34468659 45.31944815))
3693_2_3	21231655.0959	POLYGON((12.34743743 45.36609293,12.350195 45.4127372,12.40243382 45.41119129,12.39963345 45.36454952,12.34743743 45.36609293))
3693_2_0	21232760.4081	POLYGON((12.2952372 45.36761253,12.29795197 45.41425926,12.350195 45.4127372,12.34743743 45.36609293,12.2952372 45.36761253))
3693_3_1_1	5308171.377	POLYGON((12.29795197 45.41425926,12.29931184 45.43758244,12.3254446 45.43682378,12.324074 45.41350121,12.29795197 45.41425926))
3693_3_1_2_1	1327020.6591	POLYGON((12.324074 45.41350121,12.32475909 45.42516251,12.3378224 45.4247811,12.33713463 45.41311995,12.324074 45.41350121))
3693_3_1_2_2	1327003.5529	POLYGON((12.33713463 45.41311995,12.3378224 45.4247811,12.35088545 45.42439819,12.350195 45.4127372,12.33713463 45.41311995))
3693_3_1_2_3	1326996.1756	POLYGON((12.3378224 45.4247811,12.33851059 45.43644221,12.35157632 45.43605915,12.35088545 45.42439819,12.3378224 45.4247811))
3693_3_1_2_0	1327013.6134	POLYGON((12.32475909 45.42516251,12.3254446 45.43682378,12.33851059 45.43644221,12.3378224 45.4247811,12.32475909 45.42516251))
3693_3_1_3_1	1327006.1485	POLYGON((12.3254446 45.43682378,12.32613053 45.44848501,12.3391992 45.44810328,12.33851059 45.43644221,12.3254446 45.43682378))
3693_3_1_3_2	1326989.209	POLYGON((12.33851059 45.43644221,12.3391992 45.44810328,12.35226761 45.44772007,12.35157632 45.43605915,12.33851059 45.43644221))
3693_3_1_3_3	1326981.7099	POLYGON((12.3391992 45.44810328,12.33988824 45.45976433,12.35295933 45.45938096,12.35226761 45.44772007,12.3391992 45.44810328))
3693_3_1_3_0	1326999.0308	POLYGON((12.32613053 45.44848501,12.32681688 45.46014621,12.33988824 45.45976433,12.3391992 45.44810328,12.32613053 45.44848501))
3693_3_1_0	5308113.2776	POLYGON((12.29931184 45.43758244,12.30067338 45.46090548,12.32681688 45.46014621,12.3254446 45.43682378,12.29931184 45.43758244))
3693_3_2_1	5307896.0645	POLYGON((12.350195 45.4127372,12.35157632 45.43605915,12.37770698 45.43528855,12.37631494 45.41196723,12.350195 45.4127372))
3693_3_2_2	5307756.732	POLYGON((12.37631494 45.41196723,12.37770698 45.43528855,12.40383658 45.43451199,12.40243382 45.41119129,12.37631494 45.41196723))
3693_3_2_3	5307698.8498	POLYGON((12.37770698 45.43528855,12.37910072 45.45860974,12.40524106 45.45783255,12.40383658 45.43451199,12.37770698 45.43528855))
3693_3_2_0	5307837.986	POLYGON((12.35157632 45.43605915,12.35295933 45.45938096,12.37910072 45.45860974,12.37770698 45.43528855,12.35157632 45.43605915))
3693_3_3_1	5307779.978	POLYGON((12.35295933 45.45938096,12.35434404 45.48270265,12.38049618 45.4819308,12.37910072 45.45860974,12.35295933 45.45938096))
3693_3_3_2	5307640.8055	POLYGON((12.37910072 45.45860974,12.38049618 45.4819308,12.40664725 45.48115298,12.40524106 45.45783255,12.37910072 45.45860974))
3693_3_3_3	5307582.7503	POLYGON((12.38049618 45.4819308,12.38189334 45.50525173,12.40805518 45.50447328,12.40664725 45.48115298,12.38049618 45.4819308))
3693_3_3_0	5307722.0697	POLYGON((12.35434404 45.48270265,12.35573044 45.5060242,12.38189334 45.50525173,12.38049618 45.4819308,12.35434404 45.48270265))
3693_3_0_1	5308055.3626	POLYGON((12.30067338 45.46090548,12.3020366 45.4842284,12.32819084 45.48346851,12.32681688 45.46014621,12.30067338 45.46090548))
3693_3_0_2	5307918.082	POLYGON((12.32681688 45.46014621,12.32819084 45.48346851,12.35434404 45.48270265,12.35295933 45.45938096,12.32681688 45.46014621))
3693_3_0_3	5307860.255	POLYGON((12.32819084 45.48346851,12.32956649 45.50679069,12.35573044 45.5060242,12.35434404 45.48270265,12.32819084 45.48346851))
3693_3_0_0	5307997.2295	POLYGON((12.3020366 45.4842284,12.30340148 45.50755119,12.32956649 45.50679069,12.32819084 45.48346851,12.3020366 45.4842284))
3693_0_1	21234455.5357	POLYGON((12.19345354 45.4172318,12.19608909 45.46388283,12.24838328 45.46240611,12.24570479 45.41575746,12.19345354 45.4172318))
3693_0_2_1	5308442.0916	POLYGON((12.24570479 45.41575746,12.24704322 45.43908185,12.27317804 45.43833513,12.27182889 45.41501134,12.24570479 45.41575746))
3693_0_2_2	5308307.1856	POLYGON((12.27182889 45.41501134,12.27317804 45.43833513,12.29931184 45.43758244,12.29795197 45.41425926,12.27182889 45.41501134))
3693_0_2_3	5308249.2538	POLYGON((12.27317804 45.43833513,12.27452885 45.46165878,12.30067338 45.46090548,12.29931184 45.43758244,12.27317804 45.43833513))
3693_0_2_0	5308384.3342	POLYGON((12.24704322 45.43908185,12.24838328 45.46240611,12.27452885 45.46165878,12.27317804 45.43833513,12.24704322 45.43908185))
3693_0_3_1	5308326.1416	POLYGON((12.24838328 45.46240611,12.24972499 45.48573024,12.27588131 45.48498231,12.27452885 45.46165878,12.24838328 45.46240611))
3693_0_3_2	5308191.3006	POLYGON((12.27452885 45.46165878,12.27588131 45.48498231,12.3020366 45.4842284,12.30067338 45.46090548,12.27452885 45.46165878))
3693_0_3_3	5308133.3036	POLYGON((12.27588131 45.48498231,12.27723543 45.50830571,12.30340148 45.50755119,12.3020366 45.4842284,12.27588131 45.48498231))
3693_0_3_0_1_1	331771.2488	POLYGON((12.24972499 45.48573024,12.25006068 45.49156125,12.25660052 45.49137479,12.25626417 45.48554382,12.24972499 45.48573024))
3693_0_3_0_1_2	331769.2938	POLYGON((12.25626417 45.48554382,12.25660052 45.49137479,12.26314031 45.49118796,12.26280328 45.48535702,12.25626417 45.48554382))
3693_0_3_0_1_3	331768.2323	POLYGON((12.25660052 45.49137479,12.25693698 45.49720576,12.26347744 45.49701889,12.26314031 45.49118796,12.25660052 45.49137479))
3693_0_3_0_1_0	331770.4298	POLYGON((12.25006068 45.49156125,12.25039646 45.49739226,12.25693698 45.49720576,12.25660052 45.49137479,12.25006068 45.49156125))
3693_0_3_0_2	1327062.1188	POLYGON((12.26280328 45.48535702,12.26347744 45.49701889,12.27655816 45.49664403,12.27588131 45.48498231,12.26280328 45.48535702))
3693_0_3_0_3	1327055.1577	POLYGON((12.26347744 45.49701889,12.26415202 45.50868073,12.27723543 45.50830571,12.27655816 45.49664403,12.26347744 45.49701889))
3693_0_3_0_0	1327071.5464	POLYGON((12.25039646 45.49739226,12.25106835 45.50905425,12.26415202 45.50868073,12.26347744 45.49701889,12.25039646 45.49739226))
3693_0_0_1_1	1327159.9751	POLYGON((12.19608909 45.46388283,12.19674899 45.47554551,12.20982561 45.47517842,12.20916302 45.46351589,12.19608909 45.46388283))
3693_0_0_1_2_1	331787.4448	POLYGON((12.20916302 45.46351589,12.20949426 45.46934716,12.2160318 45.46916309,12.21569989 45.46333186,12.20916302 45.46351589))
3693_0_0_1_2_2	331785.2577	POLYGON((12.21569989 45.46333186,12.2160318 45.46916309,12.22256928 45.46897865,12.2222367 45.46314746,12.21569989 45.46333186))
3693_0_0_1_2_3	331784.4999	POLYGON((12.2160318 45.46916309,12.21636382 45.47499432,12.22290197 45.47480984,12.22256928 45.46897865,12.2160318 45.46916309))
3693_0_0_1_2_0	331786.4229	POLYGON((12.20949426 45.46934716,12.20982561 45.47517842,12.21636382 45.47499432,12.2160318 45.46916309,12.20949426 45.46934716))
3693_0_0_1_3_1	331785.5462	POLYGON((12.20982561 45.47517842,12.21015705 45.48100968,12.21669594 45.48082553,12.21636382 45.47499432,12.20982561 45.47517842))
3693_0_0_1_3_2	331783.6108	POLYGON((12.21636382 45.47499432,12.21669594 45.48082553,12.22323476 45.48064102,12.22290197 45.47480984,12.21636382 45.47499432))
3693_0_0_1_3_3	331782.5437	POLYGON((12.21669594 45.48082553,12.21702816 45.48665674,12.22356765 45.48647219,12.22323476 45.48064102,12.21669594 45.48082553))
3693_0_0_1_3_0	331784.5847	POLYGON((12.21015705 45.48100968,12.2104886 45.48684092,12.21702816 45.48665674,12.21669594 45.48082553,12.21015705 45.48100968))
3693_0_0_1_0	1327152.8452	POLYGON((12.19674899 45.47554551,12.19740929 45.48720816,12.2104886 45.48684092,12.20982561 45.47517842,12.19674899 45.47554551))
3693_0_0_2	5308460.0332	POLYGON((12.2222367 45.46314746,12.22356765 45.48647219,12.24972499 45.48573024,12.24838328 45.46240611,12.2222367 45.46314746))
3693_0_0_3_1_1	331779.6216	POLYGON((12.22356765 45.48647219,12.22390064 45.49230335,12.23044075 45.49211839,12.23010708 45.48628726,12.22356765 45.48647219))
3693_0_0_3_1_2	331777.6069	POLYGON((12.23010708 45.48628726,12.23044075 45.49211839,12.23698079 45.49193305,12.23664645 45.48610196,12.23010708 45.48628726))
3693_0_0_3_1_3	331776.597	POLYGON((12.23044075 45.49211839,12.23077452 45.49794951,12.23731523 45.49776413,12.23698079 45.49193305,12.23044075 45.49211839))
3693_0_0_3_1_0	331778.6457	POLYGON((12.22390064 45.49230335,12.22423374 45.49813451,12.23077452 45.49794951,12.23044075 45.49211839,12.22390064 45.49230335))
3693_0_0_3_2_1	331775.4636	POLYGON((12.23664645 45.48610196,12.23698079 45.49193305,12.24352076 45.49174734,12.24318575 45.48591629,12.23664645 45.48610196))
3693_0_0_3_2_2	331773.2386	POLYGON((12.24318575 45.48591629,12.24352076 45.49174734,12.25006068 45.49156125,12.24972499 45.48573024,12.24318575 45.48591629))
3693_0_0_3_2_3	331772.429	POLYGON((12.24352076 45.49174734,12.24385588 45.49757838,12.25039646 45.49739226,12.25006068 45.49156125,12.24352076 45.49174734))
3693_0_0_3_2_0	331774.6234	POLYGON((12.23698079 45.49193305,12.23731523 45.49776413,12.24385588 45.49757838,12.24352076 45.49174734,12.23698079 45.49193305))
3693_0_0_3_3	1327088.58	POLYGON((12.23731523 45.49776413,12.23798442 45.50942627,12.25106835 45.50905425,12.25039646 45.49739226,12.23731523 45.49776413))
3693_0_0_3_0	1327105.1634	POLYGON((12.22423374 45.49813451,12.22490024 45.5097968,12.23798442 45.50942627,12.23731523 45.49776413,12.22423374 45.49813451))
3693_0_0_0_1	1327145.5949	POLYGON((12.19740929 45.48720816,12.19807 45.49887078,12.211152 45.49850339,12.2104886 45.48684092,12.19740929 45.48720816))
3693_0_0_0_2	1327129.1043	POLYGON((12.2104886 45.48684092,12.211152 45.49850339,12.22423374 45.49813451,12.22356765 45.48647219,12.2104886 45.48684092))
3693_0_0_0_3	1327121.8424	POLYGON((12.211152 45.49850339,12.2118158 45.51016583,12.22490024 45.5097968,12.22423374 45.49813451,12.211152 45.49850339))
3693_0_0_0_0	1327138.3613	POLYGON((12.19807 45.49887078,12.19873111 45.51053336,12.2118158 45.51016583,12.211152 45.49850339,12.19807 45.49887078))
3694	339657681.839	POLYGON((12.39683993 45.31790723,12.40805518 45.50447328,12.61731047 45.49803041,12.60541015 45.3115059,12.39683993 45.31790723))
3695_1_1	21229141.0561	POLYGON((12.40805518 45.50447328,12.4108762 45.5511135,12.46323974 45.54953611,12.46037561 45.50289844,12.40805518 45.50447328))
3695_1_2	21228001.3527	POLYGON((12.46037561 45.50289844,12.46323974 45.54953611,12.51559889 45.54793475,12.51269168 45.50129967,12.46037561 45.50289844))
3695_1_3	21227537.6792	POLYGON((12.46323974 45.54953611,12.4661109 45.59617325,12.51851325 45.59456931,12.51559889 45.54793475,12.46323974 45.54953611))
3695_1_0	21228677.0977	POLYGON((12.4108762 45.5511135,12.41370416 45.5977532,12.4661109 45.59617325,12.46323974 45.54953611,12.4108762 45.5511135))
3695_2_1	21226844.6157	POLYGON((12.51269168 45.50129967,12.51559889 45.54793475,12.56795361 45.54630945,12.56500333 45.499677,12.51269168 45.50129967))
3695_2_2	21225670.9439	POLYGON((12.56500333 45.499677,12.56795361 45.54630945,12.62030382 45.5446602,12.61731047 45.49803041,12.56500333 45.499677))
3695_2_3	21225207.1916	POLYGON((12.56795361 45.54630945,12.57091114 45.59294137,12.62330451 45.59128945,12.62030382 45.5446602,12.56795361 45.54630945))
3695_2_0	21226381.1736	POLYGON((12.51559889 45.54793475,12.51851325 45.59456931,12.57091114 45.59294137,12.56795361 45.54630945,12.51559889 45.54793475))
3695_3_1_1	5306580.5741	POLYGON((12.51851325 45.59456931,12.5199731 45.61788638,12.54618343 45.61707476,12.54471275 45.59375834,12.51851325 45.59456931))
3695_3_1_2	5306435.3151	POLYGON((12.54471275 45.59375834,12.54618343 45.61707476,12.57239263 45.61625713,12.57091114 45.59294137,12.54471275 45.59375834))
3695_3_1_3	5306377.0985	POLYGON((12.54618343 45.61707476,12.54765591 45.64039105,12.57387593 45.63957276,12.57239263 45.61625713,12.54618343 45.61707476))
3695_3_1_0	5306522.9266	POLYGON((12.5199731 45.61788638,12.52143476 45.64120333,12.54765591 45.64039105,12.54618343 45.61707476,12.5199731 45.61788638))
3695_3_2	21224743.5789	POLYGON((12.57091114 45.59294137,12.57387593 45.63957276,12.62631257 45.63791817,12.62330451 45.59128945,12.57091114 45.59294137))
3695_3_3	21224280.0786	POLYGON((12.57387593 45.63957276,12.57684801 45.68620362,12.62932803 45.68454634,12.62631257 45.63791817,12.57387593 45.63957276))
3695_3_0_1	5306464.7808	POLYGON((12.52143476 45.64120333,12.5228982 45.66452014,12.54913019 45.66370721,12.54765591 45.64039105,12.52143476 45.64120333))
3695_3_0_2	5306319.1717	POLYGON((12.54765591 45.64039105,12.54913019 45.66370721,12.57536106 45.66288826,12.57387593 45.63957276,12.54765591 45.64039105))
3695_3_0_3	5306261.2093	POLYGON((12.54913019 45.66370721,12.55060629 45.68702323,12.57684801 45.68620362,12.57536106 45.66288826,12.54913019 45.66370721))
3695_3_0_0	5306406.9232	POLYGON((12.5228982 45.66452014,12.52436345 45.68783683,12.55060629 45.68702323,12.54913019 45.66370721,12.5228982 45.66452014))
3695_0_1	21228213.5382	POLYGON((12.41370416 45.5977532,12.41653906 45.64439237,12.46898911 45.64280987,12.4661109 45.59617325,12.41370416 45.5977532))
3695_0_2	21227074.1143	POLYGON((12.4661109 45.59617325,12.46898911 45.64280987,12.52143476 45.64120333,12.51851325 45.59456931,12.4661109 45.59617325))
3695_0_3_1	5306752.915	POLYGON((12.46898911 45.64280987,12.47043087 45.66612798,12.49666509 45.66532707,12.49521249 45.6420096,12.46898911 45.64280987))
3695_0_3_2	5306609.4897	POLYGON((12.49521249 45.6420096,12.49666509 45.66532707,12.5228982 45.66452014,12.52143476 45.64120333,12.49521249 45.6420096))
3695_0_3_3	5306551.5636	POLYGON((12.49666509 45.66532707,12.49811948 45.6886444,12.52436345 45.68783683,12.5228982 45.66452014,12.49666509 45.66532707))
3695_0_3_0	5306694.8275	POLYGON((12.47043087 45.66612798,12.4718744 45.68944597,12.49811948 45.6886444,12.49666509 45.66532707,12.47043087 45.66612798))
3695_0_0	21227749.7802	POLYGON((12.41653906 45.64439237,12.41938094 45.69103103,12.4718744 45.68944597,12.46898911 45.64280987,12.41653906 45.64439237))
3696_1_1_1_1	1327131.0533	POLYGON((12.19873111 45.51053336,12.19939263 45.52219591,12.21248001 45.52182823,12.2118158 45.51016583,12.19873111 45.51053336))
3696_1_1_1_2	1327114.4342	POLYGON((12.2118158 45.51016583,12.21248001 45.52182823,12.22556714 45.52145905,12.22490024 45.5097968,12.2118158 45.51016583))
3696_1_1_1_3	1327107.3419	POLYGON((12.21248001 45.52182823,12.21314463 45.53349061,12.22623446 45.53312128,12.22556714 45.52145905,12.21248001 45.52182823))
3696_1_1_1_0	1327123.8545	POLYGON((12.19939263 45.52219591,12.20005455 45.53385844,12.21314463 45.53349061,12.21248001 45.52182823,12.19939263 45.52219591))
3696_1_1_2	5308344.0584	POLYGON((12.22490024 45.5097968,12.22623446 45.53312128,12.25241335 45.53237813,12.25106835 45.50905425,12.22490024 45.5097968))
3696_1_1_3	5308286.0519	POLYGON((12.22623446 45.53312128,12.22757032 45.55644563,12.25376 45.55570188,12.25241335 45.53237813,12.22623446 45.53312128))
3696_1_1_0	5308418.6778	POLYGON((12.20005455 45.53385844,12.20137962 45.55718339,12.22757032 45.55644563,12.22623446 45.53312128,12.20005455 45.53385844))
3696_1_2_1	5308210.28	POLYGON((12.25106835 45.50905425,12.25241335 45.53237813,12.27859121 45.53162898,12.27723543 45.50830571,12.25106835 45.50905425))
3696_1_2_2	5308075.3325	POLYGON((12.27723543 45.50830571,12.27859121 45.53162898,12.30476804 45.53087385,12.30340148 45.50755119,12.27723543 45.50830571))
3696_1_2_3	5308017.3596	POLYGON((12.27859121 45.53162898,12.27994865 45.55495213,12.30613627 45.55419639,12.30476804 45.53087385,12.27859121 45.53162898))
3696_1_2_0	5308152.2234	POLYGON((12.25241335 45.53237813,12.25376 45.55570188,12.27994865 45.55495213,12.27859121 45.53162898,12.25241335 45.53237813))
3696_1_3_1	5308094.2749	POLYGON((12.25376 45.55570188,12.25510831 45.5790255,12.28130776 45.57827515,12.27994865 45.55495213,12.25376 45.55570188))
3696_1_3_2	5307959.1863	POLYGON((12.27994865 45.55495213,12.28130776 45.57827515,12.30750618 45.5775188,12.30613627 45.55419639,12.27994865 45.55495213))
3696_1_3_3	5307901.3026	POLYGON((12.28130776 45.57827515,12.28266854 45.60159804,12.30887778 45.60084108,12.30750618 45.5775188,12.28130776 45.57827515))
3696_1_3_0	5308036.239	POLYGON((12.25510831 45.5790255,12.25645827 45.602349,12.28266854 45.60159804,12.28130776 45.57827515,12.25510831 45.5790255))
3696_1_0_1	5308360.955	POLYGON((12.20137962 45.55718339,12.20270631 45.58050821,12.22890782 45.57976986,12.22757032 45.55644563,12.20137962 45.55718339))
3696_1_0_2	5308228.0482	POLYGON((12.22757032 45.55644563,12.22890782 45.57976986,12.25510831 45.5790255,12.25376 45.55570188,12.22757032 45.55644563))
3696_1_0_3	5308169.9875	POLYGON((12.22890782 45.57976986,12.23024696 45.60309396,12.25645827 45.602349,12.25510831 45.5790255,12.22890782 45.57976986))
3696_1_0_0	5308302.8177	POLYGON((12.20270631 45.58050821,12.20403463 45.60383291,12.23024696 45.60309396,12.22890782 45.57976986,12.20270631 45.58050821))
3696_2_1_1	5307939.2288	POLYGON((12.30340148 45.50755119,12.30476804 45.53087385,12.33094382 45.53011274,12.32956649 45.50679069,12.30340148 45.50755119))
3696_2_1_2	5307802.1059	POLYGON((12.32956649 45.50679069,12.33094382 45.53011274,12.35711855 45.52934563,12.35573044 45.5060242,12.32956649 45.50679069))
3696_2_1_3	5307744.4446	POLYGON((12.33094382 45.53011274,12.33232284 45.55343466,12.35850836 45.55266693,12.35711855 45.52934563,12.33094382 45.53011274))
3696_2_1_0	5307881.1919	POLYGON((12.30476804 45.53087385,12.30613627 45.55419639,12.33232284 45.55343466,12.33094382 45.53011274,12.30476804 45.53087385))
3696_2_2	21230263.3331	POLYGON((12.35573044 45.5060242,12.35850836 45.55266693,12.4108762 45.5511135,12.40805518 45.50447328,12.35573044 45.5060242))
3696_2_3	21229799.7105	POLYGON((12.35850836 45.55266693,12.3612931 45.59930914,12.41370416 45.5977532,12.4108762 45.5511135,12.35850836 45.55266693))
3696_2_0_1	5307823.3083	POLYGON((12.30613627 45.55419639,12.30750618 45.5775188,12.33370356 45.57675645,12.33232284 45.55343466,12.30613627 45.55419639))
3696_2_0_2	5307686.2141	POLYGON((12.33232284 45.55343466,12.33370356 45.57675645,12.35989987 45.5759881,12.35850836 45.55266693,12.33232284 45.55343466))
3696_2_0_3	5307628.0497	POLYGON((12.33370356 45.57675645,12.33508597 45.60007811,12.3612931 45.59930914,12.35989987 45.5759881,12.33370356 45.57675645))
3696_2_0_0	5307765.4309	POLYGON((12.30750618 45.5775188,12.30887778 45.60084108,12.33508597 45.60007811,12.33370356 45.57675645,12.30750618 45.5775188))
3696_3_1_1	5307707.3698	POLYGON((12.30887778 45.60084108,12.31025106 45.62416323,12.33647007 45.62339965,12.33508597 45.60007811,12.30887778 45.60084108))
3696_3_1_2	5307570.2245	POLYGON((12.33508597 45.60007811,12.33647007 45.62339965,12.36268803 45.62263005,12.3612931 45.59930914,12.33508597 45.60007811))
3696_3_1_3	5307512.3516	POLYGON((12.33647007 45.62339965,12.33785588 45.64672105,12.36408468 45.64595084,12.36268803 45.62263005,12.33647007 45.62339965))
3696_3_1_0	5307649.2469	POLYGON((12.31025106 45.62416323,12.31162602 45.64748525,12.33785588 45.64672105,12.33647007 45.62339965,12.31025106 45.62416323))
3696_3_2_1	5307432.1685	POLYGON((12.3612931 45.59930914,12.36268803 45.62263005,12.38890492 45.62185445,12.38749916 45.59853417,12.3612931 45.59930914))
3696_3_2_2	5307292.8075	POLYGON((12.38749916 45.59853417,12.38890492 45.62185445,12.41512074 45.62107285,12.41370416 45.5977532,12.38749916 45.59853417))
3696_3_2_3	5307234.8565	POLYGON((12.38890492 45.62185445,12.39031241 45.64517461,12.41653906 45.64439237,12.41512074 45.62107285,12.38890492 45.62185445))
3696_3_2_0	5307374.1594	POLYGON((12.36268803 45.62263005,12.36408468 45.64595084,12.39031241 45.64517461,12.38890492 45.62185445,12.36268803 45.62263005))
3696_3_3	21228872.0248	POLYGON((12.36408468 45.64595084,12.36688312 45.69259202,12.41938094 45.69103103,12.41653906 45.64439237,12.36408468 45.64595084))
3696_3_0_1	5307591.3867	POLYGON((12.31162602 45.64748525,12.31300268 45.67080715,12.33924339 45.67004233,12.33785588 45.64672105,12.31162602 45.64748525))
3696_3_0_2	5307454.2184	POLYGON((12.33785588 45.64672105,12.33924339 45.67004233,12.36548304 45.66927149,12.36408468 45.64595084,12.33785588 45.64672105))
3696_3_0_3	5307396.4125	POLYGON((12.33924339 45.67004233,12.34063261 45.69336348,12.36688312 45.69259202,12.36548304 45.66927149,12.33924339 45.67004233))
3696_3_0_0	5307533.3732	POLYGON((12.31300268 45.67080715,12.31438103 45.69412892,12.34063261 45.69336348,12.33924339 45.67004233,12.31300268 45.67080715))
3696_0_1_1	5308244.8062	POLYGON((12.20403463 45.60383291,12.20536458 45.62715748,12.23158774 45.62641794,12.23024696 45.60309396,12.20403463 45.60383291))
3696_0_1_2	5308112.2043	POLYGON((12.23024696 45.60309396,12.23158774 45.62641794,12.25780988 45.62567238,12.25645827 45.602349,12.23024696 45.60309396))
3696_0_1_3	5308053.9979	POLYGON((12.23158774 45.62641794,12.23293018 45.64974178,12.25916316 45.64899562,12.25780988 45.62567238,12.23158774 45.62641794))
3696_0_1_0	5308186.7722	POLYGON((12.20536458 45.62715748,12.20669616 45.65048193,12.23293018 45.64974178,12.23158774 45.62641794,12.20536458 45.62715748))
3696_0_2_1	5307978.1261	POLYGON((12.25645827 45.602349,12.25780988 45.62567238,12.28403099 45.62492081,12.28266854 45.60159804,12.25645827 45.602349))
3696_0_2_2	5307843.2643	POLYGON((12.28266854 45.60159804,12.28403099 45.62492081,12.31025106 45.62416323,12.30887778 45.60084108,12.28266854 45.60159804))
3696_0_2_3	5307785.4221	POLYGON((12.28403099 45.62492081,12.28539511 45.64824344,12.31162602 45.64748525,12.31025106 45.62416323,12.28403099 45.62492081))
3696_0_2_0	5307920.3346	POLYGON((12.25780988 45.62567238,12.25916316 45.64899562,12.28539511 45.64824344,12.28403099 45.62492081,12.25780988 45.62567238))
3696_0_3_1_1	1326977.5009	POLYGON((12.25916316 45.64899562,12.25984042 45.6606572,12.27295924 45.66028171,12.27227927 45.64862028,12.25916316 45.64899562))
3696_0_3_1_2	1326960.7208	POLYGON((12.27227927 45.64862028,12.27295924 45.66028171,12.2860778 45.65990472,12.28539511 45.64824344,12.27227927 45.64862028))
3696_0_3_1_3	1326953.4575	POLYGON((12.27295924 45.66028171,12.27363964 45.6719431,12.28676091 45.67156595,12.2860778 45.65990472,12.27295924 45.66028171))
3696_0_3_1_0	1326970.255	POLYGON((12.25984042 45.6606572,12.2605181 45.67231874,12.27363964 45.6719431,12.27295924 45.66028171,12.25984042 45.6606572))
3696_0_3_2	5307727.4704	POLYGON((12.28539511 45.64824344,12.28676091 45.67156595,12.31300268 45.67080715,12.31162602 45.64748525,12.28539511 45.64824344))
3696_0_3_3	5307669.3075	POLYGON((12.28676091 45.67156595,12.28812839 45.69488834,12.31438103 45.69412892,12.31300268 45.67080715,12.28676091 45.67156595))
3696_0_3_0	5307804.3472	POLYGON((12.2605181 45.67231874,12.26187471 45.69564173,12.28812839 45.69488834,12.28676091 45.67156595,12.2605181 45.67231874))
3696_0_0_1_1	1327044.0314	POLYGON((12.20669616 45.65048193,12.20736257 45.66214411,12.22048242 45.66177464,12.2198133 45.65011261,12.20669616 45.65048193))
3696_0_0_1_2	1327027.6666	POLYGON((12.2198133 45.65011261,12.22048242 45.66177464,12.23360201 45.66140366,12.23293018 45.64974178,12.2198133 45.65011261))
3696_0_0_1_3_1	331756.5914	POLYGON((12.22048242 45.66177464,12.22081713 45.66760564,12.22737764 45.6674203,12.22704225 45.66158934,12.22048242 45.66177464))
3696_0_0_1_3_2	331754.4474	POLYGON((12.22704225 45.66158934,12.22737764 45.6674203,12.23393808 45.66723459,12.23360201 45.66140366,12.22704225 45.66158934))
3696_0_0_1_3_3	331753.6374	POLYGON((12.22737764 45.6674203,12.22771314 45.67325126,12.23427426 45.67306551,12.23393808 45.66723459,12.22737764 45.6674203))
3696_0_0_1_3_0	331755.4733	POLYGON((12.22081713 45.66760564,12.22115195 45.67343663,12.22771314 45.67325126,12.22737764 45.6674203,12.22081713 45.66760564))
3696_0_0_1_0	1327037.0024	POLYGON((12.20736257 45.66214411,12.20802938 45.67380625,12.22115195 45.67343663,12.22048242 45.66177464,12.20736257 45.66214411))
3696_0_0_2_1	1327010.9635	POLYGON((12.23293018 45.64974178,12.23360201 45.66140366,12.24672135 45.66103118,12.2460468 45.64936945,12.23293018 45.64974178))
3696_0_0_2_2	1326994.2034	POLYGON((12.2460468 45.64936945,12.24672135 45.66103118,12.25984042 45.6606572,12.25916316 45.64899562,12.2460468 45.64936945))
3696_0_0_2_3_1	331748.4833	POLYGON((12.24672135 45.66103118,12.24705878 45.66686203,12.25361903 45.66667519,12.25328092 45.66084438,12.24672135 45.66103118))
3696_0_0_2_3_2	331746.1701	POLYGON((12.25328092 45.66084438,12.25361903 45.66667519,12.26017921 45.66648797,12.25984042 45.6606572,12.25328092 45.66084438))
3696_0_0_2_3_3	331745.3263	POLYGON((12.25361903 45.66667519,12.25395724 45.672506,12.2605181 45.67231874,12.26017921 45.66648797,12.25361903 45.66667519))
3696_0_0_2_3_0	331747.1956	POLYGON((12.24705878 45.66686203,12.24739631 45.67269288,12.25395724 45.672506,12.25361903 45.66667519,12.24705878 45.66686203))
3696_0_0_2_0_1	331752.4278	POLYGON((12.23360201 45.66140366,12.23393808 45.66723459,12.24049846 45.6670485,12.24016171 45.66121761,12.23360201 45.66140366))
3696_0_0_2_0_2	331750.2331	POLYGON((12.24016171 45.66121761,12.24049846 45.6670485,12.24705878 45.66686203,12.24672135 45.66103118,12.24016171 45.66121761))
3696_0_0_2_0_3	331749.4633	POLYGON((12.24049846 45.6670485,12.24083532 45.67287938,12.24739631 45.67269288,12.24705878 45.66686203,12.24049846 45.6670485))
3696_0_0_2_0_0	331751.6029	POLYGON((12.23393808 45.66723459,12.23427426 45.67306551,12.24083532 45.67287938,12.24049846 45.6670485,12.23393808 45.66723459))
3696_0_0_3_1	1326996.4661	POLYGON((12.23427426 45.67306551,12.23494692 45.68472732,12.24807169 45.68435454,12.24739631 45.67269288,12.23427426 45.67306551))
3696_0_0_3_2	1326979.7123	POLYGON((12.24739631 45.67269288,12.24807169 45.68435454,12.2611962 45.68398025,12.2605181 45.67231874,12.24739631 45.67269288))
3696_0_0_3_3	1326972.5473	POLYGON((12.24807169 45.68435454,12.24874748 45.69601617,12.26187471 45.69564173,12.2611962 45.68398025,12.24807169 45.68435454))
3696_0_0_3_0	1326989.2541	POLYGON((12.23494692 45.68472732,12.23561999 45.6963891,12.24874748 45.69601617,12.24807169 45.68435454,12.23494692 45.68472732))
3696_0_0_0_1	1327029.4771	POLYGON((12.20802938 45.67380625,12.20869661 45.68546837,12.22182189 45.6850986,12.22115195 45.67343663,12.20802938 45.67380625))
3696_0_0_0_2	1327013.0708	POLYGON((12.22115195 45.67343663,12.22182189 45.6850986,12.23494692 45.68472732,12.23427426 45.67306551,12.22115195 45.67343663))
3696_0_0_0_3	1327005.7659	POLYGON((12.22182189 45.6850986,12.22249225 45.69676053,12.23561999 45.6963891,12.23494692 45.68472732,12.22182189 45.6850986))
3696_0_0_0_0	1327022.3094	POLYGON((12.20869661 45.68546837,12.20936424 45.69713045,12.22249225 45.69676053,12.22182189 45.6850986,12.20869661 45.68546837))
3701_3_3	21242803.208	POLYGON((11.91535855 45.09759513,11.91773813 45.1442609,11.96975299 45.14291904,11.96733114 45.09625544,11.91535855 45.09759513))
3701_3_0	21243771.3461	POLYGON((11.86338235 45.0989112,11.86571965 45.1455791,11.91773813 45.1442609,11.91535855 45.09759513,11.86338235 45.0989112))
3702_3_3	21238758.7771	POLYGON((12.12322662 45.09209467,12.12577522 45.13875153,12.17777496 45.13731508,12.17518413 45.09066054,12.12322662 45.09209467))
3702_3_0	21239795.947	POLYGON((12.07126524 45.09350521,12.0737716 45.14016435,12.12577522 45.13875153,12.12322662 45.09209467,12.07126524 45.09350521))
3702_0_3	21240815.4265	POLYGON((12.01930006 45.09489213,12.02176417 45.14155352,12.0737716 45.14016435,12.07126524 45.09350521,12.01930006 45.09489213))
3702_0_0	21241817.9919	POLYGON((11.96733114 45.09625544,11.96975299 45.14291904,12.02176417 45.14155352,12.01930006 45.09489213,11.96733114 45.09625544))
3703_1_1	21241353.4702	POLYGON((11.96975299 45.14291904,11.97218077 45.18958215,12.02423431 45.18821442,12.02176417 45.14155352,11.96975299 45.14291904))
3703_1_2	21240351.1894	POLYGON((12.02176417 45.14155352,12.02423431 45.18821442,12.07628409 45.186823,12.0737716 45.14016435,12.02176417 45.14155352))
3703_1_3	21239886.6914	POLYGON((12.02423431 45.18821442,12.02671049 45.23487483,12.07880272 45.23348116,12.07628409 45.186823,12.02423431 45.18821442))
3703_1_0	21240889.0696	POLYGON((11.97218077 45.18958215,11.97461448 45.23624478,12.02671049 45.23487483,12.02423431 45.18821442,11.97218077 45.18958215))
3703_2	84954348.0543	POLYGON((12.0737716 45.14016435,12.07880272 45.23348116,12.18297562 45.23062265,12.17777496 45.13731508,12.0737716 45.14016435))
3703_3_1	21238402.8112	POLYGON((12.07880272 45.23348116,12.08132752 45.28013883,12.13345846 45.27871914,12.13089112 45.23206377,12.07880272 45.23348116))
3703_3_2	21237366.1047	POLYGON((12.13089112 45.23206377,12.13345846 45.27871914,12.1855855 45.27727569,12.18297562 45.23062265,12.13089112 45.23206377))
3703_3_3	21236901.9444	POLYGON((12.13345846 45.27871914,12.13603209 45.32537401,12.18820176 45.32392823,12.1855855 45.27727569,12.13345846 45.27871914))
3703_3_0	21237938.3412	POLYGON((12.08132752 45.28013883,12.08385849 45.326796,12.13603209 45.32537401,12.13345846 45.27871914,12.08132752 45.28013883))
3703_0_1	21240424.6841	POLYGON((11.97461448 45.23624478,11.97705415 45.28290692,12.02919272 45.28153476,12.02671049 45.23487483,11.97461448 45.23624478))
3703_0_2	21239422.227	POLYGON((12.02671049 45.23487483,12.02919272 45.28153476,12.08132752 45.28013883,12.07880272 45.23348116,12.02671049 45.23487483))
3703_0_3	21238957.9598	POLYGON((12.02919272 45.28153476,12.03168104 45.32819419,12.08385849 45.326796,12.08132752 45.28013883,12.02919272 45.28153476))
3703_0_0	21239960.4789	POLYGON((11.97705415 45.28290692,11.97949979 45.32956857,12.03168104 45.32819419,12.02919272 45.28153476,11.97705415 45.28290692))
3704_2_1	21243306.8135	POLYGON((11.86571965 45.1455791,11.86806267 45.19224652,11.92012353 45.19092618,11.91773813 45.1442609,11.86571965 45.1455791))
3704_2_2	21242338.7709	POLYGON((11.91773813 45.1442609,11.92012353 45.19092618,11.97218077 45.18958215,11.96975299 45.14291904,11.91773813 45.1442609))
3704_2_3	21241874.2792	POLYGON((11.92012353 45.19092618,11.92251477 45.23759099,11.97461448 45.23624478,11.97218077 45.18958215,11.92012353 45.19092618))
3704_2_0_1	5310799.0452	POLYGON((11.86806267 45.19224652,11.86923632 45.21558005,11.89527782 45.21492231,11.89409355 45.19158931,11.86806267 45.19224652))
3704_2_0_2	5310679.3483	POLYGON((11.89409355 45.19158931,11.89527782 45.21492231,11.92131842 45.21425865,11.92012353 45.19092618,11.89409355 45.19158931))
3704_2_0_3	5310621.2053	POLYGON((11.89527782 45.21492231,11.89646354 45.23825519,11.92251477 45.23759099,11.92131842 45.21425865,11.89527782 45.21492231))
3704_2_0_0	5310741.1183	POLYGON((11.86923632 45.21558005,11.87041141 45.23891346,11.89646354 45.23825519,11.89527782 45.21492231,11.86923632 45.21558005))
3704_3_1	21242377.7778	POLYGON((11.87041141 45.23891346,11.87276591 45.28557992,11.92491186 45.28425531,11.92251477 45.23759099,11.87041141 45.23891346))
3704_3_2	21241409.6534	POLYGON((11.92251477 45.23759099,11.92491186 45.28425531,11.97705415 45.28290692,11.97461448 45.23624478,11.92251477 45.23759099))
3704_3_3	21240945.3183	POLYGON((11.92491186 45.28425531,11.92731482 45.33091915,11.97949979 45.32956857,11.97705415 45.28290692,11.92491186 45.28425531))
3704_3_0	21241913.1899	POLYGON((11.87276591 45.28557992,11.87512617 45.33224591,11.92731482 45.33091915,11.92491186 45.28425531,11.87276591 45.28557992))
3704_0_3	21242863.7009	POLYGON((11.82061638 45.28688076,11.82293393 45.33354885,11.87512617 45.33224591,11.87276591 45.28557992,11.82061638 45.28688076))
3705_1_2_2	5310569.7619	POLYGON((11.8490305 45.33290036,11.8502021 45.3562337,11.87630847 45.35557872,11.87512617 45.33224591,11.8490305 45.33290036))
3705_1_2_3_2	1327624.0336	POLYGON((11.8632554 45.35590695,11.86384442 45.36757345,11.87690017 45.36724508,11.87630847 45.35557872,11.8632554 45.35590695))
3705_1_2_3_3	1327616.8368	POLYGON((11.86384442 45.36757345,11.8644338 45.37923991,11.87749222 45.37891141,11.87690017 45.36724508,11.86384442 45.36757345))
3705_1_3_2_2_2	331901.9028	POLYGON((11.87096304 45.37907585,11.87125853 45.38490903,11.87778839 45.38474456,11.87749222 45.37891141,11.87096304 45.37907585))
3705_1_3_2_2_3	331901.045	POLYGON((11.87125853 45.38490903,11.87155412 45.39074221,11.87808464 45.39057771,11.87778839 45.38474456,11.87125853 45.38490903))
3705_1_3_2_3_2	331900.0187	POLYGON((11.87155412 45.39074221,11.87184979 45.39657539,11.87838098 45.39641085,11.87808464 45.39057771,11.87155412 45.39074221))
3705_1_3_2_3_3	331899.2614	POLYGON((11.87184979 45.39657539,11.87214556 45.40240855,11.87867742 45.40224398,11.87838098 45.39641085,11.87184979 45.39657539))
3705_1_3_3_2_2_1	82974.802	POLYGON((11.87214556 45.40240855,11.87229347 45.40532513,11.87555958 45.40524289,11.87541149 45.40232631,11.87214556 45.40240855))
3705_1_3_3_2_2_2	82974.4634	POLYGON((11.87541149 45.40232631,11.87555958 45.40524289,11.87882567 45.40516055,11.87867742 45.40224398,11.87541149 45.40232631))
3705_1_3_3_2_2_3	82974.3325	POLYGON((11.87555958 45.40524289,11.87570769 45.40815946,11.87897395 45.40807711,11.87882567 45.40516055,11.87555958 45.40524289))
3705_1_3_3_2_2_0	82974.528	POLYGON((11.87229347 45.40532513,11.87244141 45.40824171,11.87570769 45.40815946,11.87555958 45.40524289,11.87229347 45.40532513))
3705_1_3_3_2_3	331897.5164	POLYGON((11.87244141 45.40824171,11.87273736 45.41407486,11.87927056 45.41391022,11.87897395 45.40807711,11.87244141 45.40824171))
3705_1_3_3_3_1	331898.2484	POLYGON((11.86620409 45.41423912,11.86649946 45.4200723,11.87303339 45.419908,11.87273736 45.41407486,11.86620409 45.41423912))
3705_1_3_3_3_2	331896.4242	POLYGON((11.87273736 45.41407486,11.87303339 45.419908,11.87956727 45.41974333,11.87927056 45.41391022,11.87273736 45.41407486))
3705_1_3_3_3_3	331895.5486	POLYGON((11.87303339 45.419908,11.87332952 45.42574114,11.87986407 45.42557643,11.87956727 45.41974333,11.87303339 45.419908))
3705_1_3_3_3_0	331897.3107	POLYGON((11.86649946 45.4200723,11.86679492 45.42590547,11.87332952 45.42574114,11.87303339 45.419908,11.86649946 45.4200723))
3705_2_1_1	5310450.6064	POLYGON((11.87512617 45.33224591,11.87630847 45.35557872,11.90241394 45.35491778,11.90122095 45.3315855,11.87512617 45.33224591))
3705_2_1_2	5310330.9498	POLYGON((11.90122095 45.3315855,11.90241394 45.35491778,11.9285185 45.35425088,11.92731482 45.33091915,11.90122095 45.3315855))
3705_2_1_3	5310272.5602	POLYGON((11.90241394 45.35491778,11.9036084 45.37824994,11.92972366 45.3775825,11.9285185 45.35425088,11.90241394 45.35491778))
3705_2_1_0	5310392.8536	POLYGON((11.87630847 45.35557872,11.87749222 45.37891141,11.9036084 45.37824994,11.90241394 45.35491778,11.87630847 45.35557872))
3705_2_2_1	5310209.9518	POLYGON((11.92731482 45.33091915,11.9285185 45.35425088,11.95462214 45.35357803,11.95340777 45.33024684,11.92731482 45.33091915))
3705_2_2_2	5310087.8975	POLYGON((11.95340777 45.33024684,11.95462214 45.35357803,11.98072486 45.35289922,11.97949979 45.32956857,11.95340777 45.33024684))
3705_2_2_3	5310029.7359	POLYGON((11.95462214 45.35357803,11.95583801 45.3769091,11.98195143 45.37622974,11.98072486 45.35289922,11.95462214 45.35357803))
3705_2_2_0	5310151.96	POLYGON((11.9285185 45.35425088,11.92972366 45.3775825,11.95583801 45.3769091,11.95462214 45.35357803,11.9285185 45.35425088))
3705_2_3_1_1	1327534.6521	POLYGON((11.92972366 45.3775825,11.9303268 45.38924827,11.94338676 45.38891218,11.94278095 45.37724655,11.92972366 45.3775825))
3705_2_3_1_2	1327519.3442	POLYGON((11.94278095 45.37724655,11.94338676 45.38891218,11.9564465 45.38857459,11.95583801 45.3769091,11.94278095 45.37724655))
3705_2_3_1_3	1327512.2874	POLYGON((11.94338676 45.38891218,11.94399295 45.40057777,11.95705536 45.40024005,11.9564465 45.38857459,11.94338676 45.38891218))
3705_2_3_1_0	1327527.3459	POLYGON((11.9303268 45.38924827,11.9309303 45.400914,11.94399295 45.40057777,11.94338676 45.38891218,11.9303268 45.38924827))
3705_2_3_2	5309971.6784	POLYGON((11.95583801 45.3769091,11.95705536 45.40024005,11.9831795 45.39956014,11.98195143 45.37622974,11.95583801 45.3769091))
3705_2_3_3	5309913.6853	POLYGON((11.95705536 45.40024005,11.95827421 45.42357088,11.98440907 45.42289042,11.9831795 45.39956014,11.95705536 45.40024005))
3705_2_3_0_1	1327520.0141	POLYGON((11.9309303 45.400914,11.93153417 45.4125797,11.9445995 45.41224334,11.94399295 45.40057777,11.9309303 45.400914))
3705_2_3_0_2	1327505.0183	POLYGON((11.94399295 45.40057777,11.9445995 45.41224334,11.9576646 45.41190548,11.95705536 45.40024005,11.94399295 45.40057777))
3705_2_3_0_3	1327497.5737	POLYGON((11.9445995 45.41224334,11.94520643 45.42390888,11.95827421 45.42357088,11.9576646 45.41190548,11.9445995 45.41224334))
3705_2_3_0_0	1327512.9212	POLYGON((11.93153417 45.4125797,11.93213842 45.42424537,11.94520643 45.42390888,11.9445995 45.41224334,11.93153417 45.4125797))
3705_2_0_1_1	1327594.7311	POLYGON((11.87749222 45.37891141,11.87808464 45.39057771,11.89114552 45.39024759,11.89055042 45.37858142,11.87749222 45.37891141))
3705_2_0_1_2	1327579.7899	POLYGON((11.89055042 45.37858142,11.89114552 45.39024759,11.90420617 45.38991597,11.9036084 45.37824994,11.89055042 45.37858142))
3705_2_0_1_3	1327572.5272	POLYGON((11.89114552 45.39024759,11.89174098 45.40191372,11.90480432 45.40158197,11.90420617 45.38991597,11.89114552 45.39024759))
3705_2_0_1_0_1	331898.3679	POLYGON((11.87808464 45.39057771,11.87838098 45.39641085,11.88491212 45.39624594,11.88461511 45.39041284,11.87808464 45.39057771))
3705_2_0_1_0_2	331896.279	POLYGON((11.88461511 45.39041284,11.88491212 45.39624594,11.89144321 45.39608066,11.89114552 45.39024759,11.88461511 45.39041284))
3705_2_0_1_0_3	331895.4648	POLYGON((11.88491212 45.39624594,11.88520923 45.40207904,11.89174098 45.40191372,11.89144321 45.39608066,11.88491212 45.39624594))
3705_2_0_1_0_0	331897.2829	POLYGON((11.87838098 45.39641085,11.87867742 45.40224398,11.88520923 45.40207904,11.88491212 45.39624594,11.87838098 45.39641085))
3705_2_0_2_1	1327564.6857	POLYGON((11.9036084 45.37824994,11.90420617 45.38991597,11.9172666 45.38958286,11.91666614 45.37791697,11.9036084 45.37824994))
3705_2_0_2_2	1327549.9374	POLYGON((11.91666614 45.37791697,11.9172666 45.38958286,11.9303268 45.38924827,11.92972366 45.3775825,11.91666614 45.37791697))
3705_2_0_2_3	1327542.4596	POLYGON((11.9172666 45.38958286,11.91786742 45.40124873,11.9309303 45.400914,11.9303268 45.38924827,11.9172666 45.38958286))
3705_2_0_2_0	1327557.6743	POLYGON((11.90420617 45.38991597,11.90480432 45.40158197,11.91786742 45.40124873,11.9172666 45.38958286,11.90420617 45.38991597))
3705_2_0_3_1	1327550.3524	POLYGON((11.90480432 45.40158197,11.90540282 45.41324795,11.91846861 45.41291457,11.91786742 45.40124873,11.90480432 45.40158197))
3705_2_0_3_2	1327535.2844	POLYGON((11.91786742 45.40124873,11.91846861 45.41291457,11.93153417 45.4125797,11.9309303 45.400914,11.91786742 45.40124873))
3705_2_0_3_3	1327527.9998	POLYGON((11.91846861 45.41291457,11.91907017 45.42458038,11.93213842 45.42424537,11.93153417 45.4125797,11.91846861 45.41291457))
3705_2_0_3_0	1327542.9735	POLYGON((11.90540282 45.41324795,11.9060017 45.42491389,11.91907017 45.42458038,11.91846861 45.41291457,11.90540282 45.41324795))
3705_2_0_0_1_1	331896.4663	POLYGON((11.87867742 45.40224398,11.87897395 45.40807711,11.88550643 45.40791213,11.88520923 45.40207904,11.87867742 45.40224398))
3705_2_0_0_1_2	331894.6342	POLYGON((11.88520923 45.40207904,11.88550643 45.40791213,11.89203885 45.40774678,11.89174098 45.40191372,11.88520923 45.40207904))
3705_2_0_0_1_3	331893.7112	POLYGON((11.88550643 45.40791213,11.88580371 45.41374521,11.89233681 45.41357983,11.89203885 45.40774678,11.88550643 45.40791213))
3705_2_0_0_1_0	331895.4293	POLYGON((11.87897395 45.40807711,11.87927056 45.41391022,11.88580371 45.41374521,11.88550643 45.40791213,11.87897395 45.40807711))
3705_2_0_0_2_1	331892.7298	POLYGON((11.89174098 45.40191372,11.89203885 45.40774678,11.89857122 45.40758106,11.89827268 45.40174804,11.89174098 45.40191372))
3705_2_0_0_2_2	331890.8058	POLYGON((11.89827268 45.40174804,11.89857122 45.40758106,11.90510352 45.40741497,11.90480432 45.40158197,11.89827268 45.40174804))
3705_2_0_0_2_3	331889.827	POLYGON((11.89857122 45.40758106,11.89886984 45.41341408,11.90540282 45.41324795,11.90510352 45.40741497,11.89857122 45.40758106))
3705_2_0_0_2_0	331891.8167	POLYGON((11.89203885 45.40774678,11.89233681 45.41357983,11.89886984 45.41341408,11.89857122 45.40758106,11.89203885 45.40774678))
3705_2_0_0_3_1	331890.7832	POLYGON((11.89233681 45.41357983,11.89263486 45.41941287,11.89916857 45.41924709,11.89886984 45.41341408,11.89233681 45.41357983))
3705_2_0_0_3_2	331889.1662	POLYGON((11.89886984 45.41341408,11.89916857 45.41924709,11.90570222 45.41908092,11.90540282 45.41324795,11.89886984 45.41341408))
3705_2_0_0_3_3	331888.2016	POLYGON((11.89916857 45.41924709,11.89946738 45.42508009,11.9060017 45.42491389,11.90570222 45.41908092,11.89916857 45.41924709))
3705_2_0_0_3_0	331889.9173	POLYGON((11.89263486 45.41941287,11.892933 45.42524591,11.89946738 45.42508009,11.89916857 45.41924709,11.89263486 45.41941287))
3705_2_0_0_0_1	331894.6319	POLYGON((11.87927056 45.41391022,11.87956727 45.41974333,11.88610109 45.41957829,11.88580371 45.41374521,11.87927056 45.41391022))
3705_2_0_0_0_2	331892.7955	POLYGON((11.88580371 45.41374521,11.88610109 45.41957829,11.89263486 45.41941287,11.89233681 45.41357983,11.88580371 45.41374521))
3705_2_0_0_0_3	331891.7355	POLYGON((11.88610109 45.41957829,11.88639856 45.42541136,11.892933 45.42524591,11.89263486 45.41941287,11.88610109 45.41957829))
3705_2_0_0_0_0	331893.9745	POLYGON((11.87956727 45.41974333,11.87986407 45.42557643,11.88639856 45.42541136,11.88610109 45.41957829,11.87956727 45.41974333))
3705_3_1_1_1_1	331892.7077	POLYGON((11.87986407 45.42557643,11.88016096 45.43140953,11.88669612 45.43124442,11.88639856 45.42541136,11.87986407 45.42557643))
3705_3_1_1_1_2	331890.8151	POLYGON((11.88639856 45.42541136,11.88669612 45.43124442,11.89323123 45.43107894,11.892933 45.42524591,11.88639856 45.42541136))
3705_3_1_1_1_3	331890.2096	POLYGON((11.88669612 45.43124442,11.88699378 45.43707747,11.89352956 45.43691196,11.89323123 45.43107894,11.88669612 45.43124442))
3705_3_1_1_1_0	331891.8609	POLYGON((11.88016096 45.43140953,11.88045794 45.43724262,11.88699378 45.43707747,11.88669612 45.43124442,11.88016096 45.43140953))
3705_3_1_1_2	1327550.8043	POLYGON((11.892933 45.42524591,11.89352956 45.43691196,11.90660094 45.4365798,11.9060017 45.42491389,11.892933 45.42524591))
3705_3_1_1_3	1327543.6843	POLYGON((11.89352956 45.43691196,11.89412648 45.44857797,11.90720055 45.44824569,11.90660094 45.4365798,11.89352956 45.43691196))
3705_3_1_1_0	1327558.3931	POLYGON((11.88045794 45.43724262,11.88105218 45.44890877,11.89412648 45.44857797,11.89352956 45.43691196,11.88045794 45.43724262))
3705_3_1_2_1	1327535.7204	POLYGON((11.9060017 45.42491389,11.90660094 45.4365798,11.9196721 45.43624616,11.91907017 45.42458038,11.9060017 45.42491389))
3705_3_1_2_2	1327520.6851	POLYGON((11.91907017 45.42458038,11.9196721 45.43624616,11.93274303 45.43591102,11.93213842 45.42424537,11.91907017 45.42458038))
3705_3_1_2_3	1327513.3397	POLYGON((11.9196721 45.43624616,11.9202744 45.44791191,11.93334801 45.44757663,11.93274303 45.43591102,11.9196721 45.43624616))
3705_3_1_2_0	1327528.6395	POLYGON((11.90660094 45.4365798,11.90720055 45.44824569,11.9202744 45.44791191,11.9196721 45.43624616,11.90660094 45.4365798))
3705_3_1_3	5310040.8075	POLYGON((11.90720055 45.44824569,11.90840087 45.47157736,11.93455909 45.47090776,11.93334801 45.44757663,11.90720055 45.44824569))
3705_3_1_0_1	1327551.154	POLYGON((11.88105218 45.44890877,11.88164678 45.46057489,11.89472377 45.46024396,11.89412648 45.44857797,11.88105218 45.44890877))
3705_3_1_0_2	1327536.2009	POLYGON((11.89412648 45.44857797,11.89472377 45.46024396,11.90780053 45.45991154,11.90720055 45.44824569,11.89412648 45.44857797))
3705_3_1_0_3	1327528.7678	POLYGON((11.89472377 45.46024396,11.89532142 45.47190992,11.90840087 45.47157736,11.90780053 45.45991154,11.89472377 45.46024396))
3705_3_1_0_0	1327544.0626	POLYGON((11.88164678 45.46057489,11.88224174 45.47224098,11.89532142 45.47190992,11.89472377 45.46024396,11.88164678 45.46057489))
3705_3_2_1	5309977.8682	POLYGON((11.93213842 45.42424537,11.93334801 45.44757663,11.95949455 45.44690159,11.95827421 45.42357088,11.93213842 45.42424537))
3705_3_2_2	5309855.6992	POLYGON((11.95827421 45.42357088,11.95949455 45.44690159,11.98564016 45.44622058,11.98440907 45.42289042,11.95827421 45.42357088))
3705_3_2_3	5309797.5834	POLYGON((11.95949455 45.44690159,11.96071639 45.47023218,11.98687275 45.46955062,11.98564016 45.44622058,11.95949455 45.44690159))
3705_3_2_0	5309919.4083	POLYGON((11.93334801 45.44757663,11.93455909 45.47090776,11.96071639 45.47023218,11.95949455 45.44690159,11.93334801 45.44757663))
3705_3_3_1	5309861.6692	POLYGON((11.93455909 45.47090776,11.93577166 45.49423878,11.96193972 45.49356265,11.96071639 45.47023218,11.93455909 45.47090776))
3705_3_3_2	5309739.4736	POLYGON((11.96071639 45.47023218,11.96193972 45.49356265,11.98810685 45.49288053,11.98687275 45.46955062,11.96071639 45.47023218))
3705_3_3_3	5309681.5329	POLYGON((11.96193972 45.49356265,11.96316456 45.51689299,11.98934247 45.51621032,11.98810685 45.49288053,11.96193972 45.49356265))
3705_3_3_0	5309803.5103	POLYGON((11.93577166 45.49423878,11.93698571 45.51756967,11.96316456 45.51689299,11.96193972 45.49356265,11.93577166 45.49423878))
3705_3_0_1	5310102.5894	POLYGON((11.88224174 45.47224098,11.88343276 45.49557307,11.90960267 45.49490892,11.90840087 45.47157736,11.88224174 45.47224098))
3705_3_0_2	5309982.3736	POLYGON((11.90840087 45.47157736,11.90960267 45.49490892,11.93577166 45.49423878,11.93455909 45.47090776,11.90840087 45.47157736))
3705_3_0_3	5309924.7185	POLYGON((11.90960267 45.49490892,11.91080594 45.51824035,11.93698571 45.51756967,11.93577166 45.49423878,11.90960267 45.49490892))
3705_3_0_0	5310044.1039	POLYGON((11.88343276 45.49557307,11.88462524 45.51890504,11.91080594 45.51824035,11.90960267 45.49490892,11.88343276 45.49557307))
3705_0_2_2_2	1327580.7046	POLYGON((11.86679492 45.42590547,11.8673861 45.43757178,11.88045794 45.43724262,11.87986407 45.42557643,11.86679492 45.42590547))
3705_0_2_2_3	1327573.1931	POLYGON((11.8673861 45.43757178,11.86797765 45.44923807,11.88105218 45.44890877,11.88045794 45.43724262,11.8673861 45.43757178))
3705_0_2_3	5310279.3835	POLYGON((11.85490289 45.44956587,11.8560817 45.47289861,11.88224174 45.47224098,11.88105218 45.44890877,11.85490289 45.44956587))
3705_0_3	21241006.0333	POLYGON((11.82992075 45.47355026,11.83226113 45.52021645,11.88462524 45.51890504,11.88224174 45.47224098,11.82992075 45.47355026))
3706_1_1_1	5309964.67	POLYGON((11.97949979 45.32956857,11.98072486 45.35289922,12.00682664 45.35221445,12.00559089 45.32888436,11.97949979 45.32956857))
3706_1_1_2	5309840.3449	POLYGON((12.00559089 45.32888436,12.00682664 45.35221445,12.03292748 45.35152372,12.03168104 45.32819419,12.00559089 45.32888436))
3706_1_1_3	5309782.5578	POLYGON((12.00682664 45.35221445,12.00806391 45.37554442,12.03417545 45.37485313,12.03292748 45.35152372,12.00682664 45.35221445))
3706_1_1_0	5309906.6028	POLYGON((11.98072486 45.35289922,11.98195143 45.37622974,12.00806391 45.37554442,12.00682664 45.35221445,11.98072486 45.35289922))
3706_1_2	21238493.5756	POLYGON((12.03168104 45.32819419,12.03417545 45.37485313,12.08639567 45.37345268,12.08385849 45.326796,12.03168104 45.32819419))
3706_1_3_1	5309599.1347	POLYGON((12.03417545 45.37485313,12.03542495 45.39818242,12.06154625 45.39748461,12.06028604 45.37415589,12.03417545 45.37485313))
3706_1_3_2	5309472.8488	POLYGON((12.06028604 45.37415589,12.06154625 45.39748461,12.08766659 45.39678083,12.08639567 45.37345268,12.06028604 45.37415589))
3706_1_3_3	5309414.9206	POLYGON((12.06154625 45.39748461,12.06280801 45.42081321,12.08893907 45.42010887,12.08766659 45.39678083,12.06154625 45.39748461))
3706_1_3_0	5309541.0192	POLYGON((12.03542495 45.39818242,12.03667598 45.42151158,12.06280801 45.42081321,12.06154625 45.39748461,12.03542495 45.39818242))
3706_1_0_1	5309848.7039	POLYGON((11.98195143 45.37622974,11.9831795 45.39956014,12.0093027 45.39887426,12.00806391 45.37554442,11.98195143 45.37622974))
3706_1_0_2	5309724.364	POLYGON((12.00806391 45.37554442,12.0093027 45.39887426,12.03542495 45.39818242,12.03417545 45.37485313,12.00806391 45.37554442))
3706_1_0_3	5309666.3397	POLYGON((12.0093027 45.39887426,12.010543 45.42220399,12.03667598 45.42151158,12.03542495 45.39818242,12.0093027 45.39887426))
3706_1_0_0	5309790.6372	POLYGON((11.9831795 45.39956014,11.98440907 45.42289042,12.010543 45.42220399,12.0093027 45.39887426,11.9831795 45.39956014))
3706_2_1	21237474.357	POLYGON((12.08385849 45.326796,12.08639567 45.37345268,12.13861202 45.37202839,12.13603209 45.32537401,12.08385849 45.326796))
3706_2_2	21236437.4578	POLYGON((12.13603209 45.32537401,12.13861202 45.37202839,12.19082444 45.37058026,12.18820176 45.32392823,12.13603209 45.32537401))
3706_2_3	21235973.3869	POLYGON((12.13861202 45.37202839,12.14119828 45.41868227,12.19345354 45.4172318,12.19082444 45.37058026,12.13861202 45.37202839))
3706_2_0	21237009.8742	POLYGON((12.08639567 45.37345268,12.08893907 45.42010887,12.14119828 45.41868227,12.13861202 45.37202839,12.08639567 45.37345268))
3706_3_1_1	5309229.2194	POLYGON((12.08893907 45.42010887,12.09021311 45.44343677,12.11635394 45.44272588,12.11506917 45.41939855,12.08893907 45.42010887))
3706_3_1_2	5309100.8474	POLYGON((12.11506917 45.41939855,12.11635394 45.44272588,12.14249379 45.44200902,12.14119828 45.41868227,12.11506917 45.41939855))
3706_3_1_3	5309042.8616	POLYGON((12.11635394 45.44272588,12.11764029 45.46605309,12.14379088 45.46533565,12.14249379 45.44200902,12.11635394 45.44272588))
3706_3_1_0	5309171.3026	POLYGON((12.09021311 45.44343677,12.09148871 45.46676456,12.11764029 45.46605309,12.11635394 45.44272588,12.09021311 45.44343677))
3706_3_2	21235509.2795	POLYGON((12.14119828 45.41868227,12.14379088 45.46533565,12.19608909 45.46388283,12.19345354 45.4172318,12.14119828 45.41868227))
3706_3_3_1	5308855.1128	POLYGON((12.14379088 45.46533565,12.14508957 45.48866215,12.17124993 45.48793815,12.16994049 45.46461223,12.14379088 45.46533565))
3706_3_3_2_1	1327193.0271	POLYGON((12.16994049 45.46461223,12.17059501 45.4762752,12.18367212 45.4759111,12.18301492 45.46424828,12.16994049 45.46461223))
3706_3_3_2_2	1327176.6408	POLYGON((12.18301492 45.46424828,12.18367212 45.4759111,12.19674899 45.47554551,12.19608909 45.46388283,12.18301492 45.46424828))
3706_3_3_2_3	1327169.2844	POLYGON((12.18367212 45.4759111,12.18432974 45.4875739,12.19740929 45.48720816,12.19674899 45.47554551,12.18367212 45.4759111))
3706_3_3_2_0	1327185.603	POLYGON((12.17059501 45.4762752,12.17124993 45.48793815,12.18432974 45.4875739,12.18367212 45.4759111,12.17059501 45.4762752))
3706_3_3_3	5308666.5257	POLYGON((12.17124993 45.48793815,12.17256098 45.51126394,12.19873111 45.51053336,12.19740929 45.48720816,12.17124993 45.48793815))
3706_3_3_0	5308797.0842	POLYGON((12.14508957 45.48866215,12.14638984 45.51198853,12.17256098 45.51126394,12.17124993 45.48793815,12.14508957 45.48866215))
3706_3_0_1	5309113.1934	POLYGON((12.09148871 45.46676456,12.09276587 45.49009222,12.11892821 45.48938018,12.11764029 45.46605309,12.09148871 45.46676456))
3706_3_0_2	5308984.8948	POLYGON((12.11764029 45.46605309,12.11892821 45.48938018,12.14508957 45.48866215,12.14379088 45.46533565,12.11764029 45.46605309))
3706_3_0_3	5308926.7467	POLYGON((12.11892821 45.48938018,12.12021771 45.51270713,12.14638984 45.51198853,12.14508957 45.48866215,12.11892821 45.48938018))
3706_3_0_0	5309055.2484	POLYGON((12.09276587 45.49009222,12.0940446 45.51341975,12.12021771 45.51270713,12.11892821 45.48938018,12.09276587 45.49009222))
3706_0_1_1	5309732.3955	POLYGON((11.98440907 45.42289042,11.98564016 45.44622058,12.01178482 45.44553359,12.010543 45.42220399,11.98440907 45.42289042))
3706_0_1_2	5309608.2244	POLYGON((12.010543 45.42220399,12.01178482 45.44553359,12.03792854 45.44484063,12.03667598 45.42151158,12.010543 45.42220399))
3706_0_1_3	5309550.3543	POLYGON((12.01178482 45.44553359,12.01302817 45.46886307,12.03918264 45.46816955,12.03792854 45.44484063,12.01178482 45.44553359))
3706_0_1_0	5309674.6517	POLYGON((11.98564016 45.44622058,11.98687275 45.46955062,12.01302817 45.46886307,12.01178482 45.44553359,11.98564016 45.44622058))
3706_0_2_1	5309483.2177	POLYGON((12.03667598 45.42151158,12.03792854 45.44484063,12.06407131 45.44414169,12.06280801 45.42081321,12.03667598 45.42151158))
3706_0_2_2	5309356.7182	POLYGON((12.06280801 45.42081321,12.06407131 45.44414169,12.09021311 45.44343677,12.08893907 45.42010887,12.06280801 45.42081321))
3706_0_2_3	5309298.4925	POLYGON((12.06407131 45.44414169,12.06533616 45.46747004,12.09148871 45.46676456,12.09021311 45.44343677,12.06407131 45.44414169))
3706_0_2_0	5309425.0638	POLYGON((12.03792854 45.44484063,12.03918264 45.46816955,12.06533616 45.46747004,12.06407131 45.44414169,12.03792854 45.44484063))
3706_0_3_1	5309366.9095	POLYGON((12.03918264 45.46816955,12.04043828 45.49149834,12.06660256 45.49079827,12.06533616 45.46747004,12.03918264 45.46816955))
3706_0_3_2	5309240.719	POLYGON((12.06533616 45.46747004,12.06660256 45.49079827,12.09276587 45.49009222,12.09148871 45.46676456,12.06533616 45.46747004))
3706_0_3_3	5309182.8007	POLYGON((12.06660256 45.49079827,12.06787051 45.51412638,12.0940446 45.51341975,12.09276587 45.49009222,12.06660256 45.49079827))
3706_0_3_0	5309308.8674	POLYGON((12.04043828 45.49149834,12.04169546 45.51482702,12.06787051 45.51412638,12.06660256 45.49079827,12.04043828 45.49149834))
3706_0_0_1	5309616.3896	POLYGON((11.98687275 45.46955062,11.98810685 45.49288053,12.01427304 45.49219243,12.01302817 45.46886307,11.98687275 45.46955062))
3706_0_0_2	5309492.3963	POLYGON((12.01302817 45.46886307,12.01427304 45.49219243,12.04043828 45.49149834,12.03918264 45.46816955,12.01302817 45.46886307))
3706_0_0_3	5309434.1674	POLYGON((12.01427304 45.49219243,12.01551944 45.51552167,12.04169546 45.51482702,12.04043828 45.49149834,12.01427304 45.49219243))
3706_0_0_0	5309558.3327	POLYGON((11.98810685 45.49288053,11.98934247 45.51621032,12.01551944 45.51552167,12.01427304 45.49219243,11.98810685 45.49288053))
3707_1_1	21237638.632	POLYGON((11.98934247 45.51621032,11.99181826 45.56286954,12.04421444 45.561484,12.04169546 45.51482702,11.98934247 45.51621032))
3707_1_2_1	5309251.0202	POLYGON((12.04169546 45.51482702,12.04295417 45.53815557,12.06914002 45.53745436,12.06787051 45.51412638,12.04169546 45.51482702))
3707_1_2_2	5309124.561	POLYGON((12.06787051 45.51412638,12.06914002 45.53745436,12.0953249 45.53674716,12.0940446 45.51341975,12.06787051 45.51412638))
3707_1_2_3	5309066.5909	POLYGON((12.06914002 45.53745436,12.07041109 45.56078222,12.09660677 45.56007445,12.0953249 45.53674716,12.06914002 45.53745436))
3707_1_2_0	5309192.9439	POLYGON((12.04295417 45.53815557,12.04421444 45.561484,12.07041109 45.56078222,12.06914002 45.53745436,12.04295417 45.53815557))
3707_1_3_1	5309134.8224	POLYGON((12.04421444 45.561484,12.04547625 45.5848123,12.07168372 45.58410996,12.07041109 45.56078222,12.04421444 45.561484))
3707_1_3_2	5309008.4187	POLYGON((12.07041109 45.56078222,12.07168372 45.58410996,12.09789021 45.58340162,12.09660677 45.56007445,12.07041109 45.56078222))
3707_1_3_3	5308950.6371	POLYGON((12.07168372 45.58410996,12.07295791 45.60743757,12.09917523 45.60672866,12.09789021 45.58340162,12.07168372 45.58410996))
3707_1_3_0	5309076.8837	POLYGON((12.04547625 45.5848123,12.04673961 45.60814048,12.07295791 45.60743757,12.07168372 45.58410996,12.04547625 45.5848123))
3707_1_0	21237174.2622	POLYGON((11.99181826 45.56286954,11.99430013 45.60952827,12.04673961 45.60814048,12.04421444 45.561484,11.99181826 45.56286954))
3707_2_1_1	5308997.1169	POLYGON((12.0940446 45.51341975,12.0953249 45.53674716,12.1215088 45.53603397,12.12021771 45.51270713,12.0940446 45.51341975))
3707_2_1_2	5308868.6386	POLYGON((12.12021771 45.51270713,12.1215088 45.53603397,12.14769171 45.53531478,12.14638984 45.51198853,12.12021771 45.51270713))
3707_2_1_3	5308810.6823	POLYGON((12.1215088 45.53603397,12.12280147 45.55936068,12.14899519 45.55864091,12.14769171 45.53531478,12.1215088 45.53603397))
3707_2_1_0	5308939.2867	POLYGON((12.0953249 45.53674716,12.09660677 45.56007445,12.12280147 45.55936068,12.1215088 45.53603397,12.0953249 45.53674716))
3707_2_2_1	5308739.4407	POLYGON((12.14638984 45.51198853,12.14769171 45.53531478,12.17387363 45.53458961,12.17256098 45.51126394,12.14638984 45.51198853))
3707_2_2_2	5308608.4671	POLYGON((12.17256098 45.51126394,12.17387363 45.53458961,12.20005455 45.53385844,12.19873111 45.51053336,12.17256098 45.51126394))
3707_2_2_3	5308550.7227	POLYGON((12.17387363 45.53458961,12.1751879 45.55791515,12.20137962 45.55718339,12.20005455 45.53385844,12.17387363 45.53458961))
3707_2_2_0	5308680.9719	POLYGON((12.14769171 45.53531478,12.14899519 45.55864091,12.1751879 45.55791515,12.17387363 45.53458961,12.14769171 45.53531478))
3707_2_3_1	5308623.3574	POLYGON((12.14899519 45.55864091,12.15030026 45.58196692,12.17650378 45.58124057,12.1751879 45.55791515,12.14899519 45.55864091))
3707_2_3_2	5308492.3246	POLYGON((12.1751879 45.55791515,12.17650378 45.58124057,12.20270631 45.58050821,12.20137962 45.55718339,12.1751879 45.55791515))
3707_2_3_3	5308434.7036	POLYGON((12.17650378 45.58124057,12.17782128 45.60456586,12.20403463 45.60383291,12.20270631 45.58050821,12.17650378 45.58124057))
3707_2_3_0	5308564.8945	POLYGON((12.15030026 45.58196692,12.15160693 45.6052928,12.17782128 45.60456586,12.17650378 45.58124057,12.15030026 45.58196692))
3707_2_0_1	5308881.2742	POLYGON((12.09660677 45.56007445,12.09789021 45.58340162,12.12409573 45.58268727,12.12280147 45.55936068,12.09660677 45.56007445))
3707_2_0_2	5308752.6474	POLYGON((12.12280147 45.55936068,12.12409573 45.58268727,12.15030026 45.58196692,12.14899519 45.55864091,12.12280147 45.55936068))
3707_2_0_3	5308694.835	POLYGON((12.12409573 45.58268727,12.12539158 45.60601373,12.15160693 45.6052928,12.15030026 45.58196692,12.12409573 45.58268727))
3707_2_0_0	5308823.1093	POLYGON((12.09789021 45.58340162,12.09917523 45.60672866,12.12539158 45.60601373,12.12409573 45.58268727,12.09789021 45.58340162))
3707_3_1	21234688.9886	POLYGON((12.09917523 45.60672866,12.10175001 45.65338237,12.15422509 45.65194418,12.15160693 45.6052928,12.09917523 45.60672866))
3707_3_2_1	5308507.2144	POLYGON((12.15160693 45.6052928,12.15291521 45.62861855,12.1791404 45.62789102,12.17782128 45.60456586,12.15160693 45.6052928))
3707_3_2_2	5308376.4543	POLYGON((12.17782128 45.60456586,12.1791404 45.62789102,12.20536458 45.62715748,12.20403463 45.60383291,12.17782128 45.60456586))
3707_3_2_3	5308318.539	POLYGON((12.1791404 45.62789102,12.18046113 45.65121606,12.20669616 45.65048193,12.20536458 45.62715748,12.1791404 45.62789102))
3707_3_2_0	5308449.1794	POLYGON((12.15291521 45.62861855,12.15422509 45.65194418,12.18046113 45.65121606,12.1791404 45.62789102,12.15291521 45.62861855))
3707_3_3_1	5308391.152	POLYGON((12.15422509 45.65194418,12.15553658 45.67526969,12.18178349 45.67454098,12.18046113 45.65121606,12.15422509 45.65194418))
3707_3_3_2	5308260.3902	POLYGON((12.18046113 45.65121606,12.18178349 45.67454098,12.20802938 45.67380625,12.20669616 45.65048193,12.18046113 45.65121606))
3707_3_3_3	5308202.6214	POLYGON((12.18178349 45.67454098,12.18310747 45.69786577,12.20936424 45.69713045,12.20802938 45.67380625,12.18178349 45.67454098))
3707_3_3_0	5308332.9809	POLYGON((12.15553658 45.67526969,12.15684969 45.69859507,12.18310747 45.69786577,12.18178349 45.67454098,12.15553658 45.67526969))
3707_3_0_1	5308649.2247	POLYGON((12.10175001 45.65338237,12.10303977 45.67670903,12.12928868 45.67599237,12.12798805 45.65266628,12.10175001 45.65338237))
3707_3_0_2	5308520.6087	POLYGON((12.12798805 45.65266628,12.12928868 45.67599237,12.15553658 45.67526969,12.15422509 45.65194418,12.12798805 45.65266628))
3707_3_0_3	5308462.728	POLYGON((12.12928868 45.67599237,12.1305909 45.69931834,12.15684969 45.69859507,12.15553658 45.67526969,12.12928868 45.67599237))
3707_3_0_0	5308591.1072	POLYGON((12.10303977 45.67670903,12.10433112 45.70003558,12.1305909 45.69931834,12.12928868 45.67599237,12.10303977 45.67670903))
3707_0_1	21236710.3419	POLYGON((11.99430013 45.60952827,11.9967881 45.65618652,12.04927099 45.65479648,12.04673961 45.60814048,11.99430013 45.60952827))
3707_0_2	21235708.3178	POLYGON((12.04673961 45.60814048,12.04927099 45.65479648,12.10175001 45.65338237,12.09917523 45.60672866,12.04673961 45.60814048))
3707_0_3	21235244.1266	POLYGON((12.04927099 45.65479648,12.0518086 45.70145198,12.10433112 45.70003558,12.10175001 45.65338237,12.04927099 45.65479648))
3707_0_0	21236245.9972	POLYGON((11.9967881 45.65618652,11.99928219 45.70284427,12.0518086 45.70145198,12.04927099 45.65479648,11.9967881 45.65618652))
3708_1_2_2	5310105.1213	POLYGON((11.85844364 45.51956374,11.85962678 45.54289613,11.88581919 45.54223689,11.88462524 45.51890504,11.85844364 45.51956374))
3708_1_2_3	5310046.9074	POLYGON((11.85962678 45.54289613,11.86081138 45.56622839,11.8870146 45.56556863,11.88581919 45.54223689,11.85962678 45.54289613))
3708_1_3_2	5309989.1131	POLYGON((11.86081138 45.56622839,11.86199744 45.58956054,11.88821148 45.58890024,11.8870146 45.56556863,11.86081138 45.56622839))
3708_1_3_3	5309930.9985	POLYGON((11.86199744 45.58956054,11.86318495 45.61289256,11.88940983 45.61223173,11.88821148 45.58890024,11.86199744 45.58956054))
3708_2_1_1	5309986.5051	POLYGON((11.88462524 45.51890504,11.88581919 45.54223689,11.91201068 45.54157167,11.91080594 45.51824035,11.88462524 45.51890504))
3708_2_1_2	5309866.2786	POLYGON((11.91080594 45.51824035,11.91201068 45.54157167,11.93820125 45.54090044,11.93698571 45.51756967,11.91080594 45.51824035))
3708_2_1_3	5309808.4698	POLYGON((11.91201068 45.54157167,11.91321691 45.56490286,11.93941829 45.56423109,11.93820125 45.54090044,11.91201068 45.54157167))
3708_2_1_0	5309928.2433	POLYGON((11.88581919 45.54223689,11.8870146 45.56556863,11.91321691 45.56490286,11.91201068 45.54157167,11.88581919 45.54223689))
3708_2_2	21238623.4421	POLYGON((11.93698571 45.51756967,11.93941829 45.56423109,11.99181826 45.56286954,11.98934247 45.51621032,11.93698571 45.51756967))
3708_2_3	21238159.3509	POLYGON((11.93941829 45.56423109,11.94185684 45.61089202,11.99430013 45.60952827,11.99181826 45.56286954,11.93941829 45.56423109))
3708_2_0_1	5309870.1297	POLYGON((11.8870146 45.56556863,11.88821148 45.58890024,11.91442461 45.58823393,11.91321691 45.56490286,11.8870146 45.56556863))
3708_2_0_2	5309750.4882	POLYGON((11.91321691 45.56490286,11.91442461 45.58823393,11.94063682 45.58756162,11.93941829 45.56423109,11.91321691 45.56490286))
3708_2_0_3	5309692.0452	POLYGON((11.91442461 45.58823393,11.9156338 45.61156488,11.94185684 45.61089202,11.94063682 45.58756162,11.91442461 45.58823393))
3708_2_0_0	5309812.3533	POLYGON((11.88821148 45.58890024,11.88940983 45.61223173,11.9156338 45.61156488,11.91442461 45.58823393,11.88821148 45.58890024))
3708_3_1_1	5309754.0604	POLYGON((11.88940983 45.61223173,11.89060965 45.6355631,11.91684447 45.63489571,11.9156338 45.61156488,11.88940983 45.61223173))
3708_3_1_2	5309634.2957	POLYGON((11.9156338 45.61156488,11.91684447 45.63489571,11.94307837 45.63422231,11.94185684 45.61089202,11.9156338 45.61156488))
3708_3_1_3	5309576.3137	POLYGON((11.91684447 45.63489571,11.91805664 45.65822642,11.94430139 45.65755248,11.94307837 45.63422231,11.91684447 45.63489571))
3708_3_1_0	5309695.98	POLYGON((11.89060965 45.6355631,11.89181095 45.65889435,11.91805664 45.65822642,11.91684447 45.63489571,11.89060965 45.6355631))
3708_3_2_1	5309513.4461	POLYGON((11.94185684 45.61089202,11.94307837 45.63422231,11.96931133 45.63354289,11.96807896 45.61021315,11.94185684 45.61089202))
3708_3_2_2	5309391.0977	POLYGON((11.96807896 45.61021315,11.96931133 45.63354289,11.99554335 45.63285746,11.99430013 45.60952827,11.96807896 45.61021315))
3708_3_2_3	5309333.4543	POLYGON((11.96931133 45.63354289,11.97054522 45.65687251,11.9967881 45.65618652,11.99554335 45.63285746,11.96931133 45.63354289))
3708_3_2_0	5309455.2004	POLYGON((11.94307837 45.63422231,11.94430139 45.65755248,11.97054522 45.65687251,11.96931133 45.63354289,11.94307837 45.63422231))
3708_3_3_1	5309397.2044	POLYGON((11.94430139 45.65755248,11.94552592 45.68088252,11.97178062 45.680202,11.97054522 45.65687251,11.94430139 45.65755248))
3708_3_3_2	5309275.1737	POLYGON((11.97054522 45.65687251,11.97178062 45.680202,11.99803438 45.67951546,11.9967881 45.65618652,11.97054522 45.65687251))
3708_3_3_3	5309217.4171	POLYGON((11.97178062 45.680202,11.97301755 45.70353137,11.99928219 45.70284427,11.99803438 45.67951546,11.97178062 45.680202))
3708_3_3_0	5309339.1688	POLYGON((11.94552592 45.68088252,11.94675196 45.70421244,11.97301755 45.70353137,11.97178062 45.680202,11.94552592 45.68088252))
3708_3_0_1	5309638.1762	POLYGON((11.89181095 45.65889435,11.89301372 45.68222548,11.91927029 45.68155701,11.91805664 45.65822642,11.89181095 45.65889435))
3708_3_0_2_1	1327390.6648	POLYGON((11.91805664 45.65822642,11.91866328 45.66989173,11.93178849 45.66955538,11.93117913 45.6578902,11.91805664 45.65822642))
3708_3_0_2_2	1327375.6866	POLYGON((11.93117913 45.6578902,11.93178849 45.66955538,11.94491347 45.66921751,11.94430139 45.65755248,11.93117913 45.6578902))
3708_3_0_2_3	1327368.4267	POLYGON((11.93178849 45.66955538,11.93239822 45.68122052,11.94552592 45.68088252,11.94491347 45.66921751,11.93178849 45.66955538))
3708_3_0_2_0	1327383.3618	POLYGON((11.91866328 45.66989173,11.91927029 45.68155701,11.93239822 45.68122052,11.93178849 45.66955538,11.91866328 45.66989173))
3708_3_0_3	5309460.19	POLYGON((11.91927029 45.68155701,11.92048543 45.70488748,11.94675196 45.70421244,11.94552592 45.68088252,11.91927029 45.68155701))
3708_3_0_0	5309580.05	POLYGON((11.89301372 45.68222548,11.89421798 45.70555649,11.92048543 45.70488748,11.91927029 45.68155701,11.89301372 45.68222548))
3708_0_2_2	5309872.9424	POLYGON((11.86318495 45.61289256,11.86437391 45.63622447,11.89060965 45.6355631,11.88940983 45.61223173,11.86318495 45.61289256))
3708_0_2_3	5309814.8792	POLYGON((11.86437391 45.63622447,11.86556434 45.65955625,11.89181095 45.65889435,11.89060965 45.6355631,11.86437391 45.63622447))
3708_0_3	21239148.1321	POLYGON((11.83931683 45.66021213,11.84168031 45.70687641,11.89421798 45.70555649,11.89181095 45.65889435,11.83931683 45.66021213))
3717_1_2_2	5309640.7927	POLYGON((11.8679496 45.70621946,11.86914442 45.72955089,11.89542371 45.72888738,11.89421798 45.70555649,11.8679496 45.70621946))
3717_2_1_1	5309522.0488	POLYGON((11.89421798 45.70555649,11.89542371 45.72888738,11.92170207 45.72821783,11.92048543 45.70488748,11.89421798 45.70555649))
3717_2_1_2	5309402.1257	POLYGON((11.92048543 45.70488748,11.92170207 45.72821783,11.9479795 45.72754224,11.94675196 45.70421244,11.92048543 45.70488748))
3717_2_2	21236766.5284	POLYGON((11.94675196 45.70421244,11.94920855 45.75087192,12.00178242 45.74950154,11.99928219 45.70284427,11.94675196 45.70421244))
3718_1_1	21235781.8023	POLYGON((11.99928219 45.70284427,12.00178242 45.74950154,12.05435245 45.74810699,12.0518086 45.70145198,11.99928219 45.70284427))
3718_1_2	21234780.0222	POLYGON((12.0518086 45.70145198,12.05435245 45.74810699,12.10691858 45.74668829,12.10433112 45.70003558,12.0518086 45.70145198))
3718_2_1	21233761.0435	POLYGON((12.10433112 45.70003558,12.10691858 45.74668829,12.15948075 45.74524545,12.15684969 45.69859507,12.10433112 45.70003558))
3718_2_2	21232725.0318	POLYGON((12.15684969 45.69859507,12.15948075 45.74524545,12.21203889 45.74377846,12.20936424 45.69713045,12.15684969 45.69859507))
3729_1_1_1	5308012.9613	POLYGON((12.20936424 45.69713045,12.21070074 45.72045452,12.23696738 45.71971257,12.23561999 45.6963891,12.20936424 45.69713045))
3729_1_1_2_1	1326981.799	POLYGON((12.23561999 45.6963891,12.23629348 45.70805085,12.24942369 45.70767777,12.24874748 45.69601617,12.23561999 45.6963891))
3729_1_1_2_2	1326965.3907	POLYGON((12.24874748 45.69601617,12.24942369 45.70767777,12.26255364 45.70730318,12.26187471 45.69564173,12.24874748 45.69601617))
3729_1_1_2_3	1326957.899	POLYGON((12.24942369 45.70767777,12.25010031 45.71933934,12.26323298 45.7189646,12.26255364 45.70730318,12.24942369 45.70767777))
3729_1_1_2_0	1326974.7421	POLYGON((12.23629348 45.70805085,12.23696738 45.71971257,12.25010031 45.71933934,12.24942369 45.70767777,12.23629348 45.70805085))
3729_1_2_1	5307746.4455	POLYGON((12.26187471 45.69564173,12.26323298 45.7189646,12.28949755 45.71821059,12.28812839 45.69488834,12.26187471 45.69564173))
3729_1_2_2	5307611.1696	POLYGON((12.28812839 45.69488834,12.28949755 45.71821059,12.31576107 45.71745056,12.31438103 45.69412892,12.28812839 45.69488834))
3729_1_2_3	5307553.5613	POLYGON((12.28949755 45.71821059,12.29086839 45.74153272,12.31714281 45.74077207,12.31576107 45.71745056,12.28949755 45.71821059))
3729_2_1_1	5307475.5087	POLYGON((12.31438103 45.69412892,12.31576107 45.71745056,12.34202353 45.7166845,12.34063261 45.69336348,12.31438103 45.69412892))
3729_2_1_2	5307338.3008	POLYGON((12.34063261 45.69336348,12.34202353 45.7166845,12.36828493 45.71591241,12.36688312 45.69259202,12.34063261 45.69336348))
3729_2_1_3	5307280.5579	POLYGON((12.34202353 45.7166845,12.34341616 45.74000539,12.36968845 45.73923268,12.36828493 45.71591241,12.34202353 45.7166845))
3729_2_1_0	5307417.2451	POLYGON((12.31576107 45.71745056,12.31714281 45.74077207,12.34341616 45.74000539,12.34202353 45.7166845,12.31576107 45.71745056))
3729_2_2	21228408.1464	POLYGON((12.36688312 45.69259202,12.36968845 45.73923268,12.4222298 45.73766917,12.41938094 45.69103103,12.36688312 45.69259202))
3730_1_1	21227286.1125	POLYGON((12.41938094 45.69103103,12.4222298 45.73766917,12.47476679 45.73608154,12.4718744 45.68944597,12.41938094 45.69103103))
3730_1_2	21226146.7684	POLYGON((12.4718744 45.68944597,12.47476679 45.73608154,12.52729934 45.73446979,12.52436345 45.68783683,12.4718744 45.68944597))
3730_2_1	21224990.213	POLYGON((12.52436345 45.68783683,12.52729934 45.73446979,12.5798274 45.73283394,12.57684801 45.68620362,12.52436345 45.68783683))
3730_2_2	21223816.7842	POLYGON((12.57684801 45.68620362,12.5798274 45.73283394,12.6323509 45.73117398,12.62932803 45.68454634,12.57684801 45.68620362))
3733_1_1	21222625.7635	POLYGON((12.62932803 45.68454634,12.6323509 45.73117398,12.68486977 45.72948993,12.68180343 45.68286501,12.62932803 45.68454634))
3733_1_2	21221417.732	POLYGON((12.68180343 45.68286501,12.68486977 45.72948993,12.73738394 45.72778179,12.73427415 45.68115963,12.68180343 45.68286501))
3733_2_1	21220192.762	POLYGON((12.73427415 45.68115963,12.73738394 45.72778179,12.78989336 45.72604956,12.78674013 45.6794302,12.73427415 45.68115963))
3733_2_2	21218950.4349	POLYGON((12.78674013 45.6794302,12.78989336 45.72604956,12.84239795 45.72429326,12.83920129 45.67767673,12.78674013 45.6794302))
