20700	3693_3_0_2	0	0	0	0	0
20700	3693_3_1_2_3	91.2725	7.60604	7.60604	0.0320075	0.0320075
20700	3693_3_3_1	0	0	0	0	0
20700	3693_3_1_3_0	0	0	0	0	0
20700	3693_3_1_0	242.317	10.0966	10.0966	0.0354456	0.0354456
20700	3693_3_1_3_1	113.439	6.30218	6.30218	0.0199089	0.0199089
20700	3693_3_1_3_2	11.5123	3.83742	3.83742	0.0467495	0.0467495
20700	3693_3_1_1	67.7107	6.77107	6.77107	0.0337376	0.0337376
20700	3693_3_1_3_3	0	0	0	0	0
20700	3693_3_2_0	14.7774	3.69435	3.69435	0.0690739	0.0690739
20700	3693_3_2_1	53.3328	5.92586	5.92586	0.0716485	0.0716485
20700	3693_3_2_2	0	0	0	0	0
20700	3693_3_1_2_0	98.5419	6.56946	6.56946	0.026753	0.026753
20700	3693_3_1_2_1	0	0	0	0	0
20700	3693_3_2_3	8.54573	4.27287	4.27287	0.0951446	0.0951446
20700	3693_3_0_1	0	0	0	0	0
20700	3693_3_1_2_2	0	0	0	0	0
19800	3693_3_0_2	0	0	0	0	0
19800	3693_3_1_2_3	70.6004	6.41821	6.41821	0.0270089	0.0270089
19800	3693_3_3_1	0	0	0	0	0
19800	3693_3_1_3_0	0	0	0	0	0
19800	3693_3_1_0	188.494	8.97589	8.97589	0.0315112	0.0315112
19800	3693_3_1_3_1	69.0014	6.27285	6.27285	0.0198162	0.0198162
19800	3693_3_1_3_2	12.7558	4.25194	4.25194	0.0517994	0.0517994
19800	3693_3_1_1	48.5948	5.39943	5.39943	0.0269033	0.0269033
19800	3693_3_1_3_3	0	0	0	0	0
19800	3693_3_2_0	16.825	3.365	3.365	0.062916	0.062916
19800	3693_3_2_1	11.2952	3.76505	3.76505	0.0455225	0.0455225
19800	3693_3_2_2	3.17099	3.17099	3.17099	0.14662	0.14662
19800	3693_3_1_2_0	58.5456	6.50507	6.50507	0.0264908	0.0264908
19800	3693_3_1_2_1	0	0	0	0	0
19800	3693_3_2_3	0	0	0	0	0
19800	3693_3_0_1	0	0	0	0	0
19800	3693_3_1_2_2	0	0	0	0	0
48600	3693_3_0_2	15.9477	3.98693	3.98693	0.263376	0.263376
48600	3693_3_1_2_3	991.51	17.3949	17.3949	0.0732007	0.0732007
48600	3693_3_3_1	40.7842	4.07842	4.07842	0.249071	0.249071
48600	3693_3_1_3_0	3.79027	3.79027	3.79027	0.523452	0.523452
48600	3693_3_1_0	1235.23	12.6044	12.6044	0.0442496	0.0442496
48600	3693_3_1_3_1	1222.39	14.0505	14.0505	0.0443862	0.0443862
48600	3693_3_1_3_2	283.542	8.8607	8.8607	0.107946	0.107946
48600	3693_3_1_1	510.049	10.626	10.626	0.0529452	0.0529452
48600	3693_3_1_3_3	52.5182	4.77438	4.77438	0.213813	0.213813
48600	3693_3_2_0	158.867	6.90725	6.90725	0.129146	0.129146
48600	3693_3_2_1	265.392	8.56103	8.56103	0.10351	0.10351
48600	3693_3_2_2	51.8251	3.98655	3.98655	0.18433	0.18433
48600	3693_3_1_2_0	1026.33	17.1055	17.1055	0.0696591	0.0696591
48600	3693_3_1_2_1	54.1469	4.92245	4.92245	0.203164	0.203164
48600	3693_3_2_3	84.4363	5.62909	5.62909	0.125344	0.125344
48600	3693_3_0_1	0	0	0	0	0
48600	3693_3_1_2_2	3.78594	3.78594	3.78594	0.322573	0.322573
23400	3693_3_0_2	0	0	0	0	0
23400	3693_3_1_2_3	248.328	15.5205	15.5205	0.0653129	0.0653129
23400	3693_3_3_1	0	0	0	0	0
23400	3693_3_1_3_0	0	0	0	0	0
23400	3693_3_1_0	512.672	11.145	11.145	0.0391261	0.0391261
23400	3693_3_1_3_1	345.917	8.23612	8.23612	0.0260183	0.0260183
23400	3693_3_1_3_2	69.9294	5.82745	5.82745	0.070993	0.070993
23400	3693_3_1_1	218.288	10.9144	10.9144	0.0543822	0.0543822
23400	3693_3_1_3_3	3.65095	3.65095	3.65095	0.163502	0.163502
23400	3693_3_2_0	21.827	3.63783	3.63783	0.0680172	0.0680172
23400	3693_3_2_1	65.7082	6.57082	6.57082	0.0794466	0.0794466
23400	3693_3_2_2	15.2886	3.82216	3.82216	0.176729	0.176729
23400	3693_3_1_2_0	205.764	9.79828	9.79828	0.0399018	0.0399018
23400	3693_3_1_2_1	14.6925	3.67312	3.67312	0.151601	0.151601
23400	3693_3_2_3	15.1351	5.04503	5.04503	0.112338	0.112338
23400	3693_3_0_1	0	0	0	0	0
23400	3693_3_1_2_2	3.45473	3.45473	3.45473	0.294353	0.294353
52200	3693_3_0_2	35.5526	3.55526	3.55526	0.23486	0.23486
52200	3693_3_1_2_3	1005.6	17.9572	17.9572	0.0755669	0.0755669
52200	3693_3_3_1	52.8644	4.40537	4.40537	0.269038	0.269038
52200	3693_3_1_3_0	3.05388	3.05388	3.05388	0.421754	0.421754
52200	3693_3_1_0	1196.8	13.0087	13.0087	0.0456689	0.0456689
52200	3693_3_1_3_1	1387.43	13.737	13.737	0.0433959	0.0433959
52200	3693_3_1_3_2	301.232	8.85977	8.85977	0.107934	0.107934
52200	3693_3_1_1	496.551	11.2852	11.2852	0.0562298	0.0562298
52200	3693_3_1_3_3	66.6544	4.76103	4.76103	0.213215	0.213215
52200	3693_3_2_0	168.409	6.73634	6.73634	0.125951	0.125951
52200	3693_3_2_1	331.305	8.71854	8.71854	0.105414	0.105414
52200	3693_3_2_2	51.7696	5.17696	5.17696	0.239373	0.239373
52200	3693_3_1_2_0	1089.7	15.3479	15.3479	0.0625016	0.0625016
52200	3693_3_1_2_1	62.3588	4.79683	4.79683	0.19798	0.19798
52200	3693_3_2_3	94.903	5.58253	5.58253	0.124307	0.124307
52200	3693_3_0_1	0	0	0	0	0
52200	3693_3_1_2_2	6.49362	3.24681	3.24681	0.276637	0.276637
55800	3693_3_0_2	25.071	4.1785	4.1785	0.276031	0.276031
55800	3693_3_1_2_3	938.868	17.3864	17.3864	0.0731649	0.0731649
55800	3693_3_3_1	50.6296	4.21914	4.21914	0.257665	0.257665
55800	3693_3_1_3_0	0	0	0	0	0
55800	3693_3_1_0	1445.11	12.4578	12.4578	0.0437349	0.0437349
55800	3693_3_1_3_1	1487.76	14.5859	14.5859	0.0460776	0.0460776
55800	3693_3_1_3_2	370.852	8.42847	8.42847	0.10268	0.10268
55800	3693_3_1_1	570.107	9.34602	9.34602	0.0465676	0.0465676
55800	3693_3_1_3_3	65.4797	3.85175	3.85175	0.172494	0.172494
55800	3693_3_2_0	165.699	6.37305	6.37305	0.119158	0.119158
55800	3693_3_2_1	358.567	9.69101	9.69101	0.117172	0.117172
55800	3693_3_2_2	59.7488	5.43171	5.43171	0.251152	0.251152
55800	3693_3_1_2_0	1168.91	14.6113	14.6113	0.059502	0.059502
55800	3693_3_1_2_1	69.7622	4.98301	4.98301	0.205664	0.205664
55800	3693_3_2_3	96.6932	6.44621	6.44621	0.143539	0.143539
55800	3693_3_0_1	0	0	0	0	0
55800	3693_3_1_2_2	18.3174	3.66348	3.66348	0.312139	0.312139
84600	3693_3_0_2	0	0	0	0	0
84600	3693_3_1_2_3	51.7077	5.17077	5.17077	0.0217595	0.0217595
84600	3693_3_3_1	0	0	0	0	0
84600	3693_3_1_3_0	0	0	0	0	0
84600	3693_3_1_0	106.141	5.8967	5.8967	0.0207012	0.0207012
84600	3693_3_1_3_1	93.0217	5.81386	5.81386	0.0183663	0.0183663
84600	3693_3_1_3_2	3.06023	3.06023	3.06023	0.0372813	0.0372813
84600	3693_3_1_1	57.8398	4.81998	4.81998	0.0240161	0.0240161
84600	3693_3_1_3_3	0	0	0	0	0
84600	3693_3_2_0	0	0	0	0	0
84600	3693_3_2_1	0	0	0	0	0
84600	3693_3_2_2	0	0	0	0	0
84600	3693_3_1_2_0	71.4563	5.49664	5.49664	0.0223841	0.0223841
84600	3693_3_1_2_1	0	0	0	0	0
84600	3693_3_2_3	3.06436	3.06436	3.06436	0.0682346	0.0682346
84600	3693_3_0_1	0	0	0	0	0
84600	3693_3_1_2_2	0	0	0	0	0
13500	3693_3_0_2	0	0	0	0	0
13500	3693_3_1_2_3	8.16996	4.08498	4.08498	0.0171903	0.0171903
13500	3693_3_3_1	0	0	0	0	0
13500	3693_3_1_3_0	0	0	0	0	0
13500	3693_3_1_0	86.4989	6.17849	6.17849	0.0216905	0.0216905
13500	3693_3_1_3_1	7.30024	3.65012	3.65012	0.0115309	0.0115309
13500	3693_3_1_3_2	3.47429	3.47429	3.47429	0.0423256	0.0423256
13500	3693_3_1_1	30.6166	4.3738	4.3738	0.0217929	0.0217929
13500	3693_3_1_3_3	0	0	0	0	0
13500	3693_3_2_0	3.41524	3.41524	3.41524	0.0638554	0.0638554
13500	3693_3_2_1	0	0	0	0	0
13500	3693_3_2_2	0	0	0	0	0
13500	3693_3_1_2_0	20.36	4.07199	4.07199	0.0165825	0.0165825
13500	3693_3_1_2_1	0	0	0	0	0
13500	3693_3_2_3	0	0	0	0	0
13500	3693_3_0_1	0	0	0	0	0
13500	3693_3_1_2_2	0	0	0	0	0
45900	3693_3_0_2	14.5752	3.6438	3.6438	0.240709	0.240709
45900	3693_3_1_2_3	1034.4	19.517	19.517	0.0821308	0.0821308
45900	3693_3_3_1	49.828	4.15233	4.15233	0.253585	0.253585
45900	3693_3_1_3_0	0	0	0	0	0
45900	3693_3_1_0	1273.11	12.8596	12.8596	0.0451455	0.0451455
45900	3693_3_1_3_1	1303.18	14.4798	14.4798	0.0457424	0.0457424
45900	3693_3_1_3_2	318.016	9.93801	9.93801	0.12107	0.12107
45900	3693_3_1_1	544.936	11.8464	11.8464	0.059026	0.059026
45900	3693_3_1_3_3	54.6088	4.55074	4.55074	0.203798	0.203798
45900	3693_3_2_0	165.848	7.21078	7.21078	0.134821	0.134821
45900	3693_3_2_1	259.17	8.63899	8.63899	0.104452	0.104452
45900	3693_3_2_2	32.7948	4.09935	4.09935	0.189546	0.189546
45900	3693_3_1_2_0	1049.74	17.4956	17.4956	0.0712478	0.0712478
45900	3693_3_1_2_1	40.0568	4.45076	4.45076	0.183696	0.183696
45900	3693_3_2_3	102.376	6.82505	6.82505	0.151974	0.151974
45900	3693_3_0_1	0	0	0	0	0
45900	3693_3_1_2_2	8.01298	4.00649	4.00649	0.341364	0.341364
16200	3693_3_0_2	0	0	0	0	0
16200	3693_3_1_2_3	19.1721	3.83443	3.83443	0.0161359	0.0161359
16200	3693_3_3_1	0	0	0	0	0
16200	3693_3_1_3_0	0	0	0	0	0
16200	3693_3_1_0	80.9243	7.35676	7.35676	0.025827	0.025827
16200	3693_3_1_3_1	3.63055	3.63055	3.63055	0.0114691	0.0114691
16200	3693_3_1_3_2	0	0	0	0	0
16200	3693_3_1_1	3.65468	3.65468	3.65468	0.0182098	0.0182098
16200	3693_3_1_3_3	0	0	0	0	0
16200	3693_3_2_0	0	0	0	0	0
16200	3693_3_2_1	3.66974	3.66974	3.66974	0.0443702	0.0443702
16200	3693_3_2_2	0	0	0	0	0
16200	3693_3_1_2_0	3.04239	3.04239	3.04239	0.0123896	0.0123896
16200	3693_3_1_2_1	0	0	0	0	0
16200	3693_3_2_3	0	0	0	0	0
16200	3693_3_0_1	0	0	0	0	0
16200	3693_3_1_2_2	0	0	0	0	0
74700	3693_3_0_2	0	0	0	0	0
74700	3693_3_1_2_3	203.663	10.7191	10.7191	0.0451078	0.0451078
74700	3693_3_3_1	0	0	0	0	0
74700	3693_3_1_3_0	0	0	0	0	0
74700	3693_3_1_0	355.324	7.72443	7.72443	0.0271177	0.0271177
74700	3693_3_1_3_1	401.034	8.35488	8.35488	0.0263935	0.0263935
74700	3693_3_1_3_2	74.2558	5.30398	5.30398	0.0646159	0.0646159
74700	3693_3_1_1	249	6.225	6.225	0.0310168	0.0310168
74700	3693_3_1_3_3	0	0	0	0	0
74700	3693_3_2_0	26.7358	3.81939	3.81939	0.0714118	0.0714118
74700	3693_3_2_1	55.729	5.5729	5.5729	0.0673809	0.0673809
74700	3693_3_2_2	0	0	0	0	0
74700	3693_3_1_2_0	256.185	10.2474	10.2474	0.0417307	0.0417307
74700	3693_3_1_2_1	0	0	0	0	0
74700	3693_3_2_3	13.0049	4.33498	4.33498	0.0965277	0.0965277
74700	3693_3_0_1	0	0	0	0	0
74700	3693_3_1_2_2	0	0	0	0	0
45000	3693_3_0_2	10.7238	3.5746	3.5746	0.236137	0.236137
45000	3693_3_1_2_3	1004.24	22.3165	22.3165	0.0939116	0.0939116
45000	3693_3_3_1	49.772	4.14766	4.14766	0.2533	0.2533
45000	3693_3_1_3_0	3.15361	3.15361	3.15361	0.435527	0.435527
45000	3693_3_1_0	1243.9	13.9765	13.9765	0.0490665	0.0490665
45000	3693_3_1_3_1	1295.26	14.2336	14.2336	0.0449646	0.0449646
45000	3693_3_1_3_2	319.776	9.69019	9.69019	0.118051	0.118051
45000	3693_3_1_1	594.965	11.0179	11.0179	0.0548979	0.0548979
45000	3693_3_1_3_3	70.9475	4.43422	4.43422	0.198579	0.198579
45000	3693_3_2_0	165.071	7.86051	7.86051	0.146969	0.146969
45000	3693_3_2_1	263.556	8.23613	8.23613	0.0995815	0.0995815
45000	3693_3_2_2	45.9702	4.59702	4.59702	0.212557	0.212557
45000	3693_3_1_2_0	1100.34	17.1927	17.1927	0.0700143	0.0700143
45000	3693_3_1_2_1	56.2308	4.32545	4.32545	0.178524	0.178524
45000	3693_3_2_3	93.8366	5.86479	5.86479	0.130592	0.130592
45000	3693_3_0_1	0	0	0	0	0
45000	3693_3_1_2_2	7.52096	3.76048	3.76048	0.320404	0.320404
81900	3693_3_0_2	0	0	0	0	0
81900	3693_3_1_2_3	56.1536	5.10487	5.10487	0.0214822	0.0214822
81900	3693_3_3_1	0	0	0	0	0
81900	3693_3_1_3_0	0	0	0	0	0
81900	3693_3_1_0	168.067	8.40336	8.40336	0.0295012	0.0295012
81900	3693_3_1_3_1	119.403	5.42741	5.42741	0.0171455	0.0171455
81900	3693_3_1_3_2	3.19231	3.19231	3.19231	0.0388904	0.0388904
81900	3693_3_1_1	62.035	5.16959	5.16959	0.0257581	0.0257581
81900	3693_3_1_3_3	0	0	0	0	0
81900	3693_3_2_0	3.08049	3.08049	3.08049	0.0575965	0.0575965
81900	3693_3_2_1	0	0	0	0	0
81900	3693_3_2_2	0	0	0	0	0
81900	3693_3_1_2_0	67.314	5.6095	5.6095	0.0228437	0.0228437
81900	3693_3_1_2_1	0	0	0	0	0
81900	3693_3_2_3	0	0	0	0	0
81900	3693_3_0_1	0	0	0	0	0
81900	3693_3_1_2_2	0	0	0	0	0
77400	3693_3_0_2	0	0	0	0	0
77400	3693_3_1_2_3	138.235	8.13146	8.13146	0.0342186	0.0342186
77400	3693_3_3_1	0	0	0	0	0
77400	3693_3_1_3_0	0	0	0	0	0
77400	3693_3_1_0	252.612	8.42039	8.42039	0.029561	0.029561
77400	3693_3_1_3_1	258.676	7.60813	7.60813	0.0240345	0.0240345
77400	3693_3_1_3_2	31.8157	3.97696	3.97696	0.0484494	0.0484494
77400	3693_3_1_1	268.502	6.71256	6.71256	0.0334461	0.0334461
77400	3693_3_1_3_3	0	0	0	0	0
77400	3693_3_2_0	16.8093	4.20232	4.20232	0.0785715	0.0785715
77400	3693_3_2_1	60.9285	5.53895	5.53895	0.0669704	0.0669704
77400	3693_3_2_2	0	0	0	0	0
77400	3693_3_1_2_0	142.704	6.79541	6.79541	0.0276731	0.0276731
77400	3693_3_1_2_1	6.35695	3.17847	3.17847	0.131185	0.131185
77400	3693_3_2_3	11.9231	3.97438	3.97438	0.0884981	0.0884981
77400	3693_3_0_1	0	0	0	0	0
77400	3693_3_1_2_2	0	0	0	0	0
9900	3693_3_0_2	0	0	0	0	0
9900	3693_3_1_2_3	0	0	0	0	0
9900	3693_3_3_1	0	0	0	0	0
9900	3693_3_1_3_0	0	0	0	0	0
9900	3693_3_1_0	69.2563	6.92563	6.92563	0.0243134	0.0243134
9900	3693_3_1_3_1	5.1319	5.1319	5.1319	0.0162119	0.0162119
9900	3693_3_1_3_2	0	0	0	0	0
9900	3693_3_1_1	27.8838	5.57677	5.57677	0.0277869	0.0277869
9900	3693_3_1_3_3	0	0	0	0	0
9900	3693_3_2_0	0	0	0	0	0
9900	3693_3_2_1	0	0	0	0	0
9900	3693_3_2_2	0	0	0	0	0
9900	3693_3_1_2_0	0	0	0	0	0
9900	3693_3_1_2_1	0	0	0	0	0
9900	3693_3_2_3	0	0	0	0	0
9900	3693_3_0_1	0	0	0	0	0
9900	3693_3_1_2_2	0	0	0	0	0
9000	3693_3_0_2	0	0	0	0	0
9000	3693_3_1_2_3	0	0	0	0	0
9000	3693_3_3_1	0	0	0	0	0
9000	3693_3_1_3_0	0	0	0	0	0
9000	3693_3_1_0	88.7337	7.39447	7.39447	0.0259594	0.0259594
9000	3693_3_1_3_1	6.94908	6.94908	6.94908	0.0219525	0.0219525
9000	3693_3_1_3_2	0	0	0	0	0
9000	3693_3_1_1	27.8783	4.64638	4.64638	0.0231511	0.0231511
9000	3693_3_1_3_3	0	0	0	0	0
9000	3693_3_2_0	0	0	0	0	0
9000	3693_3_2_1	6.59596	3.29798	3.29798	0.0398753	0.0398753
9000	3693_3_2_2	0	0	0	0	0
9000	3693_3_1_2_0	14.8767	3.71917	3.71917	0.0151457	0.0151457
9000	3693_3_1_2_1	0	0	0	0	0
9000	3693_3_2_3	0	0	0	0	0
9000	3693_3_0_1	0	0	0	0	0
9000	3693_3_1_2_2	0	0	0	0	0
81000	3693_3_0_2	0	0	0	0	0
81000	3693_3_1_2_3	53.3705	5.33705	5.33705	0.0224592	0.0224592
81000	3693_3_3_1	0	0	0	0	0
81000	3693_3_1_3_0	0	0	0	0	0
81000	3693_3_1_0	175.705	6.50758	6.50758	0.0228458	0.0228458
81000	3693_3_1_3_1	195.413	6.73837	6.73837	0.0212868	0.0212868
81000	3693_3_1_3_2	14.6715	3.66787	3.66787	0.0446839	0.0446839
81000	3693_3_1_1	101.513	5.97137	5.97137	0.029753	0.029753
81000	3693_3_1_3_3	0	0	0	0	0
81000	3693_3_2_0	4.82737	4.82737	4.82737	0.0902582	0.0902582
81000	3693_3_2_1	7.33963	3.66981	3.66981	0.044371	0.044371
81000	3693_3_2_2	0	0	0	0	0
81000	3693_3_1_2_0	97.9485	6.99632	6.99632	0.0284913	0.0284913
81000	3693_3_1_2_1	0	0	0	0	0
81000	3693_3_2_3	3.06436	3.06436	3.06436	0.0682346	0.0682346
81000	3693_3_0_1	0	0	0	0	0
81000	3693_3_1_2_2	0	0	0	0	0
10800	3693_3_0_2	0	0	0	0	0
10800	3693_3_1_2_3	11.4528	3.81759	3.81759	0.0160651	0.0160651
10800	3693_3_3_1	0	0	0	0	0
10800	3693_3_1_3_0	0	0	0	0	0
10800	3693_3_1_0	69.4594	6.31449	6.31449	0.0221679	0.0221679
10800	3693_3_1_3_1	22.5697	4.51393	4.51393	0.0142597	0.0142597
10800	3693_3_1_3_2	0	0	0	0	0
10800	3693_3_1_1	6.42811	3.21405	3.21405	0.0160144	0.0160144
10800	3693_3_1_3_3	0	0	0	0	0
10800	3693_3_2_0	0	0	0	0	0
10800	3693_3_2_1	0	0	0	0	0
10800	3693_3_2_2	0	0	0	0	0
10800	3693_3_1_2_0	30.8324	4.40462	4.40462	0.017937	0.017937
10800	3693_3_1_2_1	0	0	0	0	0
10800	3693_3_2_3	0	0	0	0	0
10800	3693_3_0_1	0	0	0	0	0
10800	3693_3_1_2_2	0	0	0	0	0
35100	3693_3_0_2	72.835	4.85567	4.85567	0.320765	0.320765
35100	3693_3_1_2_3	1355.4	21.1782	21.1782	0.0891215	0.0891215
35100	3693_3_3_1	98.4061	5.7886	5.7886	0.353513	0.353513
35100	3693_3_1_3_0	22.4769	3.74615	3.74615	0.517359	0.517359
35100	3693_3_1_0	1856.17	14.8494	14.8494	0.052131	0.052131
35100	3693_3_1_3_1	2096.89	18.3938	18.3938	0.0581069	0.0581069
35100	3693_3_1_3_2	506.531	11.2562	11.2562	0.137129	0.137129
35100	3693_3_1_1	894.199	12.5943	12.5943	0.0627525	0.0627525
35100	3693_3_1_3_3	120.756	6.35555	6.35555	0.284623	0.284623
35100	3693_3_2_0	280.318	9.34393	9.34393	0.174705	0.174705
35100	3693_3_2_1	489.894	9.79788	9.79788	0.118464	0.118464
35100	3693_3_2_2	112.575	6.62204	6.62204	0.30619	0.30619
35100	3693_3_1_2_0	1497.63	16.6403	16.6403	0.0677647	0.0677647
35100	3693_3_1_2_1	107.193	6.30545	6.30545	0.260245	0.260245
35100	3693_3_2_3	165.719	7.53267	7.53267	0.167731	0.167731
35100	3693_3_0_1	0	0	0	0	0
35100	3693_3_1_2_2	15.6118	3.90294	3.90294	0.332542	0.332542
38700	3693_3_0_2	72.601	4.84007	4.84007	0.319734	0.319734
38700	3693_3_1_2_3	1345.24	19.783	19.783	0.0832502	0.0832502
38700	3693_3_3_1	99.0647	5.5036	5.5036	0.336108	0.336108
38700	3693_3_1_3_0	14.3811	3.59528	3.59528	0.496523	0.496523
38700	3693_3_1_0	1814.98	14.6369	14.6369	0.0513849	0.0513849
38700	3693_3_1_3_1	2063.22	17.7864	17.7864	0.0561881	0.0561881
38700	3693_3_1_3_2	520.383	10.8413	10.8413	0.132074	0.132074
38700	3693_3_1_1	871.006	12.2677	12.2677	0.0611252	0.0611252
38700	3693_3_1_3_3	114.183	6.34349	6.34349	0.284083	0.284083
38700	3693_3_2_0	282.238	7.83994	7.83994	0.146585	0.146585
38700	3693_3_2_1	482.388	10.7197	10.7197	0.12961	0.12961
38700	3693_3_2_2	109.091	6.41713	6.41713	0.296716	0.296716
38700	3693_3_1_2_0	1433.81	16.4806	16.4806	0.0671144	0.0671144
38700	3693_3_1_2_1	95.9696	5.64527	5.64527	0.232997	0.232997
38700	3693_3_2_3	130.546	8.15913	8.15913	0.181681	0.181681
38700	3693_3_0_1	0	0	0	0	0
38700	3693_3_1_2_2	26.0271	4.33786	4.33786	0.369598	0.369598
67500	3693_3_0_2	0	0	0	0	0
67500	3693_3_1_2_3	492.047	12.9486	12.9486	0.0544899	0.0544899
67500	3693_3_3_1	0	0	0	0	0
67500	3693_3_1_3_0	0	0	0	0	0
67500	3693_3_1_0	981.33	10.9037	10.9037	0.038279	0.038279
67500	3693_3_1_3_1	1240.34	13.9364	13.9364	0.0440258	0.0440258
67500	3693_3_1_3_2	261.48	7.47084	7.47084	0.0910137	0.0910137
67500	3693_3_1_1	440.746	9.37757	9.37757	0.0467248	0.0467248
67500	3693_3_1_3_3	12.723	3.18074	3.18074	0.142444	0.142444
67500	3693_3_2_0	98.1981	4.26948	4.26948	0.0798272	0.0798272
67500	3693_3_2_1	216.03	7.20099	7.20099	0.0870658	0.0870658
67500	3693_3_2_2	46.6841	3.89034	3.89034	0.179882	0.179882
67500	3693_3_1_2_0	654.271	13.3525	13.3525	0.0543757	0.0543757
67500	3693_3_1_2_1	29.8423	3.73029	3.73029	0.15396	0.15396
67500	3693_3_2_3	78.3167	4.60686	4.60686	0.102582	0.102582
67500	3693_3_0_1	0	0	0	0	0
67500	3693_3_1_2_2	0	0	0	0	0
42300	3693_3_0_2	29.4182	3.67727	3.67727	0.24292	0.24292
42300	3693_3_1_2_3	1241.31	20.3494	20.3494	0.0856337	0.0856337
42300	3693_3_3_1	55.7973	4.64978	4.64978	0.283965	0.283965
42300	3693_3_1_3_0	3.56456	3.56456	3.56456	0.492281	0.492281
42300	3693_3_1_0	1427.72	13.4691	13.4691	0.0472852	0.0472852
42300	3693_3_1_3_1	1542.93	16.771	16.771	0.0529804	0.0529804
42300	3693_3_1_3_2	413.989	10.6151	10.6151	0.129319	0.129319
42300	3693_3_1_1	697.422	12.6804	12.6804	0.0631815	0.0631815
42300	3693_3_1_3_3	78.384	5.2256	5.2256	0.23402	0.23402
42300	3693_3_2_0	217.173	8.3528	8.3528	0.156174	0.156174
42300	3693_3_2_1	356.323	8.90808	8.90808	0.107706	0.107706
42300	3693_3_2_2	67.9728	5.22868	5.22868	0.241764	0.241764
42300	3693_3_1_2_0	1218.63	15.2329	15.2329	0.0620333	0.0620333
42300	3693_3_1_2_1	70.2413	5.01724	5.01724	0.207077	0.207077
42300	3693_3_2_3	109.797	6.45866	6.45866	0.143816	0.143816
42300	3693_3_0_1	0	0	0	0	0
42300	3693_3_1_2_2	6.0751	3.03755	3.03755	0.258808	0.258808
3600	3693_3_0_2	0	0	0	0	0
3600	3693_3_1_2_3	7.23124	3.61562	3.61562	0.0152151	0.0152151
3600	3693_3_3_1	0	0	0	0	0
3600	3693_3_1_3_0	0	0	0	0	0
3600	3693_3_1_0	60.1867	5.47152	5.47152	0.0192086	0.0192086
3600	3693_3_1_3_1	23.8039	3.96731	3.96731	0.0125329	0.0125329
3600	3693_3_1_3_2	0	0	0	0	0
3600	3693_3_1_1	23.4936	3.91559	3.91559	0.0195099	0.0195099
3600	3693_3_1_3_3	0	0	0	0	0
3600	3693_3_2_0	0	0	0	0	0
3600	3693_3_2_1	0	0	0	0	0
3600	3693_3_2_2	0	0	0	0	0
3600	3693_3_1_2_0	5.12235	5.12235	5.12235	0.0208599	0.0208599
3600	3693_3_1_2_1	0	0	0	0	0
3600	3693_3_2_3	0	0	0	0	0
3600	3693_3_0_1	0	0	0	0	0
3600	3693_3_1_2_2	0	0	0	0	0
71100	3693_3_0_2	0	0	0	0	0
71100	3693_3_1_2_3	330.199	13.7583	13.7583	0.0578973	0.0578973
71100	3693_3_3_1	3.37797	3.37797	3.37797	0.206295	0.206295
71100	3693_3_1_3_0	0	0	0	0	0
71100	3693_3_1_0	517.171	10.7744	10.7744	0.0378251	0.0378251
71100	3693_3_1_3_1	719.603	10.1352	10.1352	0.0320176	0.0320176
71100	3693_3_1_3_2	130.763	5.68534	5.68534	0.0692618	0.0692618
71100	3693_3_1_1	306.331	8.75233	8.75233	0.0436095	0.0436095
71100	3693_3_1_3_3	0	0	0	0	0
71100	3693_3_2_0	20.2164	4.04327	4.04327	0.0755977	0.0755977
71100	3693_3_2_1	129.699	5.40411	5.40411	0.0653401	0.0653401
71100	3693_3_2_2	0	0	0	0	0
71100	3693_3_1_2_0	393.238	11.5658	11.5658	0.0470997	0.0470997
71100	3693_3_1_2_1	3.00234	3.00234	3.00234	0.123916	0.123916
71100	3693_3_2_3	37.9418	5.42025	5.42025	0.120694	0.120694
71100	3693_3_0_1	0	0	0	0	0
71100	3693_3_1_2_2	0	0	0	0	0
900	3693_3_0_2	0	0	0	0	0
900	3693_3_1_2_3	17.7783	4.44457	4.44457	0.0187035	0.0187035
900	3693_3_3_1	0	0	0	0	0
900	3693_3_1_3_0	0	0	0	0	0
900	3693_3_1_0	94.3273	6.28849	6.28849	0.0220767	0.0220767
900	3693_3_1_3_1	26.3123	3.75891	3.75891	0.0118746	0.0118746
900	3693_3_1_3_2	6.60399	3.302	3.302	0.0402267	0.0402267
900	3693_3_1_1	15.1382	3.78454	3.78454	0.0188569	0.0188569
900	3693_3_1_3_3	0	0	0	0	0
900	3693_3_2_0	0	0	0	0	0
900	3693_3_2_1	0	0	0	0	0
900	3693_3_2_2	0	0	0	0	0
900	3693_3_1_2_0	18.6795	3.73591	3.73591	0.0152138	0.0152138
900	3693_3_1_2_1	0	0	0	0	0
900	3693_3_2_3	0	0	0	0	0
900	3693_3_0_1	0	0	0	0	0
900	3693_3_1_2_2	0	0	0	0	0
6300	3693_3_0_2	0	0	0	0	0
6300	3693_3_1_2_3	5.53427	5.53427	5.53427	0.0232891	0.0232891
6300	3693_3_3_1	0	0	0	0	0
6300	3693_3_1_3_0	0	0	0	0	0
6300	3693_3_1_0	112.699	6.62933	6.62933	0.0232732	0.0232732
6300	3693_3_1_3_1	36.4116	5.20166	5.20166	0.0164323	0.0164323
6300	3693_3_1_3_2	0	0	0	0	0
6300	3693_3_1_1	19.3941	6.46471	6.46471	0.0322111	0.0322111
6300	3693_3_1_3_3	0	0	0	0	0
6300	3693_3_2_0	0	0	0	0	0
6300	3693_3_2_1	0	0	0	0	0
6300	3693_3_2_2	0	0	0	0	0
6300	3693_3_1_2_0	3.36597	3.36597	3.36597	0.0137073	0.0137073
6300	3693_3_1_2_1	0	0	0	0	0
6300	3693_3_2_3	0	0	0	0	0
6300	3693_3_0_1	0	0	0	0	0
6300	3693_3_1_2_2	0	0	0	0	0
28800	3693_3_0_2	25.0214	4.17023	4.17023	0.275485	0.275485
28800	3693_3_1_2_3	862.313	16.9081	16.9081	0.0711522	0.0711522
28800	3693_3_3_1	41.7559	4.17559	4.17559	0.255006	0.255006
28800	3693_3_1_3_0	0	0	0	0	0
28800	3693_3_1_0	1366.56	15.184	15.184	0.0533056	0.0533056
28800	3693_3_1_3_1	1288.34	14.1576	14.1576	0.0447245	0.0447245
28800	3693_3_1_3_2	299.304	9.06981	9.06981	0.110493	0.110493
28800	3693_3_1_1	571.057	13.2804	13.2804	0.0661711	0.0661711
28800	3693_3_1_3_3	51.9036	5.19036	5.19036	0.232442	0.232442
28800	3693_3_2_0	141.863	7.09314	7.09314	0.132622	0.132622
28800	3693_3_2_1	314.042	10.4681	10.4681	0.126568	0.126568
28800	3693_3_2_2	71.3569	5.94641	5.94641	0.274951	0.274951
28800	3693_3_1_2_0	860.235	16.8674	16.8674	0.0686895	0.0686895
28800	3693_3_1_2_1	52.991	4.41592	4.41592	0.182258	0.182258
28800	3693_3_2_3	121.187	6.73263	6.73263	0.149916	0.149916
28800	3693_3_0_1	0	0	0	0	0
28800	3693_3_1_2_2	6.3441	3.17205	3.17205	0.270268	0.270268
57600	3693_3_0_2	40.2854	4.02854	4.02854	0.266125	0.266125
57600	3693_3_1_2_3	890.634	16.8044	16.8044	0.0707158	0.0707158
57600	3693_3_3_1	48.3223	4.39294	4.39294	0.268279	0.268279
57600	3693_3_1_3_0	0	0	0	0	0
57600	3693_3_1_0	1580.72	12.8514	12.8514	0.0451167	0.0451167
57600	3693_3_1_3_1	1697.58	16.0149	16.0149	0.0505918	0.0505918
57600	3693_3_1_3_2	358.917	8.54564	8.54564	0.104107	0.104107
57600	3693_3_1_1	684.708	11.0437	11.0437	0.0550265	0.0550265
57600	3693_3_1_3_3	60.3659	4.64353	4.64353	0.207953	0.207953
57600	3693_3_2_0	154.986	5.961	5.961	0.111454	0.111454
57600	3693_3_2_1	401.484	9.79229	9.79229	0.118397	0.118397
57600	3693_3_2_2	93.1153	5.47737	5.47737	0.253263	0.253263
57600	3693_3_1_2_0	1173.88	13.9748	13.9748	0.0569099	0.0569099
57600	3693_3_1_2_1	66.6766	4.76261	4.76261	0.196567	0.196567
57600	3693_3_2_3	109.425	6.07918	6.07918	0.135366	0.135366
57600	3693_3_0_1	0	0	0	0	0
57600	3693_3_1_2_2	11.8561	3.95205	3.95205	0.336726	0.336726
32400	3693_3_0_2	49.9325	4.53932	4.53932	0.299867	0.299867
32400	3693_3_1_2_3	1263.6	22.1685	22.1685	0.0932888	0.0932888
32400	3693_3_3_1	57.1569	5.19609	5.19609	0.317328	0.317328
32400	3693_3_1_3_0	26.387	3.76957	3.76957	0.520593	0.520593
32400	3693_3_1_0	1702.49	16.529	16.529	0.0580274	0.0580274
32400	3693_3_1_3_1	1892.61	16.4575	16.4575	0.05199	0.05199
32400	3693_3_1_3_2	481.469	10.244	10.244	0.124798	0.124798
32400	3693_3_1_1	882.929	12.4356	12.4356	0.0619618	0.0619618
32400	3693_3_1_3_3	105.517	6.20687	6.20687	0.277965	0.277965
32400	3693_3_2_0	228.912	8.17542	8.17542	0.152857	0.152857
32400	3693_3_2_1	429.636	10.7409	10.7409	0.129866	0.129866
32400	3693_3_2_2	111.35	6.55	6.55	0.302859	0.302859
32400	3693_3_1_2_0	1295.06	17.7406	17.7406	0.0722455	0.0722455
32400	3693_3_1_2_1	92.2825	6.15217	6.15217	0.253919	0.253919
32400	3693_3_2_3	166.713	6.94637	6.94637	0.154676	0.154676
32400	3693_3_0_1	3.29633	3.29633	3.29633	0.712907	0.712907
32400	3693_3_1_2_2	32.3138	4.61625	4.61625	0.393318	0.393318
61200	3693_3_0_2	19.0485	3.8097	3.8097	0.251668	0.251668
61200	3693_3_1_2_3	814.548	15.0842	15.0842	0.0634769	0.0634769
61200	3693_3_3_1	29.2535	3.65669	3.65669	0.223316	0.223316
61200	3693_3_1_3_0	0	0	0	0	0
61200	3693_3_1_0	1642.46	12.8317	12.8317	0.0450475	0.0450475
61200	3693_3_1_3_1	1846.17	16.0537	16.0537	0.0507144	0.0507144
61200	3693_3_1_3_2	455.344	8.5914	8.5914	0.104665	0.104665
61200	3693_3_1_1	722.847	9.26727	9.26727	0.0461752	0.0461752
61200	3693_3_1_3_3	32.8051	4.10064	4.10064	0.183641	0.183641
61200	3693_3_2_0	169.024	5.45238	5.45238	0.101944	0.101944
61200	3693_3_2_1	437.228	9.30273	9.30273	0.112478	0.112478
61200	3693_3_2_2	82.7793	5.17371	5.17371	0.239222	0.239222
61200	3693_3_1_2_0	1181.09	15.1421	15.1421	0.0616635	0.0616635
61200	3693_3_1_2_1	68.4949	4.89249	4.89249	0.201928	0.201928
61200	3693_3_2_3	105.463	6.20369	6.20369	0.138139	0.138139
61200	3693_3_0_1	0	0	0	0	0
61200	3693_3_1_2_2	15.1591	5.05302	5.05302	0.430532	0.430532
64800	3693_3_0_2	10.9529	3.65096	3.65096	0.241182	0.241182
64800	3693_3_1_2_3	680.004	13.6001	13.6001	0.0572315	0.0572315
64800	3693_3_3_1	18.7852	3.75704	3.75704	0.229445	0.229445
64800	3693_3_1_3_0	3.62485	3.62485	3.62485	0.500607	0.500607
64800	3693_3_1_0	1442.59	12.3298	12.3298	0.0432855	0.0432855
64800	3693_3_1_3_1	1695.24	15.2724	15.2724	0.0482463	0.0482463
64800	3693_3_1_3_2	366.314	8.9345	8.9345	0.108845	0.108845
64800	3693_3_1_1	635.847	10.5974	10.5974	0.0528027	0.0528027
64800	3693_3_1_3_3	29.7762	3.72202	3.72202	0.166685	0.166685
64800	3693_3_2_0	152.89	5.09634	5.09634	0.0952872	0.0952872
64800	3693_3_2_1	311.496	7.98707	7.98707	0.0965702	0.0965702
64800	3693_3_2_2	58.4143	4.49341	4.49341	0.207767	0.207767
64800	3693_3_1_2_0	935.869	14.1798	14.1798	0.0577447	0.0577447
64800	3693_3_1_2_1	49.5692	4.13076	4.13076	0.170489	0.170489
64800	3693_3_2_3	88.4862	5.89908	5.89908	0.131356	0.131356
64800	3693_3_0_1	0	0	0	0	0
64800	3693_3_1_2_2	4.00649	4.00649	4.00649	0.341364	0.341364
18900	3693_3_0_2	0	0	0	0	0
18900	3693_3_1_2_3	43.8266	6.26094	6.26094	0.0263471	0.0263471
18900	3693_3_3_1	0	0	0	0	0
18900	3693_3_1_3_0	0	0	0	0	0
18900	3693_3_1_0	140.806	8.28268	8.28268	0.0290775	0.0290775
18900	3693_3_1_3_1	34.7597	4.96567	4.96567	0.0156868	0.0156868
18900	3693_3_1_3_2	0	0	0	0	0
18900	3693_3_1_1	37.9089	5.41556	5.41556	0.0269836	0.0269836
18900	3693_3_1_3_3	0	0	0	0	0
18900	3693_3_2_0	0	0	0	0	0
18900	3693_3_2_1	18.7484	4.68711	4.68711	0.056671	0.056671
18900	3693_3_2_2	0	0	0	0	0
18900	3693_3_1_2_0	50.8106	5.64562	5.64562	0.0229908	0.0229908
18900	3693_3_1_2_1	0	0	0	0	0
18900	3693_3_2_3	0	0	0	0	0
18900	3693_3_0_1	0	0	0	0	0
18900	3693_3_1_2_2	0	0	0	0	0
22500	3693_3_0_2	0	0	0	0	0
22500	3693_3_1_2_3	174.352	10.897	10.897	0.0458564	0.0458564
22500	3693_3_3_1	0	0	0	0	0
22500	3693_3_1_3_0	0	0	0	0	0
22500	3693_3_1_0	376.566	12.1473	12.1473	0.0426448	0.0426448
22500	3693_3_1_3_1	244.695	9.41136	9.41136	0.0297309	0.0297309
22500	3693_3_1_3_2	41.2415	5.15518	5.15518	0.0628031	0.0628031
22500	3693_3_1_1	133.365	8.89097	8.89097	0.0443002	0.0443002
22500	3693_3_1_3_3	0	0	0	0	0
22500	3693_3_2_0	9.0753	4.53765	4.53765	0.0848413	0.0848413
22500	3693_3_2_1	62.0926	6.20926	6.20926	0.075075	0.075075
22500	3693_3_2_2	3.0061	3.0061	3.0061	0.138996	0.138996
22500	3693_3_1_2_0	173.951	8.69754	8.69754	0.0354192	0.0354192
22500	3693_3_1_2_1	7.32923	3.66461	3.66461	0.15125	0.15125
22500	3693_3_2_3	18.9983	4.74958	4.74958	0.10576	0.10576
22500	3693_3_0_1	0	0	0	0	0
22500	3693_3_1_2_2	0	0	0	0	0
18000	3693_3_0_2	0	0	0	0	0
18000	3693_3_1_2_3	48.4253	4.84253	4.84253	0.0203782	0.0203782
18000	3693_3_3_1	0	0	0	0	0
18000	3693_3_1_3_0	0	0	0	0	0
18000	3693_3_1_0	115.946	8.28187	8.28187	0.0290747	0.0290747
18000	3693_3_1_3_1	43.9948	4.88831	4.88831	0.0154424	0.0154424
18000	3693_3_1_3_2	0	0	0	0	0
18000	3693_3_1_1	13.5383	4.51278	4.51278	0.0224854	0.0224854
18000	3693_3_1_3_3	0	0	0	0	0
18000	3693_3_2_0	7.57778	3.78889	3.78889	0.0708416	0.0708416
18000	3693_3_2_1	6.07061	3.03531	3.03531	0.0366994	0.0366994
18000	3693_3_2_2	0	0	0	0	0
18000	3693_3_1_2_0	57.0604	5.70604	5.70604	0.0232368	0.0232368
18000	3693_3_1_2_1	0	0	0	0	0
18000	3693_3_2_3	0	0	0	0	0
18000	3693_3_0_1	0	0	0	0	0
18000	3693_3_1_2_2	0	0	0	0	0
51300	3693_3_0_2	12.965	3.24126	3.24126	0.214117	0.214117
51300	3693_3_1_2_3	1016.12	20.7372	20.7372	0.0872657	0.0872657
51300	3693_3_3_1	42.7977	3.8907	3.8907	0.237607	0.237607
51300	3693_3_1_3_0	3.14164	3.14164	3.14164	0.433874	0.433874
51300	3693_3_1_0	1269.8	11.9792	11.9792	0.0420547	0.0420547
51300	3693_3_1_3_1	1348.23	14.4971	14.4971	0.045797	0.045797
51300	3693_3_1_3_2	333.47	8.13341	8.13341	0.0990855	0.0990855
51300	3693_3_1_1	553.052	9.06643	9.06643	0.0451745	0.0451745
51300	3693_3_1_3_3	68.6378	4.28986	4.28986	0.192115	0.192115
51300	3693_3_2_0	139.982	6.99908	6.99908	0.130863	0.130863
51300	3693_3_2_1	301.005	9.12135	9.12135	0.110285	0.110285
51300	3693_3_2_2	48.9601	4.08001	4.08001	0.188652	0.188652
51300	3693_3_1_2_0	1097.4	15.4563	15.4563	0.0629431	0.0629431
51300	3693_3_1_2_1	45.7985	4.57985	4.57985	0.189024	0.189024
51300	3693_3_2_3	81.72	5.83714	5.83714	0.129976	0.129976
51300	3693_3_0_1	0	0	0	0	0
51300	3693_3_1_2_2	0	0	0	0	0
0	3693_3_0_2	0	0	0	0	0
0	3693_3_1_2_3	14.1261	4.70871	4.70871	0.0198151	0.0198151
0	3693_3_3_1	0	0	0	0	0
0	3693_3_1_3_0	0	0	0	0	0
0	3693_3_1_0	68.4986	5.70821	5.70821	0.0200395	0.0200395
0	3693_3_1_3_1	35.7479	5.10685	5.10685	0.0161328	0.0161328
0	3693_3_1_3_2	0	0	0	0	0
0	3693_3_1_1	30.6816	3.8352	3.8352	0.0191093	0.0191093
0	3693_3_1_3_3	0	0	0	0	0
0	3693_3_2_0	0	0	0	0	0
0	3693_3_2_1	0	0	0	0	0
0	3693_3_2_2	0	0	0	0	0
0	3693_3_1_2_0	22.4881	3.74801	3.74801	0.0152631	0.0152631
0	3693_3_1_2_1	0	0	0	0	0
0	3693_3_2_3	0	0	0	0	0
0	3693_3_0_1	0	0	0	0	0
0	3693_3_1_2_2	0	0	0	0	0
54900	3693_3_0_2	34.2031	3.80034	3.80034	0.25105	0.25105
54900	3693_3_1_2_3	1034.65	17.8388	17.8388	0.0750687	0.0750687
54900	3693_3_3_1	50.8079	4.23399	4.23399	0.258572	0.258572
54900	3693_3_1_3_0	0	0	0	0	0
54900	3693_3_1_0	1376.5	11.5672	11.5672	0.0406083	0.0406083
54900	3693_3_1_3_1	1487.3	15.6558	15.6558	0.0494574	0.0494574
54900	3693_3_1_3_2	371.481	9.06051	9.06051	0.11038	0.11038
54900	3693_3_1_1	593.918	10.24	10.24	0.0510219	0.0510219
54900	3693_3_1_3_3	58.3576	4.48904	4.48904	0.201034	0.201034
54900	3693_3_2_0	147.307	6.40467	6.40467	0.119749	0.119749
54900	3693_3_2_1	331.986	9.7643	9.7643	0.118058	0.118058
54900	3693_3_2_2	73.5221	4.90148	4.90148	0.226635	0.226635
54900	3693_3_1_2_0	1161.49	15.2827	15.2827	0.0622361	0.0622361
54900	3693_3_1_2_1	84.7879	4.98752	4.98752	0.20585	0.20585
54900	3693_3_2_3	84.8779	6.06271	6.06271	0.134999	0.134999
54900	3693_3_0_1	0	0	0	0	0
54900	3693_3_1_2_2	11.2496	3.74988	3.74988	0.3195	0.3195
79200	3693_3_0_2	0	0	0	0	0
79200	3693_3_1_2_3	86.2904	5.75269	5.75269	0.0242083	0.0242083
79200	3693_3_3_1	0	0	0	0	0
79200	3693_3_1_3_0	0	0	0	0	0
79200	3693_3_1_0	200.396	7.42208	7.42208	0.0260563	0.0260563
79200	3693_3_1_3_1	219.57	6.45795	6.45795	0.020401	0.020401
79200	3693_3_1_3_2	23.0911	3.84852	3.84852	0.0468847	0.0468847
79200	3693_3_1_1	159.707	4.99085	4.99085	0.0248675	0.0248675
79200	3693_3_1_3_3	0	0	0	0	0
79200	3693_3_2_0	3.82996	3.82996	3.82996	0.0716095	0.0716095
79200	3693_3_2_1	18.9164	3.78328	3.78328	0.0457429	0.0457429
79200	3693_3_2_2	3.8932	3.8932	3.8932	0.180014	0.180014
79200	3693_3_1_2_0	159.556	6.64818	6.64818	0.0270735	0.0270735
79200	3693_3_1_2_1	0	0	0	0	0
79200	3693_3_2_3	0	0	0	0	0
79200	3693_3_0_1	0	0	0	0	0
79200	3693_3_1_2_2	0	0	0	0	0
83700	3693_3_0_2	0	0	0	0	0
83700	3693_3_1_2_3	42.126	4.68067	4.68067	0.0196971	0.0196971
83700	3693_3_3_1	0	0	0	0	0
83700	3693_3_1_3_0	0	0	0	0	0
83700	3693_3_1_0	112.866	5.94033	5.94033	0.0208544	0.0208544
83700	3693_3_1_3_1	97.0454	5.70855	5.70855	0.0180336	0.0180336
83700	3693_3_1_3_2	7.97566	3.98783	3.98783	0.0485818	0.0485818
83700	3693_3_1_1	55.2972	5.02702	5.02702	0.0250477	0.0250477
83700	3693_3_1_3_3	0	0	0	0	0
83700	3693_3_2_0	0	0	0	0	0
83700	3693_3_2_1	0	0	0	0	0
83700	3693_3_2_2	0	0	0	0	0
83700	3693_3_1_2_0	70.6178	5.43214	5.43214	0.0221214	0.0221214
83700	3693_3_1_2_1	0	0	0	0	0
83700	3693_3_2_3	3.29436	3.29436	3.29436	0.073356	0.073356
83700	3693_3_0_1	0	0	0	0	0
83700	3693_3_1_2_2	0	0	0	0	0
25200	3693_3_0_2	6.7239	3.36195	3.36195	0.22209	0.22209
25200	3693_3_1_2_3	445.057	16.4836	16.4836	0.0693658	0.0693658
25200	3693_3_3_1	3.77316	3.77316	3.77316	0.230429	0.230429
25200	3693_3_1_3_0	0	0	0	0	0
25200	3693_3_1_0	741.016	14.8203	14.8203	0.0520288	0.0520288
25200	3693_3_1_3_1	615.354	10.9885	10.9885	0.0347132	0.0347132
25200	3693_3_1_3_2	139.621	6.34641	6.34641	0.0773153	0.0773153
25200	3693_3_1_1	340.797	12.1713	12.1713	0.0606448	0.0606448
25200	3693_3_1_3_3	17.3742	4.34356	4.34356	0.194519	0.194519
25200	3693_3_2_0	61.4615	5.12179	5.12179	0.095763	0.095763
25200	3693_3_2_1	151.073	7.55363	7.55363	0.0913296	0.0913296
25200	3693_3_2_2	19.9744	4.99359	4.99359	0.230894	0.230894
25200	3693_3_1_2_0	424.964	13.2801	13.2801	0.0540809	0.0540809
25200	3693_3_1_2_1	16.6941	4.17353	4.17353	0.172254	0.172254
25200	3693_3_2_3	62.6984	5.69986	5.69986	0.12692	0.12692
25200	3693_3_0_1	0	0	0	0	0
25200	3693_3_1_2_2	15.9499	3.98749	3.98749	0.339745	0.339745
54000	3693_3_0_2	21.9378	3.65629	3.65629	0.241534	0.241534
54000	3693_3_1_2_3	1007.07	17.069	17.069	0.0718292	0.0718292
54000	3693_3_3_1	44.7959	4.07235	4.07235	0.248701	0.248701
54000	3693_3_1_3_0	0	0	0	0	0
54000	3693_3_1_0	1404.92	12.6569	12.6569	0.0444339	0.0444339
54000	3693_3_1_3_1	1396.39	13.8257	13.8257	0.0436761	0.0436761
54000	3693_3_1_3_2	366.93	8.53326	8.53326	0.103957	0.103957
54000	3693_3_1_1	634.34	10.9369	10.9369	0.0544943	0.0544943
54000	3693_3_1_3_3	47.8486	4.78486	4.78486	0.214282	0.214282
54000	3693_3_2_0	159.654	6.38617	6.38617	0.119403	0.119403
54000	3693_3_2_1	389.959	9.28473	9.28473	0.11226	0.11226
54000	3693_3_2_2	90.643	6.04287	6.04287	0.279411	0.279411
54000	3693_3_1_2_0	1112.21	15.8887	15.8887	0.0647039	0.0647039
54000	3693_3_1_2_1	69.4261	4.959	4.959	0.204673	0.204673
54000	3693_3_2_3	104.226	6.51414	6.51414	0.145051	0.145051
54000	3693_3_0_1	0	0	0	0	0
54000	3693_3_1_2_2	11.2242	3.7414	3.7414	0.318778	0.318778
12600	3693_3_0_2	0	0	0	0	0
12600	3693_3_1_2_3	0	0	0	0	0
12600	3693_3_3_1	0	0	0	0	0
12600	3693_3_1_3_0	0	0	0	0	0
12600	3693_3_1_0	64.5387	5.37823	5.37823	0.0188811	0.0188811
12600	3693_3_1_3_1	6.9253	3.46265	3.46265	0.0109387	0.0109387
12600	3693_3_1_3_2	0	0	0	0	0
12600	3693_3_1_1	18.2927	3.65854	3.65854	0.0182291	0.0182291
12600	3693_3_1_3_3	0	0	0	0	0
12600	3693_3_2_0	0	0	0	0	0
12600	3693_3_2_1	3.46233	3.46233	3.46233	0.0418624	0.0418624
12600	3693_3_2_2	0	0	0	0	0
12600	3693_3_1_2_0	11.2506	3.75021	3.75021	0.0152721	0.0152721
12600	3693_3_1_2_1	0	0	0	0	0
12600	3693_3_2_3	0	0	0	0	0
12600	3693_3_0_1	0	0	0	0	0
12600	3693_3_1_2_2	0	0	0	0	0
15300	3693_3_0_2	0	0	0	0	0
15300	3693_3_1_2_3	23.1398	3.85663	3.85663	0.0162294	0.0162294
15300	3693_3_3_1	0	0	0	0	0
15300	3693_3_1_3_0	0	0	0	0	0
15300	3693_3_1_0	69.0401	6.27637	6.27637	0.0220341	0.0220341
15300	3693_3_1_3_1	16.5427	3.30853	3.30853	0.0104518	0.0104518
15300	3693_3_1_3_2	6.50658	3.25329	3.25329	0.0396333	0.0396333
15300	3693_3_1_1	7.92126	3.96063	3.96063	0.0197343	0.0197343
15300	3693_3_1_3_3	0	0	0	0	0
15300	3693_3_2_0	0	0	0	0	0
15300	3693_3_2_1	0	0	0	0	0
15300	3693_3_2_2	0	0	0	0	0
15300	3693_3_1_2_0	23.7396	3.95661	3.95661	0.0161126	0.0161126
15300	3693_3_1_2_1	0	0	0	0	0
15300	3693_3_2_3	0	0	0	0	0
15300	3693_3_0_1	0	0	0	0	0
15300	3693_3_1_2_2	0	0	0	0	0
44100	3693_3_0_2	19.1434	3.82868	3.82868	0.252922	0.252922
44100	3693_3_1_2_3	1037.18	18.5211	18.5211	0.0779399	0.0779399
44100	3693_3_3_1	50.6591	4.22159	4.22159	0.257815	0.257815
44100	3693_3_1_3_0	0	0	0	0	0
44100	3693_3_1_0	1394.95	13.0369	13.0369	0.0457679	0.0457679
44100	3693_3_1_3_1	1387.81	14.9227	14.9227	0.0471415	0.0471415
44100	3693_3_1_3_2	321.254	9.44866	9.44866	0.115109	0.115109
44100	3693_3_1_1	631.288	11.9111	11.9111	0.0593484	0.0593484
44100	3693_3_1_3_3	62.0719	4.77476	4.77476	0.21383	0.21383
44100	3693_3_2_0	184.912	7.11201	7.11201	0.132975	0.132975
44100	3693_3_2_1	280.276	10.0098	10.0098	0.121027	0.121027
44100	3693_3_2_2	50.2227	4.18523	4.18523	0.193517	0.193517
44100	3693_3_1_2_0	1173.23	17.0033	17.0033	0.069243	0.069243
44100	3693_3_1_2_1	50.5577	4.59615	4.59615	0.189697	0.189697
44100	3693_3_2_3	92.7529	6.18352	6.18352	0.137689	0.137689
44100	3693_3_0_1	0	0	0	0	0
44100	3693_3_1_2_2	11.2334	3.74447	3.74447	0.319039	0.319039
47700	3693_3_0_2	11.2256	3.74186	3.74186	0.247187	0.247187
47700	3693_3_1_2_3	1045.62	19.0113	19.0113	0.0800028	0.0800028
47700	3693_3_3_1	49.7972	4.14977	4.14977	0.253429	0.253429
47700	3693_3_1_3_0	0	0	0	0	0
47700	3693_3_1_0	1181.53	12.9838	12.9838	0.0455815	0.0455815
47700	3693_3_1_3_1	1236.81	13.5913	13.5913	0.0429356	0.0429356
47700	3693_3_1_3_2	287.07	8.69908	8.69908	0.105977	0.105977
47700	3693_3_1_1	494.879	10.0996	10.0996	0.0503224	0.0503224
47700	3693_3_1_3_3	61.3367	4.38119	4.38119	0.196205	0.196205
47700	3693_3_2_0	150.56	7.52802	7.52802	0.140753	0.140753
47700	3693_3_2_1	275.018	8.87153	8.87153	0.107264	0.107264
47700	3693_3_2_2	56.3047	4.69206	4.69206	0.216952	0.216952
47700	3693_3_1_2_0	1092.54	16.8083	16.8083	0.0684489	0.0684489
47700	3693_3_1_2_1	60.0801	5.46183	5.46183	0.225426	0.225426
47700	3693_3_2_3	99.6507	5.86181	5.86181	0.130526	0.130526
47700	3693_3_0_1	0	0	0	0	0
47700	3693_3_1_2_2	13.0263	4.34211	4.34211	0.36996	0.36996
76500	3693_3_0_2	0	0	0	0	0
76500	3693_3_1_2_3	146.986	8.16588	8.16588	0.0343634	0.0343634
76500	3693_3_3_1	0	0	0	0	0
76500	3693_3_1_3_0	0	0	0	0	0
76500	3693_3_1_0	263.164	7.51896	7.51896	0.0263964	0.0263964
76500	3693_3_1_3_1	311.202	7.59029	7.59029	0.0239781	0.0239781
76500	3693_3_1_3_2	38.3639	4.26266	4.26266	0.05193	0.05193
76500	3693_3_1_1	222.019	6.00053	6.00053	0.0298983	0.0298983
76500	3693_3_1_3_3	0	0	0	0	0
76500	3693_3_2_0	3.5776	3.5776	3.5776	0.066891	0.066891
76500	3693_3_2_1	30.7181	4.3883	4.3883	0.0530581	0.0530581
76500	3693_3_2_2	3.24261	3.24261	3.24261	0.149932	0.149932
76500	3693_3_1_2_0	202.502	9.64296	9.64296	0.0392693	0.0392693
76500	3693_3_1_2_1	0	0	0	0	0
76500	3693_3_2_3	20.4253	4.08506	4.08506	0.0909627	0.0909627
76500	3693_3_0_1	0	0	0	0	0
76500	3693_3_1_2_2	0	0	0	0	0
8100	3693_3_0_2	0	0	0	0	0
8100	3693_3_1_2_3	3	3	3	0.0126245	0.0126245
8100	3693_3_3_1	0	0	0	0	0
8100	3693_3_1_3_0	0	0	0	0	0
8100	3693_3_1_0	72.1036	7.21036	7.21036	0.025313	0.025313
8100	3693_3_1_3_1	22.8167	5.70417	5.70417	0.0180198	0.0180198
8100	3693_3_1_3_2	0	0	0	0	0
8100	3693_3_1_1	3.32681	3.32681	3.32681	0.0165762	0.0165762
8100	3693_3_1_3_3	0	0	0	0	0
8100	3693_3_2_0	0	0	0	0	0
8100	3693_3_2_1	0	0	0	0	0
8100	3693_3_2_2	0	0	0	0	0
8100	3693_3_1_2_0	9.80063	4.90032	4.90032	0.0199557	0.0199557
8100	3693_3_1_2_1	0	0	0	0	0
8100	3693_3_2_3	3.20611	3.20611	3.20611	0.0713909	0.0713909
8100	3693_3_0_1	0	0	0	0	0
8100	3693_3_1_2_2	0	0	0	0	0
80100	3693_3_0_2	0	0	0	0	0
80100	3693_3_1_2_3	85.3167	6.09405	6.09405	0.0256448	0.0256448
80100	3693_3_3_1	0	0	0	0	0
80100	3693_3_1_3_0	0	0	0	0	0
80100	3693_3_1_0	195.433	8.88331	8.88331	0.0311861	0.0311861
80100	3693_3_1_3_1	180.852	6.69821	6.69821	0.02116	0.02116
80100	3693_3_1_3_2	19.9031	3.98063	3.98063	0.0484941	0.0484941
80100	3693_3_1_1	120.774	5.25105	5.25105	0.0261639	0.0261639
80100	3693_3_1_3_3	0	0	0	0	0
80100	3693_3_2_0	3.57526	3.57526	3.57526	0.0668473	0.0668473
80100	3693_3_2_1	14.1251	4.70837	4.70837	0.056928	0.056928
80100	3693_3_2_2	0	0	0	0	0
80100	3693_3_1_2_0	121.718	6.76211	6.76211	0.0275375	0.0275375
80100	3693_3_1_2_1	0	0	0	0	0
80100	3693_3_2_3	0	0	0	0	0
80100	3693_3_0_1	0	0	0	0	0
80100	3693_3_1_2_2	0	0	0	0	0
34200	3693_3_0_2	63.9456	4.91889	4.91889	0.324941	0.324941
34200	3693_3_1_2_3	1241.53	19.3989	19.3989	0.0816339	0.0816339
34200	3693_3_3_1	93.7039	5.512	5.512	0.336621	0.336621
34200	3693_3_1_3_0	22.4684	3.74473	3.74473	0.517163	0.517163
34200	3693_3_1_0	1866.3	15.5525	15.5525	0.0545993	0.0545993
34200	3693_3_1_3_1	2087.7	19.6952	19.6952	0.0622181	0.0622181
34200	3693_3_1_3_2	489.537	10.6421	10.6421	0.129648	0.129648
34200	3693_3_1_1	863.59	11.5145	11.5145	0.0573723	0.0573723
34200	3693_3_1_3_3	103.898	6.11163	6.11163	0.2737	0.2737
34200	3693_3_2_0	252.395	7.88734	7.88734	0.147471	0.147471
34200	3693_3_2_1	435.638	10.891	10.891	0.131681	0.131681
34200	3693_3_2_2	95.1222	5.94514	5.94514	0.274892	0.274892
34200	3693_3_1_2_0	1424.64	16.7604	16.7604	0.0682538	0.0682538
34200	3693_3_1_2_1	92.8663	5.80415	5.80415	0.239555	0.239555
34200	3693_3_2_3	129.959	7.64463	7.64463	0.170224	0.170224
34200	3693_3_0_1	0	0	0	0	0
34200	3693_3_1_2_2	15.258	3.81451	3.81451	0.325007	0.325007
37800	3693_3_0_2	77.863	4.09805	4.09805	0.270716	0.270716
37800	3693_3_1_2_3	1376.42	18.855	18.855	0.079345	0.079345
37800	3693_3_3_1	102.188	5.37832	5.37832	0.328457	0.328457
37800	3693_3_1_3_0	17.3351	3.46701	3.46701	0.478809	0.478809
37800	3693_3_1_0	1871.69	15.3417	15.3417	0.0538593	0.0538593
37800	3693_3_1_3_1	2165.51	18.8305	18.8305	0.0594865	0.0594865
37800	3693_3_1_3_2	532.399	11.3276	11.3276	0.137999	0.137999
37800	3693_3_1_1	856.494	11.2697	11.2697	0.0561525	0.0561525
37800	3693_3_1_3_3	124.59	6.2295	6.2295	0.278978	0.278978
37800	3693_3_2_0	267.931	8.64293	8.64293	0.161598	0.161598
37800	3693_3_2_1	474.303	9.88132	9.88132	0.119473	0.119473
37800	3693_3_2_2	84.2523	5.61682	5.61682	0.259711	0.259711
37800	3693_3_1_2_0	1505.54	15.8478	15.8478	0.0645374	0.0645374
37800	3693_3_1_2_1	106.193	6.24662	6.24662	0.257817	0.257817
37800	3693_3_2_3	151.962	7.59812	7.59812	0.169188	0.169188
37800	3693_3_0_1	0	0	0	0	0
37800	3693_3_1_2_2	37.6831	4.18701	4.18701	0.356745	0.356745
66600	3693_3_0_2	0	0	0	0	0
66600	3693_3_1_2_3	581.665	14.187	14.187	0.0597013	0.0597013
66600	3693_3_3_1	17.0538	3.41076	3.41076	0.208297	0.208297
66600	3693_3_1_3_0	0	0	0	0	0
66600	3693_3_1_0	1072.92	10.8376	10.8376	0.038047	0.038047
66600	3693_3_1_3_1	1451.44	14.9633	14.9633	0.0472698	0.0472698
66600	3693_3_1_3_2	318.815	8.17475	8.17475	0.0995891	0.0995891
66600	3693_3_1_1	530.814	8.56151	8.56151	0.0426587	0.0426587
66600	3693_3_1_3_3	8.81535	4.40768	4.40768	0.197391	0.197391
66600	3693_3_2_0	105.172	5.25861	5.25861	0.0983212	0.0983212
66600	3693_3_2_1	247.173	8.82762	8.82762	0.106733	0.106733
66600	3693_3_2_2	34.361	4.29512	4.29512	0.198598	0.198598
66600	3693_3_1_2_0	783.234	13.741	13.741	0.0559578	0.0559578
66600	3693_3_1_2_1	47.0046	3.91705	3.91705	0.161669	0.161669
66600	3693_3_2_3	67.453	5.62109	5.62109	0.125166	0.125166
66600	3693_3_0_1	0	0	0	0	0
66600	3693_3_1_2_2	0	0	0	0	0
41400	3693_3_0_2	64.288	4.28586	4.28586	0.283123	0.283123
41400	3693_3_1_2_3	1240.73	20.3398	20.3398	0.0855933	0.0855933
41400	3693_3_3_1	75.3044	4.70653	4.70653	0.28743	0.28743
41400	3693_3_1_3_0	12.5856	4.19521	4.19521	0.579376	0.579376
41400	3693_3_1_0	1612.17	14.7906	14.7906	0.0519245	0.0519245
41400	3693_3_1_3_1	1734.49	16.3631	16.3631	0.0516918	0.0516918
41400	3693_3_1_3_2	439.935	8.97827	8.97827	0.109378	0.109378
41400	3693_3_1_1	678.107	12.3292	12.3292	0.0614316	0.0614316
41400	3693_3_1_3_3	98.6495	5.48053	5.48053	0.245437	0.245437
41400	3693_3_2_0	222.078	8.22509	8.22509	0.153786	0.153786
41400	3693_3_2_1	355.307	10.1516	10.1516	0.122741	0.122741
41400	3693_3_2_2	68.26	5.25077	5.25077	0.242785	0.242785
41400	3693_3_1_2_0	1232.64	16.8854	16.8854	0.0687628	0.0687628
41400	3693_3_1_2_1	82.4679	4.85106	4.85106	0.200218	0.200218
41400	3693_3_2_3	116.721	6.4845	6.4845	0.144391	0.144391
41400	3693_3_0_1	0	0	0	0	0
41400	3693_3_1_2_2	22.3974	3.73289	3.73289	0.318053	0.318053
70200	3693_3_0_2	0	0	0	0	0
70200	3693_3_1_2_3	379.333	14.5897	14.5897	0.0613959	0.0613959
70200	3693_3_3_1	3.32532	3.32532	3.32532	0.203079	0.203079
70200	3693_3_1_3_0	0	0	0	0	0
70200	3693_3_1_0	563.719	9.8898	9.8898	0.0347196	0.0347196
70200	3693_3_1_3_1	808.94	11.7238	11.7238	0.0370361	0.0370361
70200	3693_3_1_3_2	159.495	6.64563	6.64563	0.0809605	0.0809605
70200	3693_3_1_1	300.248	7.50619	7.50619	0.0374004	0.0374004
70200	3693_3_1_3_3	0	0	0	0	0
70200	3693_3_2_0	57.7876	4.4452	4.4452	0.0831127	0.0831127
70200	3693_3_2_1	161.083	7.00362	7.00362	0.0846795	0.0846795
70200	3693_3_2_2	14.9461	3.73653	3.73653	0.17277	0.17277
70200	3693_3_1_2_0	440.194	11.0049	11.0049	0.0448155	0.0448155
70200	3693_3_1_2_1	3.41396	3.41396	3.41396	0.140904	0.140904
70200	3693_3_2_3	45.6867	4.56867	4.56867	0.101731	0.101731
70200	3693_3_0_1	0	0	0	0	0
70200	3693_3_1_2_2	0	0	0	0	0
2700	3693_3_0_2	0	0	0	0	0
2700	3693_3_1_2_3	0	0	0	0	0
2700	3693_3_3_1	0	0	0	0	0
2700	3693_3_1_3_0	0	0	0	0	0
2700	3693_3_1_0	65.9419	5.49516	5.49516	0.0192916	0.0192916
2700	3693_3_1_3_1	11.7208	3.90693	3.90693	0.0123422	0.0123422
2700	3693_3_1_3_2	0	0	0	0	0
2700	3693_3_1_1	13.686	4.56199	4.56199	0.0227306	0.0227306
2700	3693_3_1_3_3	0	0	0	0	0
2700	3693_3_2_0	0	0	0	0	0
2700	3693_3_2_1	0	0	0	0	0
2700	3693_3_2_2	0	0	0	0	0
2700	3693_3_1_2_0	15.5406	3.88514	3.88514	0.0158216	0.0158216
2700	3693_3_1_2_1	0	0	0	0	0
2700	3693_3_2_3	0	0	0	0	0
2700	3693_3_0_1	0	0	0	0	0
2700	3693_3_1_2_2	0	0	0	0	0
73800	3693_3_0_2	0	0	0	0	0
73800	3693_3_1_2_3	192.766	9.17935	9.17935	0.0386283	0.0386283
73800	3693_3_3_1	0	0	0	0	0
73800	3693_3_1_3_0	0	0	0	0	0
73800	3693_3_1_0	348.006	8.92322	8.92322	0.0313263	0.0313263
73800	3693_3_1_3_1	458.012	9.54191	9.54191	0.0301434	0.0301434
73800	3693_3_1_3_2	95.9511	5.33062	5.33062	0.0649404	0.0649404
73800	3693_3_1_1	266.765	6.20383	6.20383	0.0309113	0.0309113
73800	3693_3_1_3_3	0	0	0	0	0
73800	3693_3_2_0	8.87642	4.43821	4.43821	0.082982	0.082982
73800	3693_3_2_1	85.0818	5.00481	5.00481	0.0605122	0.0605122
73800	3693_3_2_2	8.63748	4.31874	4.31874	0.19969	0.19969
73800	3693_3_1_2_0	283.503	9.45011	9.45011	0.0384839	0.0384839
73800	3693_3_1_2_1	3.36005	3.36005	3.36005	0.138679	0.138679
73800	3693_3_2_3	8.61071	4.30535	4.30535	0.0958679	0.0958679
73800	3693_3_0_1	0	0	0	0	0
73800	3693_3_1_2_2	0	0	0	0	0
69300	3693_3_0_2	3.12204	3.12204	3.12204	0.206241	0.206241
69300	3693_3_1_2_3	382.211	14.156	14.156	0.0595709	0.0595709
69300	3693_3_3_1	3.10403	3.10403	3.10403	0.189565	0.189565
69300	3693_3_1_3_0	0	0	0	0	0
69300	3693_3_1_0	665.602	9.78826	9.78826	0.0343631	0.0343631
69300	3693_3_1_3_1	975.752	11.8994	11.8994	0.0375908	0.0375908
69300	3693_3_1_3_2	208.571	6.95237	6.95237	0.0846974	0.0846974
69300	3693_3_1_1	303.235	7.39599	7.39599	0.0368513	0.0368513
69300	3693_3_1_3_3	3.92307	3.92307	3.92307	0.175688	0.175688
69300	3693_3_2_0	54.8501	4.21924	4.21924	0.0788879	0.0788879
69300	3693_3_2_1	174.342	7.26425	7.26425	0.0878307	0.0878307
69300	3693_3_2_2	22.3007	4.46013	4.46013	0.206228	0.206228
69300	3693_3_1_2_0	452.46	12.2287	12.2287	0.0497992	0.0497992
69300	3693_3_1_2_1	14.1919	3.54797	3.54797	0.146435	0.146435
69300	3693_3_2_3	57.2414	4.40318	4.40318	0.0980463	0.0980463
69300	3693_3_0_1	0	0	0	0	0
69300	3693_3_1_2_2	0	0	0	0	0
5400	3693_3_0_2	0	0	0	0	0
5400	3693_3_1_2_3	12.71	4.23665	4.23665	0.0178285	0.0178285
5400	3693_3_3_1	0	0	0	0	0
5400	3693_3_1_3_0	0	0	0	0	0
5400	3693_3_1_0	55.0739	5.00672	5.00672	0.0175768	0.0175768
5400	3693_3_1_3_1	29.1857	4.86428	4.86428	0.0153665	0.0153665
5400	3693_3_1_3_2	0	0	0	0	0
5400	3693_3_1_1	17.9871	4.49679	4.49679	0.0224058	0.0224058
5400	3693_3_1_3_3	0	0	0	0	0
5400	3693_3_2_0	0	0	0	0	0
5400	3693_3_2_1	0	0	0	0	0
5400	3693_3_2_2	0	0	0	0	0
5400	3693_3_1_2_0	21.7138	4.34275	4.34275	0.0176851	0.0176851
5400	3693_3_1_2_1	0	0	0	0	0
5400	3693_3_2_3	0	0	0	0	0
5400	3693_3_0_1	0	0	0	0	0
5400	3693_3_1_2_2	0	0	0	0	0
27900	3693_3_0_2	30.1442	4.30631	4.30631	0.284474	0.284474
27900	3693_3_1_2_3	740.853	18.0696	18.0696	0.0760399	0.0760399
27900	3693_3_3_1	33.1864	4.14829	4.14829	0.253338	0.253338
27900	3693_3_1_3_0	3.67241	3.67241	3.67241	0.507175	0.507175
27900	3693_3_1_0	1250.59	13.7427	13.7427	0.0482457	0.0482457
27900	3693_3_1_3_1	1169.92	13.6037	13.6037	0.0429747	0.0429747
27900	3693_3_1_3_2	282.783	8.83696	8.83696	0.107656	0.107656
27900	3693_3_1_1	532.987	14.4051	14.4051	0.071775	0.071775
27900	3693_3_1_3_3	57.2222	5.20202	5.20202	0.232964	0.232964
27900	3693_3_2_0	134.125	6.0966	6.0966	0.113989	0.113989
27900	3693_3_2_1	264.33	9.11482	9.11482	0.110206	0.110206
27900	3693_3_2_2	66.8921	5.14554	5.14554	0.23792	0.23792
27900	3693_3_1_2_0	790.513	16.469	16.469	0.0670671	0.0670671
27900	3693_3_1_2_1	45.8654	4.58654	4.58654	0.1893	0.1893
27900	3693_3_2_3	86.8487	7.2374	7.2374	0.161156	0.161156
27900	3693_3_0_1	0	0	0	0	0
27900	3693_3_1_2_2	6.9487	3.47435	3.47435	0.296024	0.296024
31500	3693_3_0_2	48.7347	4.87347	4.87347	0.32194	0.32194
31500	3693_3_1_2_3	1174.6	19.9084	19.9084	0.0837779	0.0837779
31500	3693_3_3_1	66.4427	5.11098	5.11098	0.31213	0.31213
31500	3693_3_1_3_0	13.2409	3.31023	3.31023	0.457157	0.457157
31500	3693_3_1_0	1728.24	16.4594	16.4594	0.0577831	0.0577831
31500	3693_3_1_3_1	1786.31	18.4156	18.4156	0.0581758	0.0581758
31500	3693_3_1_3_2	460.78	10.4723	10.4723	0.127579	0.127579
31500	3693_3_1_1	741.256	12.1517	12.1517	0.0605472	0.0605472
31500	3693_3_1_3_3	84.8413	6.06009	6.06009	0.271391	0.271391
31500	3693_3_2_0	215.331	7.1777	7.1777	0.134203	0.134203
31500	3693_3_2_1	404.92	10.3826	10.3826	0.125534	0.125534
31500	3693_3_2_2	116.697	6.48315	6.48315	0.299768	0.299768
31500	3693_3_1_2_0	1250.13	18.9414	18.9414	0.0771355	0.0771355
31500	3693_3_1_2_1	99.4504	6.21565	6.21565	0.256539	0.256539
31500	3693_3_2_3	150.083	7.50413	7.50413	0.167096	0.167096
31500	3693_3_0_1	3.7093	3.7093	3.7093	0.802221	0.802221
31500	3693_3_1_2_2	30.0591	5.00985	5.00985	0.426853	0.426853
27000	3693_3_0_2	14.533	3.63324	3.63324	0.240011	0.240011
27000	3693_3_1_2_3	580.817	16.5948	16.5948	0.0698337	0.0698337
27000	3693_3_3_1	13.1221	3.28053	3.28053	0.200344	0.200344
27000	3693_3_1_3_0	0	0	0	0	0
27000	3693_3_1_0	1017.81	13.3922	13.3922	0.0470153	0.0470153
27000	3693_3_1_3_1	867.708	12.9509	12.9509	0.0409125	0.0409125
27000	3693_3_1_3_2	192.562	7.70247	7.70247	0.0938355	0.0938355
27000	3693_3_1_1	501.356	12.5339	12.5339	0.0624515	0.0624515
27000	3693_3_1_3_3	39.2402	4.36003	4.36003	0.195257	0.195257
27000	3693_3_2_0	83.2835	5.94882	5.94882	0.111226	0.111226
27000	3693_3_2_1	217.68	11.4568	11.4568	0.138522	0.138522
27000	3693_3_2_2	55.0483	5.00439	5.00439	0.231393	0.231393
27000	3693_3_1_2_0	600.837	14.6546	14.6546	0.0596783	0.0596783
27000	3693_3_1_2_1	36.834	4.09267	4.09267	0.168917	0.168917
27000	3693_3_2_3	80.7469	6.2113	6.2113	0.138308	0.138308
27000	3693_3_0_1	0	0	0	0	0
27000	3693_3_1_2_2	13.194	4.39799	4.39799	0.374721	0.374721
60300	3693_3_0_2	23.5323	3.92205	3.92205	0.25909	0.25909
60300	3693_3_1_2_3	860.627	15.9375	15.9375	0.0670677	0.0670677
60300	3693_3_3_1	60.4707	4.31934	4.31934	0.263785	0.263785
60300	3693_3_1_3_0	3.19827	3.19827	3.19827	0.441694	0.441694
60300	3693_3_1_0	1596.73	12.7738	12.7738	0.0448443	0.0448443
60300	3693_3_1_3_1	1749.47	16.3502	16.3502	0.0516511	0.0516511
60300	3693_3_1_3_2	411.593	8.75731	8.75731	0.106686	0.106686
60300	3693_3_1_1	724.635	9.41085	9.41085	0.0468906	0.0468906
60300	3693_3_1_3_3	65.1929	4.34619	4.34619	0.194637	0.194637
60300	3693_3_2_0	176.606	5.88687	5.88687	0.110068	0.110068
60300	3693_3_2_1	418.947	9.10754	9.10754	0.110118	0.110118
60300	3693_3_2_2	82.567	5.50446	5.50446	0.254516	0.254516
60300	3693_3_1_2_0	1122.11	16.2625	16.2625	0.0662262	0.0662262
60300	3693_3_1_2_1	65.1616	4.6544	4.6544	0.192101	0.192101
60300	3693_3_2_3	118.268	6.22464	6.22464	0.138605	0.138605
60300	3693_3_0_1	0	0	0	0	0
60300	3693_3_1_2_2	15.5314	3.88286	3.88286	0.330831	0.330831
63900	3693_3_0_2	10.2447	3.41489	3.41489	0.225587	0.225587
63900	3693_3_1_2_3	706.158	15.3513	15.3513	0.0646009	0.0646009
63900	3693_3_3_1	29.4162	4.20231	4.20231	0.256637	0.256637
63900	3693_3_1_3_0	0	0	0	0	0
63900	3693_3_1_0	1473.63	10.9972	10.9972	0.0386073	0.0386073
63900	3693_3_1_3_1	1686.76	16.7006	16.7006	0.052758	0.052758
63900	3693_3_1_3_2	393.035	8.93261	8.93261	0.108822	0.108822
63900	3693_3_1_1	681.226	10.3216	10.3216	0.0514285	0.0514285
63900	3693_3_1_3_3	32.5325	3.61472	3.61472	0.161879	0.161879
63900	3693_3_2_0	169.06	5.82966	5.82966	0.108998	0.108998
63900	3693_3_2_1	376.011	9.64132	9.64132	0.116571	0.116571
63900	3693_3_2_2	83.1241	5.54161	5.54161	0.256233	0.256233
63900	3693_3_1_2_0	1009.08	14.4154	14.4154	0.0587042	0.0587042
63900	3693_3_1_2_1	44.1172	4.01066	4.01066	0.165532	0.165532
63900	3693_3_2_3	108.987	6.05486	6.05486	0.134824	0.134824
63900	3693_3_0_1	0	0	0	0	0
63900	3693_3_1_2_2	0	0	0	0	0
59400	3693_3_0_2	19.5479	3.90958	3.90958	0.258266	0.258266
59400	3693_3_1_2_3	804.926	15.4793	15.4793	0.0651395	0.0651395
59400	3693_3_3_1	39.1363	3.91363	3.91363	0.239008	0.239008
59400	3693_3_1_3_0	0	0	0	0	0
59400	3693_3_1_0	1544.72	12.8727	12.8727	0.0451915	0.0451915
59400	3693_3_1_3_1	1724.71	16.2709	16.2709	0.0514006	0.0514006
59400	3693_3_1_3_2	399.88	9.08819	9.08819	0.110717	0.110717
59400	3693_3_1_1	646.504	10.4275	10.4275	0.0519562	0.0519562
59400	3693_3_1_3_3	69.7	4.64667	4.64667	0.208094	0.208094
59400	3693_3_2_0	185.197	6.38612	6.38612	0.119402	0.119402
59400	3693_3_2_1	374.147	9.12552	9.12552	0.110335	0.110335
59400	3693_3_2_2	70.6091	5.0435	5.0435	0.233202	0.233202
59400	3693_3_1_2_0	1148.18	14.7203	14.7203	0.0599458	0.0599458
59400	3693_3_1_2_1	89.9525	5.29133	5.29133	0.218389	0.218389
59400	3693_3_2_3	89.9545	5.62216	5.62216	0.125189	0.125189
59400	3693_3_0_1	0	0	0	0	0
59400	3693_3_1_2_2	26.7464	3.82092	3.82092	0.325553	0.325553
63000	3693_3_0_2	24.4058	4.06763	4.06763	0.268707	0.268707
63000	3693_3_1_2_3	777.053	17.2678	17.2678	0.0726658	0.0726658
63000	3693_3_3_1	47.4308	4.31189	4.31189	0.26333	0.26333
63000	3693_3_1_3_0	6.76704	3.38352	3.38352	0.467278	0.467278
63000	3693_3_1_0	1562.6	12.8082	12.8082	0.044965	0.044965
63000	3693_3_1_3_1	1776.28	16.4471	16.4471	0.0519572	0.0519572
63000	3693_3_1_3_2	423.068	9.19713	9.19713	0.112044	0.112044
63000	3693_3_1_1	739.207	10.8707	10.8707	0.0541645	0.0541645
63000	3693_3_1_3_3	60.1679	4.6283	4.6283	0.207271	0.207271
63000	3693_3_2_0	182.623	5.37128	5.37128	0.100428	0.100428
63000	3693_3_2_1	425.973	9.90635	9.90635	0.119776	0.119776
63000	3693_3_2_2	84.9967	6.53821	6.53821	0.302314	0.302314
63000	3693_3_1_2_0	1159.81	15.2607	15.2607	0.0621465	0.0621465
63000	3693_3_1_2_1	63.6374	4.89518	4.89518	0.202039	0.202039
63000	3693_3_2_3	95.4038	5.61199	5.61199	0.124963	0.124963
63000	3693_3_0_1	0	0	0	0	0
63000	3693_3_1_2_2	18.9751	3.79501	3.79501	0.323346	0.323346
21600	3693_3_0_2	0	0	0	0	0
21600	3693_3_1_2_3	148.923	8.27351	8.27351	0.0348163	0.0348163
21600	3693_3_3_1	0	0	0	0	0
21600	3693_3_1_3_0	0	0	0	0	0
21600	3693_3_1_0	323.222	11.5436	11.5436	0.0405255	0.0405255
21600	3693_3_1_3_1	201.361	7.45781	7.45781	0.0235596	0.0235596
21600	3693_3_1_3_2	45.701	5.07789	5.07789	0.0618615	0.0618615
21600	3693_3_1_1	96.688	8.05734	8.05734	0.0401466	0.0401466
21600	3693_3_1_3_3	0	0	0	0	0
21600	3693_3_2_0	0	0	0	0	0
21600	3693_3_2_1	43.99	5.49875	5.49875	0.0664844	0.0664844
21600	3693_3_2_2	4.42187	4.42187	4.42187	0.204459	0.204459
21600	3693_3_1_2_0	149.755	7.88186	7.88186	0.0320975	0.0320975
21600	3693_3_1_2_1	0	0	0	0	0
21600	3693_3_2_3	23.3659	4.67318	4.67318	0.104058	0.104058
21600	3693_3_0_1	0	0	0	0	0
21600	3693_3_1_2_2	0	0	0	0	0
17100	3693_3_0_2	0	0	0	0	0
17100	3693_3_1_2_3	16.8993	4.22482	4.22482	0.0177788	0.0177788
17100	3693_3_3_1	0	0	0	0	0
17100	3693_3_1_3_0	0	0	0	0	0
17100	3693_3_1_0	103.294	7.37817	7.37817	0.0259021	0.0259021
17100	3693_3_1_3_1	17.2923	4.32307	4.32307	0.0136568	0.0136568
17100	3693_3_1_3_2	0	0	0	0	0
17100	3693_3_1_1	17.0361	3.40722	3.40722	0.0169769	0.0169769
17100	3693_3_1_3_3	0	0	0	0	0
17100	3693_3_2_0	0	0	0	0	0
17100	3693_3_2_1	3.43474	3.43474	3.43474	0.0415288	0.0415288
17100	3693_3_2_2	0	0	0	0	0
17100	3693_3_1_2_0	15.4489	5.14963	5.14963	0.020971	0.020971
17100	3693_3_1_2_1	0	0	0	0	0
17100	3693_3_2_3	0	0	0	0	0
17100	3693_3_0_1	0	0	0	0	0
17100	3693_3_1_2_2	0	0	0	0	0
49500	3693_3_0_2	22.1147	4.42295	4.42295	0.292179	0.292179
49500	3693_3_1_2_3	1113.19	17.1259	17.1259	0.0720687	0.0720687
49500	3693_3_3_1	52.6712	4.05163	4.05163	0.247435	0.247435
49500	3693_3_1_3_0	0	0	0	0	0
49500	3693_3_1_0	1186.03	13.1781	13.1781	0.0462636	0.0462636
49500	3693_3_1_3_1	1228.31	13.3512	13.3512	0.0421771	0.0421771
49500	3693_3_1_3_2	284.92	7.91443	7.91443	0.0964177	0.0964177
49500	3693_3_1_1	521.393	9.65542	9.65542	0.0481092	0.0481092
49500	3693_3_1_3_3	58.8229	4.20163	4.20163	0.188163	0.188163
49500	3693_3_2_0	147.756	7.77665	7.77665	0.145401	0.145401
49500	3693_3_2_1	270.56	9.01868	9.01868	0.109043	0.109043
49500	3693_3_2_2	51.8302	4.31918	4.31918	0.199711	0.199711
49500	3693_3_1_2_0	1110.81	14.2411	14.2411	0.0579944	0.0579944
49500	3693_3_1_2_1	51.0597	4.25498	4.25498	0.175616	0.175616
49500	3693_3_2_3	90.4492	6.02995	6.02995	0.13427	0.13427
49500	3693_3_0_1	0	0	0	0	0
49500	3693_3_1_2_2	3.70762	3.70762	3.70762	0.3159	0.3159
82800	3693_3_0_2	0	0	0	0	0
82800	3693_3_1_2_3	33.4731	4.18413	4.18413	0.0176075	0.0176075
82800	3693_3_3_1	0	0	0	0	0
82800	3693_3_1_3_0	0	0	0	0	0
82800	3693_3_1_0	196.108	8.52641	8.52641	0.0299332	0.0299332
82800	3693_3_1_3_1	107.477	5.37387	5.37387	0.0169763	0.0169763
82800	3693_3_1_3_2	0	0	0	0	0
82800	3693_3_1_1	69.3478	5.33445	5.33445	0.0265795	0.0265795
82800	3693_3_1_3_3	0	0	0	0	0
82800	3693_3_2_0	0	0	0	0	0
82800	3693_3_2_1	0	0	0	0	0
82800	3693_3_2_2	0	0	0	0	0
82800	3693_3_1_2_0	79.1822	5.65587	5.65587	0.0230325	0.0230325
82800	3693_3_1_2_1	0	0	0	0	0
82800	3693_3_2_3	0	0	0	0	0
82800	3693_3_0_1	0	0	0	0	0
82800	3693_3_1_2_2	0	0	0	0	0
24300	3693_3_0_2	4.04463	4.04463	4.04463	0.267187	0.267187
24300	3693_3_1_2_3	354.459	12.2227	12.2227	0.0514352	0.0514352
24300	3693_3_3_1	3.48237	3.48237	3.48237	0.21267	0.21267
24300	3693_3_1_3_0	0	0	0	0	0
24300	3693_3_1_0	618.757	13.165	13.165	0.0462176	0.0462176
24300	3693_3_1_3_1	461.703	9.82347	9.82347	0.0310328	0.0310328
24300	3693_3_1_3_2	122.234	6.11169	6.11169	0.0744558	0.0744558
24300	3693_3_1_1	280.474	11.219	11.219	0.0558999	0.0558999
24300	3693_3_1_3_3	7.0158	3.5079	3.5079	0.157096	0.157096
24300	3693_3_2_0	34.8264	4.35329	4.35329	0.0813942	0.0813942
24300	3693_3_2_1	123.082	7.69261	7.69261	0.0930099	0.0930099
24300	3693_3_2_2	26.7315	3.81878	3.81878	0.176573	0.176573
24300	3693_3_1_2_0	334.855	11.1618	11.1618	0.0454545	0.0454545
24300	3693_3_1_2_1	17.0923	4.27307	4.27307	0.176363	0.176363
24300	3693_3_2_3	53.1527	5.31527	5.31527	0.118356	0.118356
24300	3693_3_0_1	0	0	0	0	0
24300	3693_3_1_2_2	8.98058	4.49029	4.49029	0.382585	0.382585
53100	3693_3_0_2	14.3121	3.57802	3.57802	0.236363	0.236363
53100	3693_3_1_2_3	980.607	18.8578	18.8578	0.0793568	0.0793568
53100	3693_3_3_1	46.7832	4.25302	4.25302	0.259734	0.259734
53100	3693_3_1_3_0	0	0	0	0	0
53100	3693_3_1_0	1292.65	12.6731	12.6731	0.0444907	0.0444907
53100	3693_3_1_3_1	1391.04	15.6297	15.6297	0.049375	0.049375
53100	3693_3_1_3_2	358.144	7.95876	7.95876	0.0969578	0.0969578
53100	3693_3_1_1	577.606	10.6964	10.6964	0.053296	0.053296
53100	3693_3_1_3_3	50.4313	4.20261	4.20261	0.188207	0.188207
53100	3693_3_2_0	146.587	6.98032	6.98032	0.130512	0.130512
53100	3693_3_2_1	295.975	9.54757	9.54757	0.115438	0.115438
53100	3693_3_2_2	42.8962	4.76624	4.76624	0.220382	0.220382
53100	3693_3_1_2_0	1133.43	15.9638	15.9638	0.0650098	0.0650098
53100	3693_3_1_2_1	61.7322	4.74863	4.74863	0.19599	0.19599
53100	3693_3_2_3	103.127	6.87511	6.87511	0.153089	0.153089
53100	3693_3_0_1	0	0	0	0	0
53100	3693_3_1_2_2	6.74634	3.37317	3.37317	0.287404	0.287404
56700	3693_3_0_2	16.0826	4.02066	4.02066	0.265604	0.265604
56700	3693_3_1_2_3	993.601	16.2885	16.2885	0.0685448	0.0685448
56700	3693_3_3_1	50.5358	4.21131	4.21131	0.257187	0.257187
56700	3693_3_1_3_0	3.31405	3.31405	3.31405	0.457684	0.457684
56700	3693_3_1_0	1538.74	12.116	12.116	0.042535	0.042535
56700	3693_3_1_3_1	1573.33	16.2199	16.2199	0.0512395	0.0512395
56700	3693_3_1_3_2	341.64	8.33269	8.33269	0.101513	0.101513
56700	3693_3_1_1	666.499	10.414	10.414	0.0518889	0.0518889
56700	3693_3_1_3_3	53.8079	4.13907	4.13907	0.185362	0.185362
56700	3693_3_2_0	164.989	6.59955	6.59955	0.123393	0.123393
56700	3693_3_2_1	387.916	8.81626	8.81626	0.106596	0.106596
56700	3693_3_2_2	78.7997	6.06151	6.06151	0.280273	0.280273
56700	3693_3_1_2_0	1122.94	14.2144	14.2144	0.0578856	0.0578856
56700	3693_3_1_2_1	76.7117	5.11411	5.11411	0.211075	0.211075
56700	3693_3_2_3	115.155	6.7738	6.7738	0.150833	0.150833
56700	3693_3_0_1	0	0	0	0	0
56700	3693_3_1_2_2	21.3494	3.55823	3.55823	0.303171	0.303171
11700	3693_3_0_2	0	0	0	0	0
11700	3693_3_1_2_3	4.03891	4.03891	4.03891	0.0169964	0.0169964
11700	3693_3_3_1	0	0	0	0	0
11700	3693_3_1_3_0	0	0	0	0	0
11700	3693_3_1_0	55.3924	5.53924	5.53924	0.0194463	0.0194463
11700	3693_3_1_3_1	28.2016	4.70027	4.70027	0.0148484	0.0148484
11700	3693_3_1_3_2	0	0	0	0	0
11700	3693_3_1_1	21.206	5.3015	5.3015	0.0264153	0.0264153
11700	3693_3_1_3_3	0	0	0	0	0
11700	3693_3_2_0	0	0	0	0	0
11700	3693_3_2_1	0	0	0	0	0
11700	3693_3_2_2	0	0	0	0	0
11700	3693_3_1_2_0	20.8126	4.16252	4.16252	0.0169511	0.0169511
11700	3693_3_1_2_1	0	0	0	0	0
11700	3693_3_2_3	0	0	0	0	0
11700	3693_3_0_1	0	0	0	0	0
11700	3693_3_1_2_2	0	0	0	0	0
85500	3693_3_0_2	0	0	0	0	0
85500	3693_3_1_2_3	61.1109	6.11109	6.11109	0.0257165	0.0257165
85500	3693_3_3_1	0	0	0	0	0
85500	3693_3_1_3_0	0	0	0	0	0
85500	3693_3_1_0	93.0921	5.81826	5.81826	0.0204258	0.0204258
85500	3693_3_1_3_1	50.7848	5.07848	5.07848	0.0160432	0.0160432
85500	3693_3_1_3_2	7.28442	3.64221	3.64221	0.0443713	0.0443713
85500	3693_3_1_1	19.2974	3.85949	3.85949	0.0192303	0.0192303
85500	3693_3_1_3_3	0	0	0	0	0
85500	3693_3_2_0	0	0	0	0	0
85500	3693_3_2_1	0	0	0	0	0
85500	3693_3_2_2	0	0	0	0	0
85500	3693_3_1_2_0	50.9806	5.66451	5.66451	0.0230677	0.0230677
85500	3693_3_1_2_1	0	0	0	0	0
85500	3693_3_2_3	0	0	0	0	0
85500	3693_3_0_1	0	0	0	0	0
85500	3693_3_1_2_2	0	0	0	0	0
14400	3693_3_0_2	0	0	0	0	0
14400	3693_3_1_2_3	40.0085	4.00085	4.00085	0.0168363	0.0168363
14400	3693_3_3_1	0	0	0	0	0
14400	3693_3_1_3_0	0	0	0	0	0
14400	3693_3_1_0	94.894	7.29954	7.29954	0.0256261	0.0256261
14400	3693_3_1_3_1	4.30117	4.30117	4.30117	0.0135876	0.0135876
14400	3693_3_1_3_2	0	0	0	0	0
14400	3693_3_1_1	11.9043	3.9681	3.9681	0.0197715	0.0197715
14400	3693_3_1_3_3	0	0	0	0	0
14400	3693_3_2_0	0	0	0	0	0
14400	3693_3_2_1	0	0	0	0	0
14400	3693_3_2_2	0	0	0	0	0
14400	3693_3_1_2_0	12.9616	3.2404	3.2404	0.013196	0.013196
14400	3693_3_1_2_1	0	0	0	0	0
14400	3693_3_2_3	0	0	0	0	0
14400	3693_3_0_1	0	0	0	0	0
14400	3693_3_1_2_2	0	0	0	0	0
43200	3693_3_0_2	33.9807	4.24759	4.24759	0.280595	0.280595
43200	3693_3_1_2_3	1144.56	19.7337	19.7337	0.0830428	0.0830428
43200	3693_3_3_1	62.9973	4.19982	4.19982	0.256485	0.256485
43200	3693_3_1_3_0	3.15199	3.15199	3.15199	0.435303	0.435303
43200	3693_3_1_0	1386.74	14.1504	14.1504	0.049677	0.049677
43200	3693_3_1_3_1	1459.69	15.2051	15.2051	0.0480337	0.0480337
43200	3693_3_1_3_2	398.081	11.0578	11.0578	0.134712	0.134712
43200	3693_3_1_1	656.635	12.1599	12.1599	0.060588	0.060588
43200	3693_3_1_3_3	80.5827	4.74016	4.74016	0.212281	0.212281
43200	3693_3_2_0	201.247	6.93957	6.93957	0.12975	0.12975
43200	3693_3_2_1	308.297	9.06755	9.06755	0.109634	0.109634
43200	3693_3_2_2	46.8063	4.68063	4.68063	0.216423	0.216423
43200	3693_3_1_2_0	1237.95	17.4359	17.4359	0.0710046	0.0710046
43200	3693_3_1_2_1	75.7208	4.45416	4.45416	0.183837	0.183837
43200	3693_3_2_3	114.203	7.13768	7.13768	0.158936	0.158936
43200	3693_3_0_1	0	0	0	0	0
43200	3693_3_1_2_2	4.00649	4.00649	4.00649	0.341364	0.341364
46800	3693_3_0_2	9.41721	4.70861	4.70861	0.31105	0.31105
46800	3693_3_1_2_3	992.226	24.2006	24.2006	0.10184	0.10184
46800	3693_3_3_1	32.5708	4.07135	4.07135	0.24864	0.24864
46800	3693_3_1_3_0	0	0	0	0	0
46800	3693_3_1_0	1238.23	14.398	14.398	0.0505463	0.0505463
46800	3693_3_1_3_1	1280.87	14.7226	14.7226	0.0465094	0.0465094
46800	3693_3_1_3_2	333.203	8.7685	8.7685	0.106822	0.106822
46800	3693_3_1_1	524.268	11.6504	11.6504	0.0580494	0.0580494
46800	3693_3_1_3_3	53.7444	4.4787	4.4787	0.200571	0.200571
46800	3693_3_2_0	144.217	6.86749	6.86749	0.128403	0.128403
46800	3693_3_2_1	258.162	8.90215	8.90215	0.107634	0.107634
46800	3693_3_2_2	59.846	4.60354	4.60354	0.212859	0.212859
46800	3693_3_1_2_0	1080.91	16.8893	16.8893	0.0687787	0.0687787
46800	3693_3_1_2_1	42.4984	4.24984	4.24984	0.175404	0.175404
46800	3693_3_2_3	87.246	5.45287	5.45287	0.12142	0.12142
46800	3693_3_0_1	0	0	0	0	0
46800	3693_3_1_2_2	10.3506	3.4502	3.4502	0.293967	0.293967
75600	3693_3_0_2	0	0	0	0	0
75600	3693_3_1_2_3	146.909	8.6417	8.6417	0.0363657	0.0363657
75600	3693_3_3_1	0	0	0	0	0
75600	3693_3_1_3_0	0	0	0	0	0
75600	3693_3_1_0	275.462	8.88587	8.88587	0.0311951	0.0311951
75600	3693_3_1_3_1	358.303	7.96229	7.96229	0.0251533	0.0251533
75600	3693_3_1_3_2	31.6298	3.95372	3.95372	0.0481663	0.0481663
75600	3693_3_1_1	261.11	6.07232	6.07232	0.030256	0.030256
75600	3693_3_1_3_3	0	0	0	0	0
75600	3693_3_2_0	3.24981	3.24981	3.24981	0.0607623	0.0607623
75600	3693_3_2_1	67.7481	4.51654	4.51654	0.0546087	0.0546087
75600	3693_3_2_2	3.15279	3.15279	3.15279	0.145779	0.145779
75600	3693_3_1_2_0	207.198	8.28794	8.28794	0.0337512	0.0337512
75600	3693_3_1_2_1	0	0	0	0	0
75600	3693_3_2_3	24.1036	4.01726	4.01726	0.0894529	0.0894529
75600	3693_3_0_1	0	0	0	0	0
75600	3693_3_1_2_2	0	0	0	0	0
50400	3693_3_0_2	20.5652	3.42753	3.42753	0.226422	0.226422
50400	3693_3_1_2_3	1092.46	16.0656	16.0656	0.0676068	0.0676068
50400	3693_3_3_1	40.9991	4.55545	4.55545	0.278204	0.278204
50400	3693_3_1_3_0	0	0	0	0	0
50400	3693_3_1_0	1233.13	11.3131	11.3131	0.0397163	0.0397163
50400	3693_3_1_3_1	1245.4	15.1878	15.1878	0.047979	0.047979
50400	3693_3_1_3_2	312.156	8.43665	8.43665	0.10278	0.10278
50400	3693_3_1_1	567.156	10.1278	10.1278	0.0504629	0.0504629
50400	3693_3_1_3_3	51.3614	4.66922	4.66922	0.209104	0.209104
50400	3693_3_2_0	123.18	6.15902	6.15902	0.115156	0.115156
50400	3693_3_2_1	280.496	8.24989	8.24989	0.0997479	0.0997479
50400	3693_3_2_2	46.0539	4.18671	4.18671	0.193585	0.193585
50400	3693_3_1_2_0	1184.51	17.4193	17.4193	0.070937	0.070937
50400	3693_3_1_2_1	62.1943	4.78418	4.78418	0.197458	0.197458
50400	3693_3_2_3	94.2843	6.73459	6.73459	0.14996	0.14996
50400	3693_3_0_1	0	0	0	0	0
50400	3693_3_1_2_2	18.2395	3.6479	3.6479	0.310811	0.310811
7200	3693_3_0_2	0	0	0	0	0
7200	3693_3_1_2_3	8.74036	4.37018	4.37018	0.0183905	0.0183905
7200	3693_3_3_1	0	0	0	0	0
7200	3693_3_1_3_0	0	0	0	0	0
7200	3693_3_1_0	59.5952	5.95952	5.95952	0.0209218	0.0209218
7200	3693_3_1_3_1	15.8782	3.96954	3.96954	0.01254	0.01254
7200	3693_3_1_3_2	0	0	0	0	0
7200	3693_3_1_1	22.0835	5.52088	5.52088	0.0275084	0.0275084
7200	3693_3_1_3_3	0	0	0	0	0
7200	3693_3_2_0	0	0	0	0	0
7200	3693_3_2_1	0	0	0	0	0
7200	3693_3_2_2	0	0	0	0	0
7200	3693_3_1_2_0	3.02436	3.02436	3.02436	0.0123162	0.0123162
7200	3693_3_1_2_1	0	0	0	0	0
7200	3693_3_2_3	0	0	0	0	0
7200	3693_3_0_1	0	0	0	0	0
7200	3693_3_1_2_2	0	0	0	0	0
78300	3693_3_0_2	0	0	0	0	0
78300	3693_3_1_2_3	128.188	8.54588	8.54588	0.0359625	0.0359625
78300	3693_3_3_1	0	0	0	0	0
78300	3693_3_1_3_0	0	0	0	0	0
78300	3693_3_1_0	213.568	7.90993	7.90993	0.027769	0.027769
78300	3693_3_1_3_1	230.09	6.574	6.574	0.0207676	0.0207676
78300	3693_3_1_3_2	20.0915	4.0183	4.0183	0.048953	0.048953
78300	3693_3_1_1	225.547	6.26521	6.26521	0.0312171	0.0312171
78300	3693_3_1_3_3	0	0	0	0	0
78300	3693_3_2_0	31.558	3.94475	3.94475	0.0737557	0.0737557
78300	3693_3_2_1	51.4492	5.14492	5.14492	0.0622063	0.0622063
78300	3693_3_2_2	3.53209	3.53209	3.53209	0.163317	0.163317
78300	3693_3_1_2_0	129.455	5.88431	5.88431	0.0239628	0.0239628
78300	3693_3_1_2_1	6.98946	3.49473	3.49473	0.144238	0.144238
78300	3693_3_2_3	0	0	0	0	0
78300	3693_3_0_1	0	0	0	0	0
78300	3693_3_1_2_2	0	0	0	0	0
36900	3693_3_0_2	74.3097	4.64436	4.64436	0.306805	0.306805
36900	3693_3_1_2_3	1520.81	20.5515	20.5515	0.0864842	0.0864842
36900	3693_3_3_1	108.907	6.40629	6.40629	0.391236	0.391236
36900	3693_3_1_3_0	16.822	3.3644	3.3644	0.464638	0.464638
36900	3693_3_1_0	1913.35	15.9446	15.9446	0.0559758	0.0559758
36900	3693_3_1_3_1	2221.43	18.2085	18.2085	0.0575215	0.0575215
36900	3693_3_1_3_2	605.184	10.8069	10.8069	0.131655	0.131655
36900	3693_3_1_1	933.103	12.1182	12.1182	0.0603803	0.0603803
36900	3693_3_1_3_3	124.096	6.89423	6.89423	0.308747	0.308747
36900	3693_3_2_0	340.677	8.96517	8.96517	0.167623	0.167623
36900	3693_3_2_1	531.346	11.3052	11.3052	0.136689	0.136689
36900	3693_3_2_2	118.507	6.971	6.971	0.322326	0.322326
36900	3693_3_1_2_0	1513.62	18.9202	18.9202	0.0770492	0.0770492
36900	3693_3_1_2_1	108.791	6.39946	6.39946	0.264125	0.264125
36900	3693_3_2_3	167.848	7.62946	7.62946	0.169886	0.169886
36900	3693_3_0_1	0	0	0	0	0
36900	3693_3_1_2_2	35.7981	4.47476	4.47476	0.381262	0.381262
65700	3693_3_0_2	7.19435	3.59718	3.59718	0.237629	0.237629
65700	3693_3_1_2_3	578.781	14.1166	14.1166	0.059405	0.059405
65700	3693_3_3_1	13.6193	3.40483	3.40483	0.207935	0.207935
65700	3693_3_1_3_0	4.73444	4.73444	4.73444	0.653846	0.653846
65700	3693_3_1_0	1197.61	11.7412	11.7412	0.0412192	0.0412192
65700	3693_3_1_3_1	1585.58	15.5449	15.5449	0.0491071	0.0491071
65700	3693_3_1_3_2	334.982	7.79028	7.79028	0.0949053	0.0949053
65700	3693_3_1_1	563.196	9.08381	9.08381	0.0452611	0.0452611
65700	3693_3_1_3_3	13.8822	4.62741	4.62741	0.207231	0.207231
65700	3693_3_2_0	126.384	5.05535	5.05535	0.0945208	0.0945208
65700	3693_3_2_1	280.999	8.51511	8.51511	0.102955	0.102955
65700	3693_3_2_2	54.026	4.15585	4.15585	0.192158	0.192158
65700	3693_3_1_2_0	832.393	13.0061	13.0061	0.0529651	0.0529651
65700	3693_3_1_2_1	40.8795	4.08795	4.08795	0.168722	0.168722
65700	3693_3_2_3	85.8187	5.36367	5.36367	0.119434	0.119434
65700	3693_3_0_1	0	0	0	0	0
65700	3693_3_1_2_2	3.76736	3.76736	3.76736	0.32099	0.32099
40500	3693_3_0_2	42.2564	4.22564	4.22564	0.279145	0.279145
40500	3693_3_1_2_3	1234.07	20.5678	20.5678	0.0865528	0.0865528
40500	3693_3_3_1	74.7524	4.98349	4.98349	0.304345	0.304345
40500	3693_3_1_3_0	6.79523	3.39761	3.39761	0.469224	0.469224
40500	3693_3_1_0	1660.65	15.0969	15.0969	0.0529998	0.0529998
40500	3693_3_1_3_1	1746.05	17.6369	17.6369	0.0557158	0.0557158
40500	3693_3_1_3_2	451.555	10.2626	10.2626	0.125024	0.125024
40500	3693_3_1_1	743.89	11.1028	11.1028	0.0553209	0.0553209
40500	3693_3_1_3_3	102.033	5.37013	5.37013	0.240493	0.240493
40500	3693_3_2_0	249.783	9.25123	9.25123	0.172972	0.172972
40500	3693_3_2_1	410.912	10.2728	10.2728	0.124207	0.124207
40500	3693_3_2_2	80.1934	5.34622	5.34622	0.247199	0.247199
40500	3693_3_1_2_0	1319.58	16.9177	16.9177	0.0688944	0.0688944
40500	3693_3_1_2_1	76.7179	5.11453	5.11453	0.211092	0.211092
40500	3693_3_2_3	114.909	6.75936	6.75936	0.150512	0.150512
40500	3693_3_0_1	0	0	0	0	0
40500	3693_3_1_2_2	10.9253	3.64177	3.64177	0.310289	0.310289
36000	3693_3_0_2	77.3833	4.55196	4.55196	0.300702	0.300702
36000	3693_3_1_2_3	1410.33	18.8045	18.8045	0.0791325	0.0791325
36000	3693_3_3_1	106.71	6.27703	6.27703	0.383342	0.383342
36000	3693_3_1_3_0	18.5177	3.70354	3.70354	0.511474	0.511474
36000	3693_3_1_0	1961.61	16.2117	16.2117	0.0569135	0.0569135
36000	3693_3_1_3_1	2204.93	18.0732	18.0732	0.0570941	0.0570941
36000	3693_3_1_3_2	569.99	10.3635	10.3635	0.126254	0.126254
36000	3693_3_1_1	981.57	11.2824	11.2824	0.0562158	0.0562158
36000	3693_3_1_3_3	133.252	6.05691	6.05691	0.271249	0.271249
36000	3693_3_2_0	296.416	8.46904	8.46904	0.158347	0.158347
36000	3693_3_2_1	493.988	10.7389	10.7389	0.129842	0.129842
36000	3693_3_2_2	114.816	7.17603	7.17603	0.331806	0.331806
36000	3693_3_1_2_0	1516.04	19.6888	19.6888	0.0801792	0.0801792
36000	3693_3_1_2_1	107.978	6.35165	6.35165	0.262152	0.262152
36000	3693_3_2_3	152.089	7.24233	7.24233	0.161266	0.161266
36000	3693_3_0_1	0	0	0	0	0
36000	3693_3_1_2_2	27.4224	3.91749	3.91749	0.333781	0.333781
1800	3693_3_0_2	0	0	0	0	0
1800	3693_3_1_2_3	6.73214	3.36607	3.36607	0.014165	0.014165
1800	3693_3_3_1	0	0	0	0	0
1800	3693_3_1_3_0	0	0	0	0	0
1800	3693_3_1_0	56.7219	6.30243	6.30243	0.0221256	0.0221256
1800	3693_3_1_3_1	35.8094	3.97882	3.97882	0.0125693	0.0125693
1800	3693_3_1_3_2	0	0	0	0	0
1800	3693_3_1_1	40.1662	4.46291	4.46291	0.0222369	0.0222369
1800	3693_3_1_3_3	0	0	0	0	0
1800	3693_3_2_0	0	0	0	0	0
1800	3693_3_2_1	0	0	0	0	0
1800	3693_3_2_2	0	0	0	0	0
1800	3693_3_1_2_0	27.3787	3.91125	3.91125	0.0159279	0.0159279
1800	3693_3_1_2_1	0	0	0	0	0
1800	3693_3_2_3	0	0	0	0	0
1800	3693_3_0_1	0	0	0	0	0
1800	3693_3_1_2_2	0	0	0	0	0
39600	3693_3_0_2	68.5124	4.56749	4.56749	0.301727	0.301727
39600	3693_3_1_2_3	1318.64	20.6037	20.6037	0.0867039	0.0867039
39600	3693_3_3_1	98.5563	5.79743	5.79743	0.354052	0.354052
39600	3693_3_1_3_0	18.5777	3.71554	3.71554	0.513132	0.513132
39600	3693_3_1_0	1854.46	14.602	14.602	0.0512624	0.0512624
39600	3693_3_1_3_1	2058.42	18.0563	18.0563	0.0570407	0.0570407
39600	3693_3_1_3_2	522.388	10.4478	10.4478	0.127281	0.127281
39600	3693_3_1_1	860.726	11.9545	11.9545	0.0595646	0.0595646
39600	3693_3_1_3_3	128.487	7.13817	7.13817	0.319672	0.319672
39600	3693_3_2_0	297.753	9.92509	9.92509	0.185571	0.185571
39600	3693_3_2_1	429.933	9.55406	9.55406	0.115516	0.115516
39600	3693_3_2_2	83.0302	5.53534	5.53534	0.255943	0.255943
39600	3693_3_1_2_0	1446.88	17.4322	17.4322	0.0709896	0.0709896
39600	3693_3_1_2_1	93.4464	5.49684	5.49684	0.226871	0.226871
39600	3693_3_2_3	125.175	6.95417	6.95417	0.15485	0.15485
39600	3693_3_0_1	0	0	0	0	0
39600	3693_3_1_2_2	19.0739	3.81477	3.81477	0.325029	0.325029
72900	3693_3_0_2	0	0	0	0	0
72900	3693_3_1_2_3	238.064	11.9032	11.9032	0.0500907	0.0500907
72900	3693_3_3_1	0	0	0	0	0
72900	3693_3_1_3_0	0	0	0	0	0
72900	3693_3_1_0	371.763	9.53238	9.53238	0.0334648	0.0334648
72900	3693_3_1_3_1	520.425	8.97285	8.97285	0.0283457	0.0283457
72900	3693_3_1_3_2	113.877	5.99352	5.99352	0.0730162	0.0730162
72900	3693_3_1_1	226.293	6.46552	6.46552	0.0322152	0.0322152
72900	3693_3_1_3_3	0	0	0	0	0
72900	3693_3_2_0	11.4792	3.82639	3.82639	0.0715427	0.0715427
72900	3693_3_2_1	91.2046	5.36497	5.36497	0.0648669	0.0648669
72900	3693_3_2_2	0	0	0	0	0
72900	3693_3_1_2_0	307.211	9.30942	9.30942	0.037911	0.037911
72900	3693_3_1_2_1	0	0	0	0	0
72900	3693_3_2_3	19.7215	3.94429	3.94429	0.0878281	0.0878281
72900	3693_3_0_1	0	0	0	0	0
72900	3693_3_1_2_2	0	0	0	0	0
68400	3693_3_0_2	3.0631	3.0631	3.0631	0.202348	0.202348
68400	3693_3_1_2_3	455.963	15.1988	15.1988	0.0639591	0.0639591
68400	3693_3_3_1	0	0	0	0	0
68400	3693_3_1_3_0	0	0	0	0	0
68400	3693_3_1_0	828.829	10.9056	10.9056	0.0382857	0.0382857
68400	3693_3_1_3_1	1146.64	13.1797	13.1797	0.0416353	0.0416353
68400	3693_3_1_3_2	243.692	7.38461	7.38461	0.0899632	0.0899632
68400	3693_3_1_1	385.071	8.193	8.193	0.0408225	0.0408225
68400	3693_3_1_3_3	3.64945	3.64945	3.64945	0.163435	0.163435
68400	3693_3_2_0	90.2987	4.29994	4.29994	0.0803968	0.0803968
68400	3693_3_2_1	188.627	7.25487	7.25487	0.0877173	0.0877173
68400	3693_3_2_2	22.9653	3.82755	3.82755	0.176979	0.176979
68400	3693_3_1_2_0	590.875	14.0685	14.0685	0.0572915	0.0572915
68400	3693_3_1_2_1	52.3281	4.02524	4.02524	0.166134	0.166134
68400	3693_3_2_3	60.6051	4.32893	4.32893	0.0963929	0.0963929
68400	3693_3_0_1	0	0	0	0	0
68400	3693_3_1_2_2	3.94675	3.94675	3.94675	0.336274	0.336274
72000	3693_3_0_2	0	0	0	0	0
72000	3693_3_1_2_3	268.105	11.6568	11.6568	0.0490538	0.0490538
72000	3693_3_3_1	0	0	0	0	0
72000	3693_3_1_3_0	0	0	0	0	0
72000	3693_3_1_0	409.876	9.99697	9.99697	0.0350958	0.0350958
72000	3693_3_1_3_1	635.28	9.4818	9.4818	0.0299535	0.0299535
72000	3693_3_1_3_2	95.5637	5.62139	5.62139	0.0684827	0.0684827
72000	3693_3_1_1	290.279	7.44304	7.44304	0.0370858	0.0370858
72000	3693_3_1_3_3	0	0	0	0	0
72000	3693_3_2_0	35.2799	4.40999	4.40999	0.0824544	0.0824544
72000	3693_3_2_1	90.5502	6.46787	6.46787	0.0782018	0.0782018
72000	3693_3_2_2	9.31383	3.10461	3.10461	0.143551	0.143551
72000	3693_3_1_2_0	305.142	11.3016	11.3016	0.0460238	0.0460238
72000	3693_3_1_2_1	6.70954	3.35477	3.35477	0.138462	0.138462
72000	3693_3_2_3	12.5817	4.19389	4.19389	0.093386	0.093386
72000	3693_3_0_1	0	0	0	0	0
72000	3693_3_1_2_2	0	0	0	0	0
4500	3693_3_0_2	0	0	0	0	0
4500	3693_3_1_2_3	0	0	0	0	0
4500	3693_3_3_1	0	0	0	0	0
4500	3693_3_1_3_0	0	0	0	0	0
4500	3693_3_1_0	53.5687	4.46406	4.46406	0.0156717	0.0156717
4500	3693_3_1_3_1	21.707	4.3414	4.3414	0.0137147	0.0137147
4500	3693_3_1_3_2	0	0	0	0	0
4500	3693_3_1_1	11.6396	5.81981	5.81981	0.0289978	0.0289978
4500	3693_3_1_3_3	0	0	0	0	0
4500	3693_3_2_0	0	0	0	0	0
4500	3693_3_2_1	0	0	0	0	0
4500	3693_3_2_2	0	0	0	0	0
4500	3693_3_1_2_0	3.96533	3.96533	3.96533	0.0161481	0.0161481
4500	3693_3_1_2_1	0	0	0	0	0
4500	3693_3_2_3	0	0	0	0	0
4500	3693_3_0_1	0	0	0	0	0
4500	3693_3_1_2_2	0	0	0	0	0
30600	3693_3_0_2	43.7289	4.85876	4.85876	0.320969	0.320969
30600	3693_3_1_2_3	1044.33	21.3128	21.3128	0.0896879	0.0896879
30600	3693_3_3_1	62.2724	4.79018	4.79018	0.292539	0.292539
30600	3693_3_1_3_0	12.7211	4.24035	4.24035	0.58561	0.58561
30600	3693_3_1_0	1579.21	14.6223	14.6223	0.0513337	0.0513337
30600	3693_3_1_3_1	1645.98	16.6261	16.6261	0.0525227	0.0525227
30600	3693_3_1_3_2	435.855	9.9058	9.9058	0.120678	0.120678
30600	3693_3_1_1	703.767	11.7294	11.7294	0.058443	0.058443
30600	3693_3_1_3_3	89.6867	5.60542	5.60542	0.25103	0.25103
30600	3693_3_2_0	213.014	6.87142	6.87142	0.128476	0.128476
30600	3693_3_2_1	325.191	12.5073	12.5073	0.151223	0.151223
30600	3693_3_2_2	95.1515	6.34343	6.34343	0.293308	0.293308
30600	3693_3_1_2_0	1141.01	17.2881	17.2881	0.0704028	0.0704028
30600	3693_3_1_2_1	82.3782	5.14864	5.14864	0.2125	0.2125
30600	3693_3_2_3	155.753	7.07969	7.07969	0.157645	0.157645
30600	3693_3_0_1	0	0	0	0	0
30600	3693_3_1_2_2	22.7012	4.54025	4.54025	0.386842	0.386842
26100	3693_3_0_2	0	0	0	0	0
26100	3693_3_1_2_3	521.079	19.2992	19.2992	0.0812143	0.0812143
26100	3693_3_3_1	12.8706	3.21764	3.21764	0.196503	0.196503
26100	3693_3_1_3_0	0	0	0	0	0
26100	3693_3_1_0	927.019	14.4847	14.4847	0.0508506	0.0508506
26100	3693_3_1_3_1	706.76	12.8502	12.8502	0.0405944	0.0405944
26100	3693_3_1_3_2	169.256	7.69346	7.69346	0.0937258	0.0937258
26100	3693_3_1_1	431.513	11.9865	11.9865	0.0597241	0.0597241
26100	3693_3_1_3_3	22.402	4.4804	4.4804	0.200648	0.200648
26100	3693_3_2_0	68.9924	5.3071	5.3071	0.0992278	0.0992278
26100	3693_3_2_1	165.327	8.70142	8.70142	0.105207	0.105207
26100	3693_3_2_2	22.5572	4.51144	4.51144	0.2086	0.2086
26100	3693_3_1_2_0	530.199	16.0666	16.0666	0.0654284	0.0654284
26100	3693_3_1_2_1	45.3962	4.12692	4.12692	0.17033	0.17033
26100	3693_3_2_3	60.9963	5.54511	5.54511	0.123474	0.123474
26100	3693_3_0_1	0	0	0	0	0
26100	3693_3_1_2_2	6.89586	3.44793	3.44793	0.293773	0.293773
29700	3693_3_0_2	44.7155	4.47155	4.47155	0.29539	0.29539
29700	3693_3_1_2_3	1010.08	15.7824	15.7824	0.066415	0.066415
29700	3693_3_3_1	57.9481	4.45755	4.45755	0.272225	0.272225
29700	3693_3_1_3_0	9.88171	3.2939	3.2939	0.454901	0.454901
29700	3693_3_1_0	1453.44	14.1111	14.1111	0.0495391	0.0495391
29700	3693_3_1_3_1	1491.99	16.3955	16.3955	0.0517942	0.0517942
29700	3693_3_1_3_2	371.725	9.06646	9.06646	0.110452	0.110452
29700	3693_3_1_1	673.549	12.9529	12.9529	0.0645393	0.0645393
29700	3693_3_1_3_3	76.2152	5.08101	5.08101	0.227545	0.227545
29700	3693_3_2_0	209.006	7.20712	7.20712	0.134753	0.134753
29700	3693_3_2_1	348.189	9.16286	9.16286	0.110786	0.110786
29700	3693_3_2_2	34.7	4.95714	4.95714	0.229209	0.229209
29700	3693_3_1_2_0	1035.49	18.1664	18.1664	0.0739795	0.0739795
29700	3693_3_1_2_1	75.7635	5.82796	5.82796	0.240538	0.240538
29700	3693_3_2_3	106.362	6.64761	6.64761	0.148023	0.148023
29700	3693_3_0_1	0	0	0	0	0
29700	3693_3_1_2_2	15.2144	3.8036	3.8036	0.324077	0.324077
58500	3693_3_0_2	34.8583	3.87314	3.87314	0.255859	0.255859
58500	3693_3_1_2_3	804.137	17.1093	17.1093	0.0719988	0.0719988
58500	3693_3_3_1	43.6612	4.36612	4.36612	0.266641	0.266641
58500	3693_3_1_3_0	0	0	0	0	0
58500	3693_3_1_0	1537.03	12.4962	12.4962	0.0438697	0.0438697
58500	3693_3_1_3_1	1636.98	16.0488	16.0488	0.0506989	0.0506989
58500	3693_3_1_3_2	352.497	7.66298	7.66298	0.0933544	0.0933544
58500	3693_3_1_1	684.298	10.3682	10.3682	0.0516607	0.0516607
58500	3693_3_1_3_3	59.3181	4.56293	4.56293	0.204344	0.204344
58500	3693_3_2_0	151.811	5.83889	5.83889	0.109171	0.109171
58500	3693_3_2_1	389.74	9.7435	9.7435	0.117807	0.117807
58500	3693_3_2_2	82.4009	5.49339	5.49339	0.254004	0.254004
58500	3693_3_1_2_0	1089.88	15.7953	15.7953	0.0643236	0.0643236
58500	3693_3_1_2_1	73.5704	5.25503	5.25503	0.216891	0.216891
58500	3693_3_2_3	101.777	5.9869	5.9869	0.133311	0.133311
58500	3693_3_0_1	0	0	0	0	0
58500	3693_3_1_2_2	30.4837	3.81046	3.81046	0.324662	0.324662
33300	3693_3_0_2	57.4352	5.22138	5.22138	0.344923	0.344923
33300	3693_3_1_2_3	1267.43	19.8036	19.8036	0.0833369	0.0833369
33300	3693_3_3_1	77.9736	5.56954	5.56954	0.340135	0.340135
33300	3693_3_1_3_0	29.076	3.6345	3.6345	0.50194	0.50194
33300	3693_3_1_0	1742.75	15.0237	15.0237	0.0527429	0.0527429
33300	3693_3_1_3_1	2031.6	17.8211	17.8211	0.0562977	0.0562977
33300	3693_3_1_3_2	488.421	9.76842	9.76842	0.119004	0.119004
33300	3693_3_1_1	838.508	11.6459	11.6459	0.058027	0.058027
33300	3693_3_1_3_3	99.2056	5.83562	5.83562	0.261339	0.261339
33300	3693_3_2_0	253.547	7.45728	7.45728	0.13943	0.13943
33300	3693_3_2_1	459.773	10.2172	10.2172	0.123534	0.123534
33300	3693_3_2_2	112.539	6.25215	6.25215	0.289087	0.289087
33300	3693_3_1_2_0	1399.43	17.9414	17.9414	0.0730632	0.0730632
33300	3693_3_1_2_1	92.0762	5.75476	5.75476	0.237516	0.237516
33300	3693_3_2_3	153.037	7.65185	7.65185	0.170385	0.170385
33300	3693_3_0_1	3.31619	3.31619	3.31619	0.717202	0.717202
33300	3693_3_1_2_2	26.1534	3.73621	3.73621	0.318336	0.318336
62100	3693_3_0_2	10.8139	3.60464	3.60464	0.238122	0.238122
62100	3693_3_1_2_3	711.462	15.1375	15.1375	0.0637012	0.0637012
62100	3693_3_3_1	32.9628	3.66254	3.66254	0.223673	0.223673
62100	3693_3_1_3_0	0	0	0	0	0
62100	3693_3_1_0	1523.28	12.2846	12.2846	0.0431269	0.0431269
62100	3693_3_1_3_1	1850.2	16.2298	16.2298	0.0512707	0.0512707
62100	3693_3_1_3_2	408.857	9.0857	9.0857	0.110687	0.110687
62100	3693_3_1_1	738.508	10.4015	10.4015	0.0518266	0.0518266
62100	3693_3_1_3_3	51.3823	3.67017	3.67017	0.164363	0.164363
62100	3693_3_2_0	144.997	5.79987	5.79987	0.108441	0.108441
62100	3693_3_2_1	424.448	9.03081	9.03081	0.10919	0.10919
62100	3693_3_2_2	58.3704	4.8642	4.8642	0.224911	0.224911
62100	3693_3_1_2_0	1154.46	13.7436	13.7436	0.0559684	0.0559684
62100	3693_3_1_2_1	72.1712	5.15508	5.15508	0.212766	0.212766
62100	3693_3_2_3	106.454	5.60284	5.60284	0.124759	0.124759
62100	3693_3_0_1	0	0	0	0	0
62100	3693_3_1_2_2	17.3797	4.34492	4.34492	0.370199	0.370199
