20700	3693_3_0_2	6.91676	3.45838	3.45838
20700	3693_3_1_2_3	498.234	11.3235	11.3235
20700	3693_3_3_1	6.75095	3.37547	3.37547
20700	3693_3_3_2	0	0	0
20700	3693_3_1_3_0	0	0	0
20700	3693_3_1_0	2264.8	13.4809	13.4809
20700	3693_3_1_3_1	1309.57	9.92097	9.92097
20700	3693_3_1_3_2	266.497	7.83815	7.83815
20700	3693_3_1_1	782.763	11.5112	11.5112
20700	3693_3_1_3_3	39.0611	4.34012	4.34012
20700	3693_3_2_0	146.246	6.3585	6.3585
20700	3693_3_2_1	264.889	8.82964	8.82964
20700	3693_3_2_2	54.2277	4.51897	4.51897
20700	3693_3_1_2_0	673.515	12.027	12.027
20700	3693_3_1_2_1	61.9833	3.87396	3.87396
20700	3693_3_2_3	176.258	7.3441	7.3441
20700	3693_3_0_1	0	0	0
20700	3693_3_1_2_2	20.0737	3.34562	3.34562
19800	3693_3_0_2	3.35118	3.35118	3.35118
19800	3693_3_1_2_3	302.222	10.0741	10.0741
19800	3693_3_3_1	0	0	0
19800	3693_3_3_2	0	0	0
19800	3693_3_1_3_0	3.18901	3.18901	3.18901
19800	3693_3_1_0	1593.5	12.1641	12.1641
19800	3693_3_1_3_1	774.537	9.00625	9.00625
19800	3693_3_1_3_2	145.294	5.81176	5.81176
19800	3693_3_1_1	505.968	11.7667	11.7667
19800	3693_3_1_3_3	18.6397	3.72794	3.72794
19800	3693_3_2_0	99.9068	4.99534	4.99534
19800	3693_3_2_1	143.785	6.53569	6.53569
19800	3693_3_2_2	7.47713	3.73857	3.73857
19800	3693_3_1_2_0	449.607	9.17566	9.17566
19800	3693_3_1_2_1	13.9151	3.47878	3.47878
19800	3693_3_2_3	75.0511	4.41477	4.41477
19800	3693_3_0_1	0	0	0
19800	3693_3_1_2_2	3.29162	3.29162	3.29162
48600	3693_3_0_2	240.061	5.58281	5.58281
48600	3693_3_1_2_3	4030.98	22.0272	22.0272
48600	3693_3_3_1	302.086	6.71303	6.71303
48600	3693_3_3_2	0	0	0
48600	3693_3_1_3_0	113.518	3.91442	3.91442
48600	3693_3_1_0	7339.27	18.675	18.675
48600	3693_3_1_3_1	6999.98	20.4678	20.4678
48600	3693_3_1_3_2	1711.28	13.0632	13.0632
48600	3693_3_1_1	4315.6	14.5797	14.5797
48600	3693_3_1_3_3	370.987	7.89333	7.89333
48600	3693_3_2_0	994.569	11.3019	11.3019
48600	3693_3_2_1	1509.22	13.4752	13.4752
48600	3693_3_2_2	354.349	7.87441	7.87441
48600	3693_3_1_2_0	6073.06	20.7982	20.7982
48600	3693_3_1_2_1	444.858	10.1104	10.1104
48600	3693_3_2_3	554.824	9.90757	9.90757
48600	3693_3_0_1	3.22909	3.22909	3.22909
48600	3693_3_1_2_2	193.376	5.22638	5.22638
23400	3693_3_0_2	87.5241	4.86245	4.86245
23400	3693_3_1_2_3	1355.01	17.152	17.152
23400	3693_3_3_1	110.511	5.02321	5.02321
23400	3693_3_3_2	0	0	0
23400	3693_3_1_3_0	38.9291	3.89291	3.89291
23400	3693_3_1_0	5133.73	18.4005	18.4005
23400	3693_3_1_3_1	3331.71	14.3608	14.3608
23400	3693_3_1_3_2	689.289	9.31471	9.31471
23400	3693_3_1_1	2266.05	16.5405	16.5405
23400	3693_3_1_3_3	155.182	6.46592	6.46592
23400	3693_3_2_0	378.905	9.02155	9.02155
23400	3693_3_2_1	730.901	10.4414	10.4414
23400	3693_3_2_2	172.079	6.1457	6.1457
23400	3693_3_1_2_0	2067.15	14.6606	14.6606
23400	3693_3_1_2_1	171.56	6.12713	6.12713
23400	3693_3_2_3	301.811	8.15705	8.15705
23400	3693_3_0_1	0	0	0
23400	3693_3_1_2_2	77.1134	4.53608	4.53608
52200	3693_3_0_2	254.024	5.77328	5.77328
52200	3693_3_1_2_3	3998.12	20.8236	20.8236
52200	3693_3_3_1	323.82	7.03956	7.03956
52200	3693_3_3_2	0	0	0
52200	3693_3_1_3_0	125.975	4.34396	4.34396
52200	3693_3_1_0	7694.32	19.284	19.284
52200	3693_3_1_3_1	7543.56	20.333	20.333
52200	3693_3_1_3_2	1840.65	12.6941	12.6941
52200	3693_3_1_1	4580.9	14.5425	14.5425
52200	3693_3_1_3_3	373.157	8.11212	8.11212
52200	3693_3_2_0	1019.03	10.0894	10.0894
52200	3693_3_2_1	1691.87	11.8313	11.8313
52200	3693_3_2_2	342.066	7.77423	7.77423
52200	3693_3_1_2_0	5920.97	19.7366	19.7366
52200	3693_3_1_2_1	468.365	10.6447	10.6447
52200	3693_3_2_3	549.828	9.31913	9.31913
52200	3693_3_0_1	3.1539	3.1539	3.1539
52200	3693_3_1_2_2	178.53	4.82513	4.82513
55800	3693_3_0_2	272.45	5.79682	5.79682
55800	3693_3_1_2_3	3762.83	18.9087	18.9087
55800	3693_3_3_1	326.69	6.5338	6.5338
55800	3693_3_3_2	0	0	0
55800	3693_3_1_3_0	155.18	4.08369	4.08369
55800	3693_3_1_0	7962.29	18.3041	18.3041
55800	3693_3_1_3_1	7934.74	20.7716	20.7716
55800	3693_3_1_3_2	1929.8	12.0612	12.0612
55800	3693_3_1_1	4406.22	14.2136	14.2136
55800	3693_3_1_3_3	376.941	7.39099	7.39099
55800	3693_3_2_0	911.451	8.68049	8.68049
55800	3693_3_2_1	1750.14	11.4388	11.4388
55800	3693_3_2_2	371.022	8.06569	8.06569
55800	3693_3_1_2_0	5671.14	18.7786	18.7786
55800	3693_3_1_2_1	425.007	9.65925	9.65925
55800	3693_3_2_3	523.035	9.01784	9.01784
55800	3693_3_0_1	17.0983	3.41966	3.41966
55800	3693_3_1_2_2	155.514	4.57393	4.57393
84600	3693_3_0_2	0	0	0
84600	3693_3_1_2_3	60.3709	4.3122	4.3122
84600	3693_3_3_1	0	0	0
84600	3693_3_3_2	0	0	0
84600	3693_3_1_3_0	0	0	0
84600	3693_3_1_0	178.793	5.10837	5.10837
84600	3693_3_1_3_1	97.294	5.12074	5.12074
84600	3693_3_1_3_2	3.74279	3.74279	3.74279
84600	3693_3_1_1	59.8233	3.98822	3.98822
84600	3693_3_1_3_3	0	0	0
84600	3693_3_2_0	0	0	0
84600	3693_3_2_1	10.1817	3.39389	3.39389
84600	3693_3_2_2	0	0	0
84600	3693_3_1_2_0	97.4655	4.23763	4.23763
84600	3693_3_1_2_1	0	0	0
84600	3693_3_2_3	0	0	0
84600	3693_3_0_1	0	0	0
84600	3693_3_1_2_2	0	0	0
13500	3693_3_0_2	0	0	0
13500	3693_3_1_2_3	12.9742	3.24356	3.24356
13500	3693_3_3_1	0	0	0
13500	3693_3_3_2	0	0	0
13500	3693_3_1_3_0	0	0	0
13500	3693_3_1_0	316.511	7.53597	7.53597
13500	3693_3_1_3_1	35.8151	4.47688	4.47688
13500	3693_3_1_3_2	3.51424	3.51424	3.51424
13500	3693_3_1_1	58.851	3.67819	3.67819
13500	3693_3_1_3_3	0	0	0
13500	3693_3_2_0	0	0	0
13500	3693_3_2_1	0	0	0
13500	3693_3_2_2	0	0	0
13500	3693_3_1_2_0	73.4447	4.32028	4.32028
13500	3693_3_1_2_1	0	0	0
13500	3693_3_2_3	3.01476	3.01476	3.01476
13500	3693_3_0_1	0	0	0
13500	3693_3_1_2_2	0	0	0
45900	3693_3_0_2	223.76	5.20372	5.20372
45900	3693_3_1_2_3	3985.92	21.0895	21.0895
45900	3693_3_3_1	279.505	6.50012	6.50012
45900	3693_3_3_2	0	0	0
45900	3693_3_1_3_0	92.2676	4.01163	4.01163
45900	3693_3_1_0	7517.47	18.2021	18.2021
45900	3693_3_1_3_1	6789.68	19.2342	19.2342
45900	3693_3_1_3_2	1606.1	12.5477	12.5477
45900	3693_3_1_1	4445.66	13.431	13.431
45900	3693_3_1_3_3	361.26	7.52624	7.52624
45900	3693_3_2_0	959.64	11.2899	11.2899
45900	3693_3_2_1	1355.89	12.5545	12.5545
45900	3693_3_2_2	322.242	7.32368	7.32368
45900	3693_3_1_2_0	5837.82	19.656	19.656
45900	3693_3_1_2_1	422.6	9.60454	9.60454
45900	3693_3_2_3	533.115	10.8799	10.8799
45900	3693_3_0_1	0	0	0
45900	3693_3_1_2_2	191.098	4.77746	4.77746
16200	3693_3_0_2	0	0	0
16200	3693_3_1_2_3	39.85	4.42778	4.42778
16200	3693_3_3_1	0	0	0
16200	3693_3_3_2	0	0	0
16200	3693_3_1_3_0	0	0	0
16200	3693_3_1_0	401.336	8.72471	8.72471
16200	3693_3_1_3_1	73.6613	4.0923	4.0923
16200	3693_3_1_3_2	0	0	0
16200	3693_3_1_1	56.0708	4.00505	4.00505
16200	3693_3_1_3_3	0	0	0
16200	3693_3_2_0	0	0	0
16200	3693_3_2_1	0	0	0
16200	3693_3_2_2	0	0	0
16200	3693_3_1_2_0	65.4839	4.36559	4.36559
16200	3693_3_1_2_1	0	0	0
16200	3693_3_2_3	3.12253	3.12253	3.12253
16200	3693_3_0_1	0	0	0
16200	3693_3_1_2_2	0	0	0
74700	3693_3_0_2	0	0	0
74700	3693_3_1_2_3	529.334	10.8027	10.8027
74700	3693_3_3_1	0	0	0
74700	3693_3_3_2	0	0	0
74700	3693_3_1_3_0	0	0	0
74700	3693_3_1_0	883.343	9.39727	9.39727
74700	3693_3_1_3_1	1203.42	8.29947	8.29947
74700	3693_3_1_3_2	229.012	5.20481	5.20481
74700	3693_3_1_1	471.955	7.86591	7.86591
74700	3693_3_1_3_3	0	0	0
74700	3693_3_2_0	49.5776	3.81366	3.81366
74700	3693_3_2_1	188.449	5.38426	5.38426
74700	3693_3_2_2	3.16502	3.16502	3.16502
74700	3693_3_1_2_0	732.482	10.1734	10.1734
74700	3693_3_1_2_1	22.5328	3.75546	3.75546
74700	3693_3_2_3	37.7476	4.19418	4.19418
74700	3693_3_0_1	0	0	0
74700	3693_3_1_2_2	7.28199	3.641	3.641
45000	3693_3_0_2	233.353	5.42682	5.42682
45000	3693_3_1_2_3	4003.98	20.9632	20.9632
45000	3693_3_3_1	309.16	7.02636	7.02636
45000	3693_3_3_2	0	0	0
45000	3693_3_1_3_0	85.3276	3.87853	3.87853
45000	3693_3_1_0	7744.02	18.6603	18.6603
45000	3693_3_1_3_1	6978.91	19.5488	19.5488
45000	3693_3_1_3_2	1683.92	12.2914	12.2914
45000	3693_3_1_1	4414.04	14.8122	14.8122
45000	3693_3_1_3_3	376.466	8.00991	8.00991
45000	3693_3_2_0	1020.24	10.6275	10.6275
45000	3693_3_2_1	1440.68	12.4196	12.4196
45000	3693_3_2_2	326.257	7.41493	7.41493
45000	3693_3_1_2_0	5951.72	19.8391	19.8391
45000	3693_3_1_2_1	438.378	9.96313	9.96313
45000	3693_3_2_3	507.764	11.0383	11.0383
45000	3693_3_0_1	0	0	0
45000	3693_3_1_2_2	188.851	5.24585	5.24585
9900	3693_3_0_2	0	0	0
9900	3693_3_1_2_3	15.1422	3.78554	3.78554
9900	3693_3_3_1	0	0	0
9900	3693_3_3_2	0	0	0
9900	3693_3_1_3_0	0	0	0
9900	3693_3_1_0	293.573	7.33932	7.33932
9900	3693_3_1_3_1	30.3464	5.05773	5.05773
9900	3693_3_1_3_2	3.44462	3.44462	3.44462
9900	3693_3_1_1	70.4191	3.70627	3.70627
9900	3693_3_1_3_3	0	0	0
9900	3693_3_2_0	0	0	0
9900	3693_3_2_1	0	0	0
9900	3693_3_2_2	0	0	0
9900	3693_3_1_2_0	38.2481	4.78101	4.78101
9900	3693_3_1_2_1	0	0	0
9900	3693_3_2_3	5.09368	5.09368	5.09368
9900	3693_3_0_1	0	0	0
9900	3693_3_1_2_2	0	0	0
81900	3693_3_0_2	0	0	0
81900	3693_3_1_2_3	99.8256	4.53753	4.53753
81900	3693_3_3_1	0	0	0
81900	3693_3_3_2	0	0	0
81900	3693_3_1_3_0	0	0	0
81900	3693_3_1_0	394.734	7.44782	7.44782
81900	3693_3_1_3_1	226.858	5.27577	5.27577
81900	3693_3_1_3_2	3.58095	3.58095	3.58095
81900	3693_3_1_1	113.518	5.40562	5.40562
81900	3693_3_1_3_3	0	0	0
81900	3693_3_2_0	0	0	0
81900	3693_3_2_1	6.79079	3.3954	3.3954
81900	3693_3_2_2	0	0	0
81900	3693_3_1_2_0	162.851	5.61555	5.61555
81900	3693_3_1_2_1	0	0	0
81900	3693_3_2_3	12.5253	4.1751	4.1751
81900	3693_3_0_1	0	0	0
81900	3693_3_1_2_2	0	0	0
77400	3693_3_0_2	0	0	0
77400	3693_3_1_2_3	354.399	8.05452	8.05452
77400	3693_3_3_1	0	0	0
77400	3693_3_3_2	0	0	0
77400	3693_3_1_3_0	0	0	0
77400	3693_3_1_0	590.484	8.31667	8.31667
77400	3693_3_1_3_1	786.637	8.10966	8.10966
77400	3693_3_1_3_2	128.021	4.41451	4.41451
77400	3693_3_1_1	408.103	8.32862	8.32862
77400	3693_3_1_3_3	0	0	0
77400	3693_3_2_0	52.7165	4.05512	4.05512
77400	3693_3_2_1	142.682	5.09578	5.09578
77400	3693_3_2_2	0	0	0
77400	3693_3_1_2_0	497.913	8.43921	8.43921
77400	3693_3_1_2_1	25.3759	4.22932	4.22932
77400	3693_3_2_3	47.5222	4.3202	4.3202
77400	3693_3_0_1	0	0	0
77400	3693_3_1_2_2	4.92372	4.92372	4.92372
9000	3693_3_0_2	0	0	0
9000	3693_3_1_2_3	6.31913	3.15956	3.15956
9000	3693_3_3_1	0	0	0
9000	3693_3_3_2	0	0	0
9000	3693_3_1_3_0	0	0	0
9000	3693_3_1_0	313.249	7.28486	7.28486
9000	3693_3_1_3_1	39.7306	4.96632	4.96632
9000	3693_3_1_3_2	6.5205	3.26025	3.26025
9000	3693_3_1_1	59.5134	4.57795	4.57795
9000	3693_3_1_3_3	0	0	0
9000	3693_3_2_0	0	0	0
9000	3693_3_2_1	28.3579	4.05113	4.05113
9000	3693_3_2_2	0	0	0
9000	3693_3_1_2_0	62.5467	4.81129	4.81129
9000	3693_3_1_2_1	0	0	0
9000	3693_3_2_3	7.36936	3.68468	3.68468
9000	3693_3_0_1	0	0	0
9000	3693_3_1_2_2	0	0	0
81000	3693_3_0_2	0	0	0
81000	3693_3_1_2_3	142.228	5.4703	5.4703
81000	3693_3_3_1	0	0	0
81000	3693_3_3_2	0	0	0
81000	3693_3_1_3_0	0	0	0
81000	3693_3_1_0	363.834	7.74116	7.74116
81000	3693_3_1_3_1	387.401	6.56611	6.56611
81000	3693_3_1_3_2	22.6895	3.78158	3.78158
81000	3693_3_1_1	135.35	4.83391	4.83391
81000	3693_3_1_3_3	0	0	0
81000	3693_3_2_0	0	0	0
81000	3693_3_2_1	21.2863	3.54772	3.54772
81000	3693_3_2_2	0	0	0
81000	3693_3_1_2_0	204.368	5.6769	5.6769
81000	3693_3_1_2_1	0	0	0
81000	3693_3_2_3	3.6876	3.6876	3.6876
81000	3693_3_0_1	0	0	0
81000	3693_3_1_2_2	0	0	0
10800	3693_3_0_2	0	0	0
10800	3693_3_1_2_3	27.7422	4.6237	4.6237
10800	3693_3_3_1	0	0	0
10800	3693_3_3_2	0	0	0
10800	3693_3_1_3_0	0	0	0
10800	3693_3_1_0	263.954	6.94615	6.94615
10800	3693_3_1_3_1	46.9371	4.267	4.267
10800	3693_3_1_3_2	3.73183	3.73183	3.73183
10800	3693_3_1_1	20.8725	4.1745	4.1745
10800	3693_3_1_3_3	0	0	0
10800	3693_3_2_0	0	0	0
10800	3693_3_2_1	0	0	0
10800	3693_3_2_2	0	0	0
10800	3693_3_1_2_0	51.7781	4.31484	4.31484
10800	3693_3_1_2_1	0	0	0
10800	3693_3_2_3	0	0	0
10800	3693_3_0_1	0	0	0
10800	3693_3_1_2_2	0	0	0
35100	3693_3_0_2	346.166	7.52534	7.52534
35100	3693_3_1_2_3	5442.66	21.6839	21.6839
35100	3693_3_3_1	479.544	10.2031	10.2031
35100	3693_3_3_2	13.1034	3.27586	3.27586
35100	3693_3_1_3_0	198.475	4.72558	4.72558
35100	3693_3_1_0	9443.63	21.6597	21.6597
35100	3693_3_1_3_1	10321.3	23.6727	23.6727
35100	3693_3_1_3_2	2488.3	14.5514	14.5514
35100	3693_3_1_1	5894.18	16.6974	16.6974
35100	3693_3_1_3_3	557.893	10.1435	10.1435
35100	3693_3_2_0	1515.03	12.6252	12.6252
35100	3693_3_2_1	2188	12.8706	12.8706
35100	3693_3_2_2	493.915	9.6846	9.6846
35100	3693_3_1_2_0	8302.5	22.3185	22.3185
35100	3693_3_1_2_1	612.29	13.3106	13.3106
35100	3693_3_2_3	954.338	12.394	12.394
35100	3693_3_0_1	13.4676	3.36689	3.36689
35100	3693_3_1_2_2	265.499	6.17439	6.17439
38700	3693_3_0_2	318.554	7.07897	7.07897
38700	3693_3_1_2_3	4941.87	21.7703	21.7703
38700	3693_3_3_1	424.95	9.44333	9.44333
38700	3693_3_3_2	3.0587	3.0587	3.0587
38700	3693_3_1_3_0	160.791	4.23135	4.23135
38700	3693_3_1_0	8949.41	20.4792	20.4792
38700	3693_3_1_3_1	9590.59	23.0543	23.0543
38700	3693_3_1_3_2	2265.39	14.0708	14.0708
38700	3693_3_1_1	5367.26	15.2047	15.2047
38700	3693_3_1_3_3	490.427	9.80854	9.80854
38700	3693_3_2_0	1387.53	12.3887	12.3887
38700	3693_3_2_1	1843.93	13.5583	13.5583
38700	3693_3_2_2	416.939	8.50897	8.50897
38700	3693_3_1_2_0	7659.66	21.6375	21.6375
38700	3693_3_1_2_1	528.13	12.2821	12.2821
38700	3693_3_2_3	792.259	10.0286	10.0286
38700	3693_3_0_1	7.41673	3.70837	3.70837
38700	3693_3_1_2_2	227.64	5.691	5.691
67500	3693_3_0_2	42.0457	3.50381	3.50381
67500	3693_3_1_2_3	1445.87	14.1752	14.1752
67500	3693_3_3_1	46.3343	3.56418	3.56418
67500	3693_3_3_2	0	0	0
67500	3693_3_1_3_0	4.15017	4.15017	4.15017
67500	3693_3_1_0	3416.91	12.6552	12.6552
67500	3693_3_1_3_1	3948.43	16.0505	16.0505
67500	3693_3_1_3_2	787.918	7.72468	7.72468
67500	3693_3_1_1	1789.21	10.7138	10.7138
67500	3693_3_1_3_3	78.1481	3.9074	3.9074
67500	3693_3_2_0	315.575	5.25958	5.25958
67500	3693_3_2_1	714.624	9.40295	9.40295
67500	3693_3_2_2	116.04	4.46308	4.46308
67500	3693_3_1_2_0	2221.64	14.9103	14.9103
67500	3693_3_1_2_1	140.074	4.66912	4.66912
67500	3693_3_2_3	210.34	5.39333	5.39333
67500	3693_3_0_1	0	0	0
67500	3693_3_1_2_2	18.1474	3.62948	3.62948
42300	3693_3_0_2	247.626	5.62786	5.62786
42300	3693_3_1_2_3	4235.5	22.1754	22.1754
42300	3693_3_3_1	327.536	6.82366	6.82366
42300	3693_3_3_2	0	0	0
42300	3693_3_1_3_0	110.074	3.79567	3.79567
42300	3693_3_1_0	8151.38	18.6105	18.6105
42300	3693_3_1_3_1	7792.36	19.3359	19.3359
42300	3693_3_1_3_2	1920.43	13.0642	13.0642
42300	3693_3_1_1	4809.41	13.5476	13.5476
42300	3693_3_1_3_3	368.001	8.00003	8.00003
42300	3693_3_2_0	1039.3	11.0564	11.0564
42300	3693_3_2_1	1552.03	11.7578	11.7578
42300	3693_3_2_2	336.853	7.65574	7.65574
42300	3693_3_1_2_0	6309.1	19.2939	19.2939
42300	3693_3_1_2_1	422.647	9.82901	9.82901
42300	3693_3_2_3	620.661	10.0107	10.0107
42300	3693_3_0_1	3.55403	3.55403	3.55403
42300	3693_3_1_2_2	162.934	4.65525	4.65525
71100	3693_3_0_2	0	0	0
71100	3693_3_1_2_3	853.405	12.7374	12.7374
71100	3693_3_3_1	0	0	0
71100	3693_3_3_2	0	0	0
71100	3693_3_1_3_0	0	0	0
71100	3693_3_1_0	1653.93	10.2728	10.2728
71100	3693_3_1_3_1	2044.02	11.6801	11.6801
71100	3693_3_1_3_2	417.139	6.95232	6.95232
71100	3693_3_1_1	894.249	9.12499	9.12499
71100	3693_3_1_3_3	11.7102	3.90341	3.90341
71100	3693_3_2_0	126.613	4.36596	4.36596
71100	3693_3_2_1	335.818	7.46261	7.46261
71100	3693_3_2_2	27.0309	3.86156	3.86156
71100	3693_3_1_2_0	1203.18	12.5332	12.5332
71100	3693_3_1_2_1	29.9419	3.74274	3.74274
71100	3693_3_2_3	129.714	4.47289	4.47289
71100	3693_3_0_1	0	0	0
71100	3693_3_1_2_2	0	0	0
3600	3693_3_0_2	0	0	0
3600	3693_3_1_2_3	0	0	0
3600	3693_3_3_1	0	0	0
3600	3693_3_3_2	0	0	0
3600	3693_3_1_3_0	0	0	0
3600	3693_3_1_0	114.153	5.18876	5.18876
3600	3693_3_1_3_1	27.8577	4.64294	4.64294
3600	3693_3_1_3_2	0	0	0
3600	3693_3_1_1	44.8636	4.48636	4.48636
3600	3693_3_1_3_3	0	0	0
3600	3693_3_2_0	0	0	0
3600	3693_3_2_1	0	0	0
3600	3693_3_2_2	0	0	0
3600	3693_3_1_2_0	19.1489	3.82979	3.82979
3600	3693_3_1_2_1	0	0	0
3600	3693_3_2_3	0	0	0
3600	3693_3_0_1	0	0	0
3600	3693_3_1_2_2	0	0	0
900	3693_3_0_2	0	0	0
900	3693_3_1_2_3	35.996	3.5996	3.5996
900	3693_3_3_1	0	0	0
900	3693_3_3_2	0	0	0
900	3693_3_1_3_0	0	0	0
900	3693_3_1_0	187.772	5.21589	5.21589
900	3693_3_1_3_1	50.9397	5.09397	5.09397
900	3693_3_1_3_2	3.37992	3.37992	3.37992
900	3693_3_1_1	6.69924	3.34962	3.34962
900	3693_3_1_3_3	0	0	0
900	3693_3_2_0	0	0	0
900	3693_3_2_1	3	3	3
900	3693_3_2_2	0	0	0
900	3693_3_1_2_0	36.5538	4.06154	4.06154
900	3693_3_1_2_1	0	0	0
900	3693_3_2_3	0	0	0
900	3693_3_0_1	0	0	0
900	3693_3_1_2_2	0	0	0
6300	3693_3_0_2	0	0	0
6300	3693_3_1_2_3	0	0	0
6300	3693_3_3_1	0	0	0
6300	3693_3_3_2	0	0	0
6300	3693_3_1_3_0	0	0	0
6300	3693_3_1_0	296.713	7.41783	7.41783
6300	3693_3_1_3_1	44.7821	3.73184	3.73184
6300	3693_3_1_3_2	0	0	0
6300	3693_3_1_1	27.8076	5.56152	5.56152
6300	3693_3_1_3_3	0	0	0
6300	3693_3_2_0	0	0	0
6300	3693_3_2_1	0	0	0
6300	3693_3_2_2	0	0	0
6300	3693_3_1_2_0	34.5535	3.83927	3.83927
6300	3693_3_1_2_1	0	0	0
6300	3693_3_2_3	0	0	0
6300	3693_3_0_1	0	0	0
6300	3693_3_1_2_2	0	0	0
28800	3693_3_0_2	311.305	6.76751	6.76751
28800	3693_3_1_2_3	4212.35	21.4916	21.4916
28800	3693_3_3_1	356.185	7.91523	7.91523
28800	3693_3_3_2	3.00774	3.00774	3.00774
28800	3693_3_1_3_0	174.336	4.58779	4.58779
28800	3693_3_1_0	9416.02	21.8977	21.8977
28800	3693_3_1_3_1	8508.75	21.9864	21.9864
28800	3693_3_1_3_2	1968.7	14.1633	14.1633
28800	3693_3_1_1	5323.07	18.4189	18.4189
28800	3693_3_1_3_3	458.386	8.81512	8.81512
28800	3693_3_2_0	1149.98	11.6159	11.6159
28800	3693_3_2_1	1980.12	13.847	13.847
28800	3693_3_2_2	427.811	9.10235	9.10235
28800	3693_3_1_2_0	6481.48	19.8211	19.8211
28800	3693_3_1_2_1	479.329	10.6518	10.6518
28800	3693_3_2_3	775.732	11.9343	11.9343
28800	3693_3_0_1	23.8503	3.40718	3.40718
28800	3693_3_1_2_2	245.014	5.83367	5.83367
57600	3693_3_0_2	272.255	5.67197	5.67197
57600	3693_3_1_2_3	3520.94	18.8285	18.8285
57600	3693_3_3_1	288.738	6.01537	6.01537
57600	3693_3_3_2	0	0	0
57600	3693_3_1_3_0	138.058	4.06052	4.06052
57600	3693_3_1_0	7972.39	17.7164	17.7164
57600	3693_3_1_3_1	7944.77	20.5823	20.5823
57600	3693_3_1_3_2	1898.96	12.4931	12.4931
57600	3693_3_1_1	4521.59	13.8275	13.8275
57600	3693_3_1_3_3	416.977	6.61868	6.61868
57600	3693_3_2_0	891.43	7.9592	7.9592
57600	3693_3_2_1	1697.14	10.9493	10.9493
57600	3693_3_2_2	370.772	8.06025	8.06025
57600	3693_3_1_2_0	5427.95	18.3377	18.3377
57600	3693_3_1_2_1	419.538	9.53496	9.53496
57600	3693_3_2_3	501.831	8.22675	8.22675
57600	3693_3_0_1	21.8576	3.64293	3.64293
57600	3693_3_1_2_2	167.409	4.78311	4.78311
32400	3693_3_0_2	346.684	7.22259	7.22259
32400	3693_3_1_2_3	5296.94	22.4447	22.4447
32400	3693_3_3_1	436.702	8.39811	8.39811
32400	3693_3_3_2	3.19099	3.19099	3.19099
32400	3693_3_1_3_0	199.268	4.63415	4.63415
32400	3693_3_1_0	9609.23	23.2107	23.2107
32400	3693_3_1_3_1	9852.81	23.4033	23.4033
32400	3693_3_1_3_2	2341.22	14.5418	14.5418
32400	3693_3_1_1	5828.36	18.0444	18.0444
32400	3693_3_1_3_3	525.147	9.54813	9.54813
32400	3693_3_2_0	1389.8	11.3918	11.3918
32400	3693_3_2_1	2208.44	12.6196	12.6196
32400	3693_3_2_2	499.631	9.99262	9.99262
32400	3693_3_1_2_0	7928.07	21.2549	21.2549
32400	3693_3_1_2_1	550.271	11.9624	11.9624
32400	3693_3_2_3	855.775	11.7229	11.7229
32400	3693_3_0_1	9.7976	3.26587	3.26587
32400	3693_3_1_2_2	283.285	6.74489	6.74489
61200	3693_3_0_2	188.305	4.59281	4.59281
61200	3693_3_1_2_3	2999.46	17.8539	17.8539
61200	3693_3_3_1	240.946	5.23795	5.23795
61200	3693_3_3_2	0	0	0
61200	3693_3_1_3_0	112.635	3.88395	3.88395
61200	3693_3_1_0	7158.73	17.0446	17.0446
61200	3693_3_1_3_1	7345.27	19.96	19.96
61200	3693_3_1_3_2	1663.42	11.3158	11.3158
61200	3693_3_1_1	3953.88	12.8791	12.8791
61200	3693_3_1_3_3	299.198	6.10609	6.10609
61200	3693_3_2_0	782.841	7.45563	7.45563
61200	3693_3_2_1	1483.59	11.0715	11.0715
61200	3693_3_2_2	332.663	7.39251	7.39251
61200	3693_3_1_2_0	4652.19	17.7564	17.7564
61200	3693_3_1_2_1	321.762	7.48284	7.48284
61200	3693_3_2_3	458.565	7.64274	7.64274
61200	3693_3_0_1	23.1641	3.30915	3.30915
61200	3693_3_1_2_2	108.939	4.18997	4.18997
64800	3693_3_0_2	105.378	4.05299	4.05299
64800	3693_3_1_2_3	2132.87	16.4067	16.4067
64800	3693_3_3_1	165.011	4.23106	4.23106
64800	3693_3_3_2	0	0	0
64800	3693_3_1_3_0	23.5036	3.35765	3.35765
64800	3693_3_1_0	5237.86	14.3503	14.3503
64800	3693_3_1_3_1	5645.65	18.6942	18.6942
64800	3693_3_1_3_2	1271.26	9.85473	9.85473
64800	3693_3_1_1	2883.63	11.6275	11.6275
64800	3693_3_1_3_3	186.507	4.33737	4.33737
64800	3693_3_2_0	587.103	6.31293	6.31293
64800	3693_3_2_1	1137.76	9.64199	9.64199
64800	3693_3_2_2	207.767	5.77131	5.77131
64800	3693_3_1_2_0	3366.95	15.5877	15.5877
64800	3693_3_1_2_1	255.453	5.67674	5.67674
64800	3693_3_2_3	345.568	6.64555	6.64555
64800	3693_3_0_1	6.66574	3.33287	3.33287
64800	3693_3_1_2_2	47.4018	3.64629	3.64629
18900	3693_3_0_2	0	0	0
18900	3693_3_1_2_3	200.891	7.44039	7.44039
18900	3693_3_3_1	0	0	0
18900	3693_3_3_2	0	0	0
18900	3693_3_1_3_0	0	0	0
18900	3693_3_1_0	1094.35	12.1595	12.1595
18900	3693_3_1_3_1	423.079	7.42245	7.42245
18900	3693_3_1_3_2	65.3114	4.08196	4.08196
18900	3693_3_1_1	276.857	7.91019	7.91019
18900	3693_3_1_3_3	0	0	0
18900	3693_3_2_0	74.9737	4.41022	4.41022
18900	3693_3_2_1	112.541	5.92321	5.92321
18900	3693_3_2_2	4.13135	4.13135	4.13135
18900	3693_3_1_2_0	278.986	7.15349	7.15349
18900	3693_3_1_2_1	3.1657	3.1657	3.1657
18900	3693_3_2_3	24.416	4.06934	4.06934
18900	3693_3_0_1	0	0	0
18900	3693_3_1_2_2	3.67775	3.67775	3.67775
18000	3693_3_0_2	0	0	0
18000	3693_3_1_2_3	157.416	6.05447	6.05447
18000	3693_3_3_1	0	0	0
18000	3693_3_3_2	0	0	0
18000	3693_3_1_3_0	0	0	0
18000	3693_3_1_0	706.717	10.8726	10.8726
18000	3693_3_1_3_1	277.914	6.617	6.617
18000	3693_3_1_3_2	47.877	3.98975	3.98975
18000	3693_3_1_1	178.301	5.94336	5.94336
18000	3693_3_1_3_3	0	0	0
18000	3693_3_2_0	29.6772	3.70965	3.70965
18000	3693_3_2_1	59.9583	4.28273	4.28273
18000	3693_3_2_2	0	0	0
18000	3693_3_1_2_0	226.786	7.31566	7.31566
18000	3693_3_1_2_1	0	0	0
18000	3693_3_2_3	11.3936	3.79788	3.79788
18000	3693_3_0_1	0	0	0
18000	3693_3_1_2_2	0	0	0
22500	3693_3_0_2	68.574	4.28587	4.28587
22500	3693_3_1_2_3	1028.72	14.0921	14.0921
22500	3693_3_3_1	70.5029	3.91683	3.91683
22500	3693_3_3_2	0	0	0
22500	3693_3_1_3_0	38.7152	3.87152	3.87152
22500	3693_3_1_0	3916.8	17.331	17.331
22500	3693_3_1_3_1	2502.11	13.2387	13.2387
22500	3693_3_1_3_2	502.468	8.81523	8.81523
22500	3693_3_1_1	1724.3	15.3955	15.3955
22500	3693_3_1_3_3	142.592	6.19964	6.19964
22500	3693_3_2_0	305.733	8.26307	8.26307
22500	3693_3_2_1	619.363	9.38429	9.38429
22500	3693_3_2_2	117.706	5.35025	5.35025
22500	3693_3_1_2_0	1485.38	14.4212	14.4212
22500	3693_3_1_2_1	116.504	5.0654	5.0654
22500	3693_3_2_3	198.255	6.83637	6.83637
22500	3693_3_0_1	3.15555	3.15555	3.15555
22500	3693_3_1_2_2	49.6959	3.82276	3.82276
0	3693_3_0_2	0	0	0
0	3693_3_1_2_3	0	0	0
0	3693_3_3_1	0	0	0
0	3693_3_3_2	0	0	0
0	3693_3_1_3_0	0	0	0
0	3693_3_1_0	117.323	5.33286	5.33286
0	3693_3_1_3_1	59.104	5.3731	5.3731
0	3693_3_1_3_2	0	0	0
0	3693_3_1_1	18.1054	3.62109	3.62109
0	3693_3_1_3_3	0	0	0
0	3693_3_2_0	3.09673	3.09673	3.09673
0	3693_3_2_1	0	0	0
0	3693_3_2_2	0	0	0
0	3693_3_1_2_0	20.062	4.01241	4.01241
0	3693_3_1_2_1	0	0	0
0	3693_3_2_3	0	0	0
0	3693_3_0_1	0	0	0
0	3693_3_1_2_2	0	0	0
51300	3693_3_0_2	261.217	6.07482	6.07482
51300	3693_3_1_2_3	3894.69	21.8803	21.8803
51300	3693_3_3_1	331.633	6.76802	6.76802
51300	3693_3_3_2	0	0	0
51300	3693_3_1_3_0	131.004	4.09389	4.09389
51300	3693_3_1_0	7331.67	19.5511	19.5511
51300	3693_3_1_3_1	7435.06	21.6766	21.6766
51300	3693_3_1_3_2	1866.11	12.5242	12.5242
51300	3693_3_1_1	4317.78	15.9918	15.9918
51300	3693_3_1_3_3	423.544	7.8434	7.8434
51300	3693_3_2_0	1013.68	11.2631	11.2631
51300	3693_3_2_1	1535.22	13.1216	13.1216
51300	3693_3_2_2	364.449	8.28294	8.28294
51300	3693_3_1_2_0	5916.55	20.9807	20.9807
51300	3693_3_1_2_1	430.174	9.77669	9.77669
51300	3693_3_2_3	541.225	9.66474	9.66474
51300	3693_3_0_1	13.4457	3.36144	3.36144
51300	3693_3_1_2_2	177.427	4.79531	4.79531
54900	3693_3_0_2	263.267	5.37279	5.37279
54900	3693_3_1_2_3	3846.85	20.0357	20.0357
54900	3693_3_3_1	319.732	6.66108	6.66108
54900	3693_3_3_2	0	0	0
54900	3693_3_1_3_0	127.859	3.99558	3.99558
54900	3693_3_1_0	7957.62	18.2934	18.2934
54900	3693_3_1_3_1	7785.69	20.0146	20.0146
54900	3693_3_1_3_2	1877.32	12.1117	12.1117
54900	3693_3_1_1	4580.8	14.405	14.405
54900	3693_3_1_3_3	390.538	7.1007	7.1007
54900	3693_3_2_0	998.873	9.24883	9.24883
54900	3693_3_2_1	1690.01	11.9859	11.9859
54900	3693_3_2_2	365.328	8.30292	8.30292
54900	3693_3_1_2_0	5759.74	19.7929	19.7929
54900	3693_3_1_2_1	431.279	9.58397	9.58397
54900	3693_3_2_3	517.219	9.75885	9.75885
54900	3693_3_0_1	19.1555	3.19258	3.19258
54900	3693_3_1_2_2	157.543	4.63363	4.63363
83700	3693_3_0_2	0	0	0
83700	3693_3_1_2_3	33.988	3.77644	3.77644
83700	3693_3_3_1	0	0	0
83700	3693_3_3_2	0	0	0
83700	3693_3_1_3_0	0	0	0
83700	3693_3_1_0	206.037	5.72324	5.72324
83700	3693_3_1_3_1	138.678	5.13624	5.13624
83700	3693_3_1_3_2	0	0	0
83700	3693_3_1_1	37.9924	4.22137	4.22137
83700	3693_3_1_3_3	0	0	0
83700	3693_3_2_0	0	0	0
83700	3693_3_2_1	0	0	0
83700	3693_3_2_2	0	0	0
83700	3693_3_1_2_0	109.435	4.75806	4.75806
83700	3693_3_1_2_1	0	0	0
83700	3693_3_2_3	0	0	0
83700	3693_3_0_1	0	0	0
83700	3693_3_1_2_2	0	0	0
79200	3693_3_0_2	0	0	0
79200	3693_3_1_2_3	217.642	5.72742	5.72742
79200	3693_3_3_1	0	0	0
79200	3693_3_3_2	0	0	0
79200	3693_3_1_3_0	0	0	0
79200	3693_3_1_0	532.618	9.18307	9.18307
79200	3693_3_1_3_1	569.655	6.62389	6.62389
79200	3693_3_1_3_2	44.3962	4.03602	4.03602
79200	3693_3_1_1	168.837	5.27614	5.27614
79200	3693_3_1_3_3	0	0	0
79200	3693_3_2_0	11.2175	3.73918	3.73918
79200	3693_3_2_1	36.7264	4.08071	4.08071
79200	3693_3_2_2	3.55125	3.55125	3.55125
79200	3693_3_1_2_0	343.345	7.46401	7.46401
79200	3693_3_1_2_1	0	0	0
79200	3693_3_2_3	16.3076	3.26153	3.26153
79200	3693_3_0_1	0	0	0
79200	3693_3_1_2_2	0	0	0
25200	3693_3_0_2	172.917	5.57797	5.57797
25200	3693_3_1_2_3	2409.15	20.0762	20.0762
25200	3693_3_3_1	191.35	5.9797	5.9797
25200	3693_3_3_2	0	0	0
25200	3693_3_1_3_0	98.4671	4.1028	4.1028
25200	3693_3_1_0	6888.77	19.0825	19.0825
25200	3693_3_1_3_1	5319.1	17.1584	17.1584
25200	3693_3_1_3_2	1119.76	11.5439	11.5439
25200	3693_3_1_1	3653.16	16.3819	16.3819
25200	3693_3_1_3_3	288.896	7.2224	7.2224
25200	3693_3_2_0	701.874	10.3217	10.3217
25200	3693_3_2_1	1355.53	12.2119	12.2119
25200	3693_3_2_2	301.328	7.34947	7.34947
25200	3693_3_1_2_0	3626.8	16.9477	16.9477
25200	3693_3_1_2_1	296.459	7.2307	7.2307
25200	3693_3_2_3	481.478	9.62956	9.62956
25200	3693_3_0_1	3.43965	3.43965	3.43965
25200	3693_3_1_2_2	151.744	4.89497	4.89497
54000	3693_3_0_2	261.07	5.67542	5.67542
54000	3693_3_1_2_3	3927.73	20.7816	20.7816
54000	3693_3_3_1	323.8	6.88936	6.88936
54000	3693_3_3_2	0	0	0
54000	3693_3_1_3_0	137.886	4.30893	4.30893
54000	3693_3_1_0	7871.43	19.0592	19.0592
54000	3693_3_1_3_1	8203.75	20.4582	20.4582
54000	3693_3_1_3_2	2009.57	12.4818	12.4818
54000	3693_3_1_1	4619.26	15.5009	15.5009
54000	3693_3_1_3_3	416.631	7.57511	7.57511
54000	3693_3_2_0	992.48	9.7302	9.7302
54000	3693_3_2_1	1735.12	11.9664	11.9664
54000	3693_3_2_2	352.614	7.83587	7.83587
54000	3693_3_1_2_0	6025.31	19.8201	19.8201
54000	3693_3_1_2_1	462.52	10.0548	10.0548
54000	3693_3_2_3	570.432	9.20051	9.20051
54000	3693_3_0_1	0	0	0
54000	3693_3_1_2_2	200.01	5.12845	5.12845
12600	3693_3_0_2	0	0	0
12600	3693_3_1_2_3	11.2705	3.75683	3.75683
12600	3693_3_3_1	0	0	0
12600	3693_3_3_2	0	0	0
12600	3693_3_1_3_0	0	0	0
12600	3693_3_1_0	309.54	7.54975	7.54975
12600	3693_3_1_3_1	37.5838	4.69798	4.69798
12600	3693_3_1_3_2	0	0	0
12600	3693_3_1_1	28.6636	3.58295	3.58295
12600	3693_3_1_3_3	0	0	0
12600	3693_3_2_0	0	0	0
12600	3693_3_2_1	0	0	0
12600	3693_3_2_2	0	0	0
12600	3693_3_1_2_0	38.7137	3.87137	3.87137
12600	3693_3_1_2_1	0	0	0
12600	3693_3_2_3	3.12253	3.12253	3.12253
12600	3693_3_0_1	0	0	0
12600	3693_3_1_2_2	0	0	0
15300	3693_3_0_2	0	0	0
15300	3693_3_1_2_3	58.3084	4.16489	4.16489
15300	3693_3_3_1	0	0	0
15300	3693_3_3_2	0	0	0
15300	3693_3_1_3_0	0	0	0
15300	3693_3_1_0	335.811	8.39528	8.39528
15300	3693_3_1_3_1	29.221	4.17443	4.17443
15300	3693_3_1_3_2	3.68958	3.68958	3.68958
15300	3693_3_1_1	48.7693	4.43357	4.43357
15300	3693_3_1_3_3	0	0	0
15300	3693_3_2_0	0	0	0
15300	3693_3_2_1	3.05286	3.05286	3.05286
15300	3693_3_2_2	0	0	0
15300	3693_3_1_2_0	98.1677	4.46217	4.46217
15300	3693_3_1_2_1	0	0	0
15300	3693_3_2_3	0	0	0
15300	3693_3_0_1	0	0	0
15300	3693_3_1_2_2	0	0	0
44100	3693_3_0_2	228.524	5.44105	5.44105
44100	3693_3_1_2_3	4141.05	22.5057	22.5057
44100	3693_3_3_1	299.856	6.51861	6.51861
44100	3693_3_3_2	0	0	0
44100	3693_3_1_3_0	71.8968	4.22922	4.22922
44100	3693_3_1_0	7792.14	17.913	17.913
44100	3693_3_1_3_1	7274.57	19.2449	19.2449
44100	3693_3_1_3_2	1809.99	12.9285	12.9285
44100	3693_3_1_1	4747.98	13.7225	13.7225
44100	3693_3_1_3_3	363.545	8.26238	8.26238
44100	3693_3_2_0	1005.39	10.4728	10.4728
44100	3693_3_2_1	1408.75	12.25	12.25
44100	3693_3_2_2	308.916	6.86481	6.86481
44100	3693_3_1_2_0	6023.81	19.8806	19.8806
44100	3693_3_1_2_1	437.501	9.94321	9.94321
44100	3693_3_2_3	569.41	10.168	10.168
44100	3693_3_0_1	9.72263	3.24088	3.24088
44100	3693_3_1_2_2	185.24	4.87473	4.87473
47700	3693_3_0_2	245.486	5.8449	5.8449
47700	3693_3_1_2_3	4075.81	22.5183	22.5183
47700	3693_3_3_1	313.064	6.95698	6.95698
47700	3693_3_3_2	0	0	0
47700	3693_3_1_3_0	106.731	3.95299	3.95299
47700	3693_3_1_0	7395.39	19.0113	19.0113
47700	3693_3_1_3_1	6892.5	20.6982	20.6982
47700	3693_3_1_3_2	1707.65	13.0355	13.0355
47700	3693_3_1_1	4168.42	15.496	15.496
47700	3693_3_1_3_3	391.38	7.8276	7.8276
47700	3693_3_2_0	1004.31	11.9561	11.9561
47700	3693_3_2_1	1535.94	13.1277	13.1277
47700	3693_3_2_2	341.208	7.41756	7.41756
47700	3693_3_1_2_0	5778.32	20.7108	20.7108
47700	3693_3_1_2_1	448.48	10.4298	10.4298
47700	3693_3_2_3	526.775	10.9745	10.9745
47700	3693_3_0_1	0	0	0
47700	3693_3_1_2_2	204.527	5.11317	5.11317
76500	3693_3_0_2	0	0	0
76500	3693_3_1_2_3	367.934	8.1763	8.1763
76500	3693_3_3_1	0	0	0
76500	3693_3_3_2	0	0	0
76500	3693_3_1_3_0	0	0	0
76500	3693_3_1_0	766.922	9.70788	9.70788
76500	3693_3_1_3_1	901.846	8.1986	8.1986
76500	3693_3_1_3_2	132.542	4.41806	4.41806
76500	3693_3_1_1	334.556	6.19548	6.19548
76500	3693_3_1_3_3	6.22775	3.11388	3.11388
76500	3693_3_2_0	10.9357	3.64523	3.64523
76500	3693_3_2_1	134.499	4.48329	4.48329
76500	3693_3_2_2	3.35811	3.35811	3.35811
76500	3693_3_1_2_0	464.366	7.3709	7.3709
76500	3693_3_1_2_1	4.89762	4.89762	4.89762
76500	3693_3_2_3	34.8785	3.87539	3.87539
76500	3693_3_0_1	0	0	0
76500	3693_3_1_2_2	0	0	0
8100	3693_3_0_2	0	0	0
8100	3693_3_1_2_3	0	0	0
8100	3693_3_3_1	0	0	0
8100	3693_3_3_2	0	0	0
8100	3693_3_1_3_0	0	0	0
8100	3693_3_1_0	323.843	7.71055	7.71055
8100	3693_3_1_3_1	17.7627	4.44068	4.44068
8100	3693_3_1_3_2	0	0	0
8100	3693_3_1_1	7.41304	3.70652	3.70652
8100	3693_3_1_3_3	0	0	0
8100	3693_3_2_0	0	0	0
8100	3693_3_2_1	0	0	0
8100	3693_3_2_2	0	0	0
8100	3693_3_1_2_0	15.3962	3.84904	3.84904
8100	3693_3_1_2_1	0	0	0
8100	3693_3_2_3	0	0	0
8100	3693_3_0_1	0	0	0
8100	3693_3_1_2_2	0	0	0
80100	3693_3_0_2	0	0	0
80100	3693_3_1_2_3	155.241	5.54432	5.54432
80100	3693_3_3_1	0	0	0
80100	3693_3_3_2	0	0	0
80100	3693_3_1_3_0	0	0	0
80100	3693_3_1_0	451.457	9.21341	9.21341
80100	3693_3_1_3_1	445.699	6.45941	6.45941
80100	3693_3_1_3_2	26.4163	3.77376	3.77376
80100	3693_3_1_1	139.99	5.38424	5.38424
80100	3693_3_1_3_3	0	0	0
80100	3693_3_2_0	7.15502	3.57751	3.57751
80100	3693_3_2_1	19.0659	4.76646	4.76646
80100	3693_3_2_2	0	0	0
80100	3693_3_1_2_0	250.435	6.5904	6.5904
80100	3693_3_1_2_1	0	0	0
80100	3693_3_2_3	11.2439	3.74796	3.74796
80100	3693_3_0_1	0	0	0
80100	3693_3_1_2_2	0	0	0
34200	3693_3_0_2	349.516	7.43651	7.43651
34200	3693_3_1_2_3	5185.4	20.7416	20.7416
34200	3693_3_3_1	463.076	8.73729	8.73729
34200	3693_3_3_2	6.21429	3.10714	3.10714
34200	3693_3_1_3_0	187.213	4.45745	4.45745
34200	3693_3_1_0	9355.76	21.9619	21.9619
34200	3693_3_1_3_1	10216.7	23.9267	23.9267
34200	3693_3_1_3_2	2408.78	14.0864	14.0864
34200	3693_3_1_1	5526.01	16.8991	16.8991
34200	3693_3_1_3_3	528.676	9.7903	9.7903
34200	3693_3_2_0	1404.24	12.7658	12.7658
34200	3693_3_2_1	2107.07	13.7717	13.7717
34200	3693_3_2_2	522.458	10.2443	10.2443
34200	3693_3_1_2_0	8237.63	21.231	21.231
34200	3693_3_1_2_1	594.096	13.5022	13.5022
34200	3693_3_2_3	908.125	11.2114	11.2114
34200	3693_3_0_1	13.178	3.2945	3.2945
34200	3693_3_1_2_2	254.706	5.92339	5.92339
37800	3693_3_0_2	336.46	6.86654	6.86654
37800	3693_3_1_2_3	5138.4	21.8655	21.8655
37800	3693_3_3_1	460.42	8.68717	8.68717
37800	3693_3_3_2	3.05449	3.05449	3.05449
37800	3693_3_1_3_0	174.414	4.47216	4.47216
37800	3693_3_1_0	9205.15	20.3204	20.3204
37800	3693_3_1_3_1	9951.51	24.8167	24.8167
37800	3693_3_1_3_2	2416.15	14.1295	14.1295
37800	3693_3_1_1	5535.99	15.772	15.772
37800	3693_3_1_3_3	536.573	9.09446	9.09446
37800	3693_3_2_0	1328.98	12.3054	12.3054
37800	3693_3_2_1	1949.95	12.662	12.662
37800	3693_3_2_2	436.177	8.90156	8.90156
37800	3693_3_1_2_0	7818.76	21.3045	21.3045
37800	3693_3_1_2_1	594.524	13.5119	13.5119
37800	3693_3_2_3	771.908	11.6956	11.6956
37800	3693_3_0_1	21.5137	3.58562	3.58562
37800	3693_3_1_2_2	261.795	5.94989	5.94989
66600	3693_3_0_2	47.0861	3.62201	3.62201
66600	3693_3_1_2_3	1690.06	14.5695	14.5695
66600	3693_3_3_1	72.3412	3.80743	3.80743
66600	3693_3_3_2	0	0	0
66600	3693_3_1_3_0	16.5844	3.31688	3.31688
66600	3693_3_1_0	4014.41	13.0338	13.0338
66600	3693_3_1_3_1	4717.44	17.0305	17.0305
66600	3693_3_1_3_2	1027.4	8.42134	8.42134
66600	3693_3_1_1	1992.34	10.5976	10.5976
66600	3693_3_1_3_3	110.739	3.95496	3.95496
66600	3693_3_2_0	385.924	5.67535	5.67535
66600	3693_3_2_1	825.203	8.9696	8.9696
66600	3693_3_2_2	177.772	4.9381	4.9381
66600	3693_3_1_2_0	2550.33	15.1806	15.1806
66600	3693_3_1_2_1	178.717	5.1062	5.1062
66600	3693_3_2_3	259.2	5.51489	5.51489
66600	3693_3_0_1	0	0	0
66600	3693_3_1_2_2	38.7407	3.87407	3.87407
41400	3693_3_0_2	257.427	5.98666	5.98666
41400	3693_3_1_2_3	4454.5	21.2119	21.2119
41400	3693_3_3_1	345.829	7.68508	7.68508
41400	3693_3_3_2	0	0	0
41400	3693_3_1_3_0	118.864	3.83432	3.83432
41400	3693_3_1_0	8315.75	19.0728	19.0728
41400	3693_3_1_3_1	8103.58	20.1582	20.1582
41400	3693_3_1_3_2	1988.85	12.6678	12.6678
41400	3693_3_1_1	4950.12	14.2655	14.2655
41400	3693_3_1_3_3	400.736	9.10764	9.10764
41400	3693_3_2_0	1099.19	11.3319	11.3319
41400	3693_3_2_1	1600.29	12.3099	12.3099
41400	3693_3_2_2	342.407	7.78197	7.78197
41400	3693_3_1_2_0	6769.53	19.6218	19.6218
41400	3693_3_1_2_1	471.181	10.7087	10.7087
41400	3693_3_2_3	636.503	11.1667	11.1667
41400	3693_3_0_1	9.5036	3.16787	3.16787
41400	3693_3_1_2_2	187.659	4.9384	4.9384
2700	3693_3_0_2	0	0	0
2700	3693_3_1_2_3	0	0	0
2700	3693_3_3_1	0	0	0
2700	3693_3_3_2	0	0	0
2700	3693_3_1_3_0	0	0	0
2700	3693_3_1_0	100.492	4.18719	4.18719
2700	3693_3_1_3_1	25.8041	4.30068	4.30068
2700	3693_3_1_3_2	0	0	0
2700	3693_3_1_1	0	0	0
2700	3693_3_1_3_3	0	0	0
2700	3693_3_2_0	0	0	0
2700	3693_3_2_1	0	0	0
2700	3693_3_2_2	0	0	0
2700	3693_3_1_2_0	3.38575	3.38575	3.38575
2700	3693_3_1_2_1	0	0	0
2700	3693_3_2_3	0	0	0
2700	3693_3_0_1	0	0	0
2700	3693_3_1_2_2	0	0	0
70200	3693_3_0_2	12.851	3.21275	3.21275
70200	3693_3_1_2_3	990.591	13.3864	13.3864
70200	3693_3_3_1	3.74334	3.74334	3.74334
70200	3693_3_3_2	0	0	0
70200	3693_3_1_3_0	0	0	0
70200	3693_3_1_0	1948.95	11.011	11.011
70200	3693_3_1_3_1	2643.07	13.1496	13.1496
70200	3693_3_1_3_2	562.558	7.40208	7.40208
70200	3693_3_1_1	1102.41	9.11085	9.11085
70200	3693_3_1_3_3	16.175	4.04374	4.04374
70200	3693_3_2_0	215.428	4.30856	4.30856
70200	3693_3_2_1	446.825	7.09246	7.09246
70200	3693_3_2_2	54.5649	4.1973	4.1973
70200	3693_3_1_2_0	1326.16	13.0016	13.0016
70200	3693_3_1_2_1	80.4338	4.23336	4.23336
70200	3693_3_2_3	157.277	4.62579	4.62579
70200	3693_3_0_1	0	0	0
70200	3693_3_1_2_2	4.03636	4.03636	4.03636
73800	3693_3_0_2	0	0	0
73800	3693_3_1_2_3	638.083	11.8164	11.8164
73800	3693_3_3_1	0	0	0
73800	3693_3_3_2	0	0	0
73800	3693_3_1_3_0	0	0	0
73800	3693_3_1_0	985.404	9.85404	9.85404
73800	3693_3_1_3_1	1444.29	10.0298	10.0298
73800	3693_3_1_3_2	294.77	6.14104	6.14104
73800	3693_3_1_1	641.334	8.11815	8.11815
73800	3693_3_1_3_3	0	0	0
73800	3693_3_2_0	66.1534	3.89138	3.89138
73800	3693_3_2_1	271.58	5.7783	5.7783
73800	3693_3_2_2	8.93472	4.46736	4.46736
73800	3693_3_1_2_0	806.383	10.7518	10.7518
73800	3693_3_1_2_1	19.8585	3.9717	3.9717
73800	3693_3_2_3	60.9384	3.80865	3.80865
73800	3693_3_0_1	0	0	0
73800	3693_3_1_2_2	0	0	0
69300	3693_3_0_2	11.7058	3.90193	3.90193
69300	3693_3_1_2_3	1084.38	14.4585	14.4585
69300	3693_3_3_1	10.089	3.36301	3.36301
69300	3693_3_3_2	0	0	0
69300	3693_3_1_3_0	3.58626	3.58626	3.58626
69300	3693_3_1_0	2244.39	10.9482	10.9482
69300	3693_3_1_3_1	2939.37	13.6715	13.6715
69300	3693_3_1_3_2	591.031	7.9869	7.9869
69300	3693_3_1_1	1187.64	9.27844	9.27844
69300	3693_3_1_3_3	41.9712	4.19712	4.19712
69300	3693_3_2_0	214	5.09525	5.09525
69300	3693_3_2_1	520.791	7.5477	7.5477
69300	3693_3_2_2	72.5133	4.02852	4.02852
69300	3693_3_1_2_0	1590.46	13.3652	13.3652
69300	3693_3_1_2_1	84.7871	3.85396	3.85396
69300	3693_3_2_3	157.075	4.90859	4.90859
69300	3693_3_0_1	0	0	0
69300	3693_3_1_2_2	0	0	0
5400	3693_3_0_2	0	0	0
5400	3693_3_1_2_3	23.6186	3.37408	3.37408
5400	3693_3_3_1	0	0	0
5400	3693_3_3_2	0	0	0
5400	3693_3_1_3_0	0	0	0
5400	3693_3_1_0	160.635	5.73698	5.73698
5400	3693_3_1_3_1	12.573	4.191	4.191
5400	3693_3_1_3_2	0	0	0
5400	3693_3_1_1	28.3294	5.66588	5.66588
5400	3693_3_1_3_3	0	0	0
5400	3693_3_2_0	0	0	0
5400	3693_3_2_1	0	0	0
5400	3693_3_2_2	0	0	0
5400	3693_3_1_2_0	65.6629	4.10393	4.10393
5400	3693_3_1_2_1	0	0	0
5400	3693_3_2_3	0	0	0
5400	3693_3_0_1	0	0	0
5400	3693_3_1_2_2	0	0	0
27900	3693_3_0_2	259.766	5.90378	5.90378
27900	3693_3_1_2_3	3739.47	21.3684	21.3684
27900	3693_3_3_1	301.913	6.70919	6.70919
27900	3693_3_3_2	0	0	0
27900	3693_3_1_3_0	155.249	4.43569	4.43569
27900	3693_3_1_0	8900.58	20.9919	20.9919
27900	3693_3_1_3_1	7676.41	20.8033	20.8033
27900	3693_3_1_3_2	1771.51	12.6536	12.6536
27900	3693_3_1_1	4806.98	18.0713	18.0713
27900	3693_3_1_3_3	418.195	8.7124	8.7124
27900	3693_3_2_0	1053.93	11.7103	11.7103
27900	3693_3_2_1	1801.56	13.6482	13.6482
27900	3693_3_2_2	407.677	8.86255	8.86255
27900	3693_3_1_2_0	5749.73	21.0613	21.0613
27900	3693_3_1_2_1	426.132	9.68481	9.68481
27900	3693_3_2_3	652.937	11.6596	11.6596
27900	3693_3_0_1	17.8039	3.56078	3.56078
27900	3693_3_1_2_2	223.086	5.72016	5.72016
31500	3693_3_0_2	305.405	7.10244	7.10244
31500	3693_3_1_2_3	4937.97	22.5478	22.5478
31500	3693_3_3_1	428.883	8.75271	8.75271
31500	3693_3_3_2	3.20076	3.20076	3.20076
31500	3693_3_1_3_0	187.953	4.58422	4.58422
31500	3693_3_1_0	9753.32	22.735	22.735
31500	3693_3_1_3_1	9611.23	22.8295	22.8295
31500	3693_3_1_3_2	2253.69	14.2639	14.2639
31500	3693_3_1_1	5669.54	18.1136	18.1136
31500	3693_3_1_3_3	499.221	9.41927	9.41927
31500	3693_3_2_0	1384.75	12.5886	12.5886
31500	3693_3_2_1	2190.64	14.0426	14.0426
31500	3693_3_2_2	508.883	11.0627	11.0627
31500	3693_3_1_2_0	7543.84	21.7402	21.7402
31500	3693_3_1_2_1	544.546	12.101	12.101
31500	3693_3_2_3	866.066	12.5517	12.5517
31500	3693_3_0_1	3.02999	3.02999	3.02999
31500	3693_3_1_2_2	273.562	6.67225	6.67225
27000	3693_3_0_2	238.964	5.68962	5.68962
27000	3693_3_1_2_3	3359.2	20.115	20.115
27000	3693_3_3_1	295.269	6.71065	6.71065
27000	3693_3_3_2	0	0	0
27000	3693_3_1_3_0	148.111	4.35621	4.35621
27000	3693_3_1_0	8556.15	20.7674	20.7674
27000	3693_3_1_3_1	7093.14	20.6196	20.6196
27000	3693_3_1_3_2	1607.37	11.9064	11.9064
27000	3693_3_1_1	4514.22	17.4294	17.4294
27000	3693_3_1_3_3	379.224	7.9005	7.9005
27000	3693_3_2_0	944.027	10.4892	10.4892
27000	3693_3_2_1	1551.38	14.3646	14.3646
27000	3693_3_2_2	389.701	8.66003	8.66003
27000	3693_3_1_2_0	5080.24	19.9225	19.9225
27000	3693_3_1_2_1	417.756	9.71526	9.71526
27000	3693_3_2_3	675.396	10.0805	10.0805
27000	3693_3_0_1	16.6441	3.32883	3.32883
27000	3693_3_1_2_2	212.258	5.44252	5.44252
60300	3693_3_0_2	217.922	4.73744	4.73744
60300	3693_3_1_2_3	3022.21	17.571	17.571
60300	3693_3_3_1	265.731	5.31463	5.31463
60300	3693_3_3_2	0	0	0
60300	3693_3_1_3_0	98.5412	3.94165	3.94165
60300	3693_3_1_0	7187.13	16.9109	16.9109
60300	3693_3_1_3_1	7378.27	19.728	19.728
60300	3693_3_1_3_2	1683.43	11.8551	11.8551
60300	3693_3_1_1	3989.78	12.9538	12.9538
60300	3693_3_1_3_3	308.296	5.8169	5.8169
60300	3693_3_2_0	756.944	7.96783	7.96783
60300	3693_3_2_1	1584.14	10.1547	10.1547
60300	3693_3_2_2	329.857	7.6711	7.6711
60300	3693_3_1_2_0	4740.68	17.6891	17.6891
60300	3693_3_1_2_1	366.023	8.13385	8.13385
60300	3693_3_2_3	477.16	7.57397	7.57397
60300	3693_3_0_1	17.2258	3.44516	3.44516
60300	3693_3_1_2_2	128.63	4.28765	4.28765
63900	3693_3_0_2	139.416	3.98333	3.98333
63900	3693_3_1_2_3	2400.08	16.2167	16.2167
63900	3693_3_3_1	176.017	4.19089	4.19089
63900	3693_3_3_2	0	0	0
63900	3693_3_1_3_0	54.3364	3.39603	3.39603
63900	3693_3_1_0	5645.67	14.9753	14.9753
63900	3693_3_1_3_1	6220.02	19.0798	19.0798
63900	3693_3_1_3_2	1409.97	10.0712	10.0712
63900	3693_3_1_1	3201.76	12.5559	12.5559
63900	3693_3_1_3_3	213.291	4.7398	4.7398
63900	3693_3_2_0	578.029	6.49471	6.49471
63900	3693_3_2_1	1245.42	9.80644	9.80644
63900	3693_3_2_2	242.407	5.63738	5.63738
63900	3693_3_1_2_0	3832.82	16.8106	16.8106
63900	3693_3_1_2_1	283.149	6.43521	6.43521
63900	3693_3_2_3	394.536	6.26247	6.26247
63900	3693_3_0_1	3.11241	3.11241	3.11241
63900	3693_3_1_2_2	72.4679	4.26282	4.26282
59400	3693_3_0_2	238.674	4.97237	4.97237
59400	3693_3_1_2_3	3197.91	17.4749	17.4749
59400	3693_3_3_1	274.293	5.59782	5.59782
59400	3693_3_3_2	0	0	0
59400	3693_3_1_3_0	124.154	3.76224	3.76224
59400	3693_3_1_0	7538.12	17.1321	17.1321
59400	3693_3_1_3_1	7555.02	20.6987	20.6987
59400	3693_3_1_3_2	1752.57	10.752	10.752
59400	3693_3_1_1	4165.61	13.0175	13.0175
59400	3693_3_1_3_3	332.802	6.27927	6.27927
59400	3693_3_2_0	792.715	7.62226	7.62226
59400	3693_3_2_1	1477.97	11.2822	11.2822
59400	3693_3_2_2	331.412	6.90441	6.90441
59400	3693_3_1_2_0	4899.27	18.0785	18.0785
59400	3693_3_1_2_1	365.205	8.30011	8.30011
59400	3693_3_2_3	483.454	7.92547	7.92547
59400	3693_3_0_1	19.6512	3.2752	3.2752
59400	3693_3_1_2_2	135.364	4.51215	4.51215
63000	3693_3_0_2	107.826	4.14716	4.14716
63000	3693_3_1_2_3	2669.27	16.08	16.08
63000	3693_3_3_1	185.736	4.42228	4.42228
63000	3693_3_3_2	0	0	0
63000	3693_3_1_3_0	47.7132	3.67025	3.67025
63000	3693_3_1_0	6156.9	16.1175	16.1175
63000	3693_3_1_3_1	6764.06	19.836	19.836
63000	3693_3_1_3_2	1496.12	10.318	10.318
63000	3693_3_1_1	3359.02	12.2592	12.2592
63000	3693_3_1_3_3	223.905	4.86749	4.86749
63000	3693_3_2_0	706.311	6.92462	6.92462
63000	3693_3_2_1	1379.6	10.1441	10.1441
63000	3693_3_2_2	275.918	6.56947	6.56947
63000	3693_3_1_2_0	4240.57	17.4509	17.4509
63000	3693_3_1_2_1	311.713	7.08439	7.08439
63000	3693_3_2_3	384.782	6.75056	6.75056
63000	3693_3_0_1	14.081	3.52025	3.52025
63000	3693_3_1_2_2	120.72	4.16274	4.16274
17100	3693_3_0_2	0	0	0
17100	3693_3_1_2_3	87.6564	4.61349	4.61349
17100	3693_3_3_1	0	0	0
17100	3693_3_3_2	0	0	0
17100	3693_3_1_3_0	0	0	0
17100	3693_3_1_0	529.093	11.0228	11.0228
17100	3693_3_1_3_1	132.106	5.74374	5.74374
17100	3693_3_1_3_2	7.76951	3.88475	3.88475
17100	3693_3_1_1	85.6599	4.28299	4.28299
17100	3693_3_1_3_3	0	0	0
17100	3693_3_2_0	0	0	0
17100	3693_3_2_1	26.8815	3.84022	3.84022
17100	3693_3_2_2	0	0	0
17100	3693_3_1_2_0	106.946	4.86117	4.86117
17100	3693_3_1_2_1	0	0	0
17100	3693_3_2_3	16.7959	4.19898	4.19898
17100	3693_3_0_1	0	0	0
17100	3693_3_1_2_2	0	0	0
21600	3693_3_0_2	35.3445	3.92716	3.92716
21600	3693_3_1_2_3	734.698	13.1196	13.1196
21600	3693_3_3_1	20.6263	3.43772	3.43772
21600	3693_3_3_2	0	0	0
21600	3693_3_1_3_0	10.4286	3.4762	3.4762
21600	3693_3_1_0	2986.75	16.4107	16.4107
21600	3693_3_1_3_1	1850.8	11.6402	11.6402
21600	3693_3_1_3_2	364.918	7.44732	7.44732
21600	3693_3_1_1	1230.35	12.4278	12.4278
21600	3693_3_1_3_3	93.5659	4.45552	4.45552
21600	3693_3_2_0	212.408	7.08028	7.08028
21600	3693_3_2_1	435.446	9.07179	9.07179
21600	3693_3_2_2	99.7029	5.53905	5.53905
21600	3693_3_1_2_0	1106.04	13.6549	13.6549
21600	3693_3_1_2_1	97.3525	4.63583	4.63583
21600	3693_3_2_3	163.921	6.30465	6.30465
21600	3693_3_0_1	0	0	0
21600	3693_3_1_2_2	22.3612	3.72687	3.72687
49500	3693_3_0_2	240.28	5.72094	5.72094
49500	3693_3_1_2_3	3968.39	23.7628	23.7628
49500	3693_3_3_1	325.326	6.92183	6.92183
49500	3693_3_3_2	0	0	0
49500	3693_3_1_3_0	98.5227	3.94091	3.94091
49500	3693_3_1_0	7157.36	19.2921	19.2921
49500	3693_3_1_3_1	7157.51	20.162	20.162
49500	3693_3_1_3_2	1768.71	12.9103	12.9103
49500	3693_3_1_1	4150.09	15.4279	15.4279
49500	3693_3_1_3_3	375.736	7.99439	7.99439
49500	3693_3_2_0	982.968	11.1701	11.1701
49500	3693_3_2_1	1535.53	13.7101	13.7101
49500	3693_3_2_2	323.63	7.70549	7.70549
49500	3693_3_1_2_0	6085.2	20.7686	20.7686
49500	3693_3_1_2_1	435.416	9.89582	9.89582
49500	3693_3_2_3	547.165	9.27398	9.27398
49500	3693_3_0_1	9.43287	3.14429	3.14429
49500	3693_3_1_2_2	152.431	4.76347	4.76347
82800	3693_3_0_2	0	0	0
82800	3693_3_1_2_3	52.0758	4.73416	4.73416
82800	3693_3_3_1	0	0	0
82800	3693_3_3_2	0	0	0
82800	3693_3_1_3_0	0	0	0
82800	3693_3_1_0	334.055	7.95369	7.95369
82800	3693_3_1_3_1	166.582	5.3736	5.3736
82800	3693_3_1_3_2	0	0	0
82800	3693_3_1_1	52.4365	4.36971	4.36971
82800	3693_3_1_3_3	0	0	0
82800	3693_3_2_0	0	0	0
82800	3693_3_2_1	10.6626	3.55418	3.55418
82800	3693_3_2_2	0	0	0
82800	3693_3_1_2_0	191.259	5.79573	5.79573
82800	3693_3_1_2_1	0	0	0
82800	3693_3_2_3	0	0	0
82800	3693_3_0_1	0	0	0
82800	3693_3_1_2_2	0	0	0
24300	3693_3_0_2	92.525	4.40595	4.40595
24300	3693_3_1_2_3	1892.93	17.5271	17.5271
24300	3693_3_3_1	134.525	5.60522	5.60522
24300	3693_3_3_2	0	0	0
24300	3693_3_1_3_0	84.4273	4.02035	4.02035
24300	3693_3_1_0	6076.25	18.5818	18.5818
24300	3693_3_1_3_1	4242.86	15.5416	15.5416
24300	3693_3_1_3_2	908.16	10.204	10.204
24300	3693_3_1_1	2848.67	17.3699	17.3699
24300	3693_3_1_3_3	215.11	5.97527	5.97527
24300	3693_3_2_0	535.469	9.07575	9.07575
24300	3693_3_2_1	1027.57	12.2329	12.2329
24300	3693_3_2_2	242.125	7.12131	7.12131
24300	3693_3_1_2_0	2877.43	16.8271	16.8271
24300	3693_3_1_2_1	225.551	6.83488	6.83488
24300	3693_3_2_3	396.989	8.10182	8.10182
24300	3693_3_0_1	6.34899	3.1745	3.1745
24300	3693_3_1_2_2	95.7572	5.03985	5.03985
53100	3693_3_0_2	268.237	5.96082	5.96082
53100	3693_3_1_2_3	3902.23	20.3241	20.3241
53100	3693_3_3_1	321.402	6.98701	6.98701
53100	3693_3_3_2	0	0	0
53100	3693_3_1_3_0	133.679	4.05087	4.05087
53100	3693_3_1_0	7852.94	19.1535	19.1535
53100	3693_3_1_3_1	7677.28	21.0337	21.0337
53100	3693_3_1_3_2	1917.4	12.6145	12.6145
53100	3693_3_1_1	4522.55	14.828	14.828
53100	3693_3_1_3_3	410.153	7.73873	7.73873
53100	3693_3_2_0	1015.38	9.76326	9.76326
53100	3693_3_2_1	1636.7	11.0588	11.0588
53100	3693_3_2_2	346.9	7.54131	7.54131
53100	3693_3_1_2_0	6012.56	20.5909	20.5909
53100	3693_3_1_2_1	445.422	9.89826	9.89826
53100	3693_3_2_3	503.848	9.33051	9.33051
53100	3693_3_0_1	13.9918	3.49795	3.49795
53100	3693_3_1_2_2	169.195	4.97631	4.97631
56700	3693_3_0_2	235.391	5.00833	5.00833
56700	3693_3_1_2_3	3621.26	18.6663	18.6663
56700	3693_3_3_1	289.172	6.02442	6.02442
56700	3693_3_3_2	0	0	0
56700	3693_3_1_3_0	102.127	3.92798	3.92798
56700	3693_3_1_0	7933.73	17.6305	17.6305
56700	3693_3_1_3_1	7842.88	21.0265	21.0265
56700	3693_3_1_3_2	1880.76	12.2926	12.2926
56700	3693_3_1_1	4414.48	14.666	14.666
56700	3693_3_1_3_3	371.769	6.88461	6.88461
56700	3693_3_2_0	963.011	8.67578	8.67578
56700	3693_3_2_1	1710.41	10.8943	10.8943
56700	3693_3_2_2	357.267	8.30853	8.30853
56700	3693_3_1_2_0	5381.62	18.4302	18.4302
56700	3693_3_1_2_1	410.057	9.53622	9.53622
56700	3693_3_2_3	478.365	8.54223	8.54223
56700	3693_3_0_1	16.4197	3.28393	3.28393
56700	3693_3_1_2_2	169.051	4.56895	4.56895
85500	3693_3_0_2	0	0	0
85500	3693_3_1_2_3	121.594	6.0797	6.0797
85500	3693_3_3_1	0	0	0
85500	3693_3_3_2	0	0	0
85500	3693_3_1_3_0	0	0	0
85500	3693_3_1_0	181.489	5.33792	5.33792
85500	3693_3_1_3_1	97.5082	4.64325	4.64325
85500	3693_3_1_3_2	0	0	0
85500	3693_3_1_1	19.3141	3.86282	3.86282
85500	3693_3_1_3_3	0	0	0
85500	3693_3_2_0	0	0	0
85500	3693_3_2_1	0	0	0
85500	3693_3_2_2	0	0	0
85500	3693_3_1_2_0	71.1651	3.95362	3.95362
85500	3693_3_1_2_1	0	0	0
85500	3693_3_2_3	0	0	0
85500	3693_3_0_1	0	0	0
85500	3693_3_1_2_2	0	0	0
11700	3693_3_0_2	0	0	0
11700	3693_3_1_2_3	27.3626	3.42033	3.42033
11700	3693_3_3_1	0	0	0
11700	3693_3_3_2	0	0	0
11700	3693_3_1_3_0	0	0	0
11700	3693_3_1_0	198.599	6.20622	6.20622
11700	3693_3_1_3_1	76.7084	3.83542	3.83542
11700	3693_3_1_3_2	4.38323	4.38323	4.38323
11700	3693_3_1_1	34.8592	4.97988	4.97988
11700	3693_3_1_3_3	0	0	0
11700	3693_3_2_0	0	0	0
11700	3693_3_2_1	0	0	0
11700	3693_3_2_2	0	0	0
11700	3693_3_1_2_0	68.5419	4.28387	4.28387
11700	3693_3_1_2_1	0	0	0
11700	3693_3_2_3	0	0	0
11700	3693_3_0_1	0	0	0
11700	3693_3_1_2_2	0	0	0
14400	3693_3_0_2	0	0	0
14400	3693_3_1_2_3	43.3827	3.94388	3.94388
14400	3693_3_3_1	0	0	0
14400	3693_3_3_2	0	0	0
14400	3693_3_1_3_0	0	0	0
14400	3693_3_1_0	329.874	8.4583	8.4583
14400	3693_3_1_3_1	47.0288	4.27535	4.27535
14400	3693_3_1_3_2	0	0	0
14400	3693_3_1_1	45.0675	3.75562	3.75562
14400	3693_3_1_3_3	0	0	0
14400	3693_3_2_0	0	0	0
14400	3693_3_2_1	0	0	0
14400	3693_3_2_2	0	0	0
14400	3693_3_1_2_0	36.6848	4.58559	4.58559
14400	3693_3_1_2_1	0	0	0
14400	3693_3_2_3	0	0	0
14400	3693_3_0_1	0	0	0
14400	3693_3_1_2_2	0	0	0
43200	3693_3_0_2	250.375	5.69033	5.69033
43200	3693_3_1_2_3	4484.29	21.9818	21.9818
43200	3693_3_3_1	330.801	7.35113	7.35113
43200	3693_3_3_2	0	0	0
43200	3693_3_1_3_0	126.168	3.82329	3.82329
43200	3693_3_1_0	8312.89	19.1984	19.1984
43200	3693_3_1_3_1	7951.09	20.3353	20.3353
43200	3693_3_1_3_2	2050.65	13.5805	13.5805
43200	3693_3_1_1	4852.09	14.5708	14.5708
43200	3693_3_1_3_3	410.234	8.37212	8.37212
43200	3693_3_2_0	1076.8	10.768	10.768
43200	3693_3_2_1	1585.86	11.9238	11.9238
43200	3693_3_2_2	324.926	7.22057	7.22057
43200	3693_3_1_2_0	6365.04	19.7672	19.7672
43200	3693_3_1_2_1	434.719	9.87998	9.87998
43200	3693_3_2_3	583.489	10.6089	10.6089
43200	3693_3_0_1	6.66268	3.33134	3.33134
43200	3693_3_1_2_2	184.046	4.60115	4.60115
46800	3693_3_0_2	231.975	5.39477	5.39477
46800	3693_3_1_2_3	4170.42	20.8521	20.8521
46800	3693_3_3_1	307.205	6.98192	6.98192
46800	3693_3_3_2	0	0	0
46800	3693_3_1_3_0	122.877	3.96378	3.96378
46800	3693_3_1_0	7679.2	18.3713	18.3713
46800	3693_3_1_3_1	7149.97	20.9064	20.9064
46800	3693_3_1_3_2	1764.55	12.6039	12.6039
46800	3693_3_1_1	4369.29	14.5643	14.5643
46800	3693_3_1_3_3	368.969	8.02106	8.02106
46800	3693_3_2_0	942.211	11.6322	11.6322
46800	3693_3_2_1	1541.26	12.4295	12.4295
46800	3693_3_2_2	323.906	6.74804	6.74804
46800	3693_3_1_2_0	5890.54	19.5699	19.5699
46800	3693_3_1_2_1	426.174	9.68578	9.68578
46800	3693_3_2_3	518.176	10.3635	10.3635
46800	3693_3_0_1	6.26914	3.13457	3.13457
46800	3693_3_1_2_2	169.862	4.71838	4.71838
75600	3693_3_0_2	0	0	0
75600	3693_3_1_2_3	410.687	8.55598	8.55598
75600	3693_3_3_1	0	0	0
75600	3693_3_3_2	0	0	0
75600	3693_3_1_3_0	0	0	0
75600	3693_3_1_0	737.204	9.57408	9.57408
75600	3693_3_1_3_1	1049.28	8.00975	8.00975
75600	3693_3_1_3_2	189.807	4.62945	4.62945
75600	3693_3_1_1	382.669	7.08646	7.08646
75600	3693_3_1_3_3	0	0	0
75600	3693_3_2_0	15.0129	3.75323	3.75323
75600	3693_3_2_1	157.824	5.2608	5.2608
75600	3693_3_2_2	3.34398	3.34398	3.34398
75600	3693_3_1_2_0	573.404	9.10165	9.10165
75600	3693_3_1_2_1	6.57998	3.28999	3.28999
75600	3693_3_2_3	12.145	4.04834	4.04834
75600	3693_3_0_1	0	0	0
75600	3693_3_1_2_2	0	0	0
50400	3693_3_0_2	259.746	6.18443	6.18443
50400	3693_3_1_2_3	4125.19	22.9177	22.9177
50400	3693_3_3_1	315.926	7.02058	7.02058
50400	3693_3_3_2	0	0	0
50400	3693_3_1_3_0	122.788	3.96091	3.96091
50400	3693_3_1_0	7484.65	18.9485	18.9485
50400	3693_3_1_3_1	7523.12	20.8976	20.8976
50400	3693_3_1_3_2	1848.96	13.3019	13.3019
50400	3693_3_1_1	4298.8	15.5754	15.5754
50400	3693_3_1_3_3	402.882	8.57196	8.57196
50400	3693_3_2_0	1043.9	10.5444	10.5444
50400	3693_3_2_1	1582.04	13.1837	13.1837
50400	3693_3_2_2	311.87	7.42549	7.42549
50400	3693_3_1_2_0	6209.41	20.4257	20.4257
50400	3693_3_1_2_1	462.61	10.5139	10.5139
50400	3693_3_2_3	543.796	10.2603	10.2603
50400	3693_3_0_1	3.10004	3.10004	3.10004
50400	3693_3_1_2_2	200.399	5.41618	5.41618
7200	3693_3_0_2	0	0	0
7200	3693_3_1_2_3	0	0	0
7200	3693_3_3_1	0	0	0
7200	3693_3_3_2	0	0	0
7200	3693_3_1_3_0	0	0	0
7200	3693_3_1_0	218.042	6.05673	6.05673
7200	3693_3_1_3_1	25.2881	3.61258	3.61258
7200	3693_3_1_3_2	0	0	0
7200	3693_3_1_1	21.9467	3.65778	3.65778
7200	3693_3_1_3_3	0	0	0
7200	3693_3_2_0	0	0	0
7200	3693_3_2_1	0	0	0
7200	3693_3_2_2	0	0	0
7200	3693_3_1_2_0	12.4115	3.10288	3.10288
7200	3693_3_1_2_1	0	0	0
7200	3693_3_2_3	0	0	0
7200	3693_3_0_1	0	0	0
7200	3693_3_1_2_2	0	0	0
78300	3693_3_0_2	0	0	0
78300	3693_3_1_2_3	334.031	7.59161	7.59161
78300	3693_3_3_1	0	0	0
78300	3693_3_3_2	0	0	0
78300	3693_3_1_3_0	0	0	0
78300	3693_3_1_0	550.477	9.33012	9.33012
78300	3693_3_1_3_1	624.888	7.02122	7.02122
78300	3693_3_1_3_2	60.4381	4.0292	4.0292
78300	3693_3_1_1	324.65	6.62552	6.62552
78300	3693_3_1_3_3	3.43761	3.43761	3.43761
78300	3693_3_2_0	32.6129	4.07661	4.07661
78300	3693_3_2_1	113.928	4.95338	4.95338
78300	3693_3_2_2	3.7289	3.7289	3.7289
78300	3693_3_1_2_0	401.4	8.028	8.028
78300	3693_3_1_2_1	11.2447	3.74822	3.74822
78300	3693_3_2_3	11.2641	3.75469	3.75469
78300	3693_3_0_1	0	0	0
78300	3693_3_1_2_2	4.22951	4.22951	4.22951
36900	3693_3_0_2	347.528	7.39421	7.39421
36900	3693_3_1_2_3	5179.65	21.4035	21.4035
36900	3693_3_3_1	449.669	7.88892	7.88892
36900	3693_3_3_2	0	0	0
36900	3693_3_1_3_0	185.23	4.41024	4.41024
36900	3693_3_1_0	9408.91	22.0349	22.0349
36900	3693_3_1_3_1	10058.2	24.5922	24.5922
36900	3693_3_1_3_2	2356.55	14.2821	14.2821
36900	3693_3_1_1	5696.67	16.4169	16.4169
36900	3693_3_1_3_3	521.191	9.47619	9.47619
36900	3693_3_2_0	1389.82	11.392	11.392
36900	3693_3_2_1	2074.8	12.5745	12.5745
36900	3693_3_2_2	465.881	9.91236	9.91236
36900	3693_3_1_2_0	7952.48	22.029	22.029
36900	3693_3_1_2_1	556.048	12.6375	12.6375
36900	3693_3_2_3	925.297	10.8858	10.8858
36900	3693_3_0_1	7.19953	3.59977	3.59977
36900	3693_3_1_2_2	241.928	5.49837	5.49837
65700	3693_3_0_2	66.6806	3.92239	3.92239
65700	3693_3_1_2_3	1882.08	15.3014	15.3014
65700	3693_3_3_1	107.008	3.96326	3.96326
65700	3693_3_3_2	0	0	0
65700	3693_3_1_3_0	22.755	3.25072	3.25072
65700	3693_3_1_0	4360.84	14.3922	14.3922
65700	3693_3_1_3_1	5080.41	17.8888	17.8888
65700	3693_3_1_3_2	1115.25	9.14137	9.14137
65700	3693_3_1_1	2471.17	10.7911	10.7911
65700	3693_3_1_3_3	149.715	4.53682	4.53682
65700	3693_3_2_0	504.353	6.0042	6.0042
65700	3693_3_2_1	967.41	9.57831	9.57831
65700	3693_3_2_2	179.669	4.85591	4.85591
65700	3693_3_1_2_0	2942.79	15.2476	15.2476
65700	3693_3_1_2_1	184.514	4.98687	4.98687
65700	3693_3_2_3	322.208	5.85832	5.85832
65700	3693_3_0_1	3.63082	3.63082	3.63082
65700	3693_3_1_2_2	36.419	3.6419	3.6419
40500	3693_3_0_2	278.418	6.32768	6.32768
40500	3693_3_1_2_3	4597.52	21.0895	21.0895
40500	3693_3_3_1	367.047	7.97927	7.97927
40500	3693_3_3_2	0	0	0
40500	3693_3_1_3_0	116.461	3.88204	3.88204
40500	3693_3_1_0	8807.2	19.0632	19.0632
40500	3693_3_1_3_1	8666.18	21.137	21.137
40500	3693_3_1_3_2	2070.28	12.8589	12.8589
40500	3693_3_1_1	5353.24	13.9407	13.9407
40500	3693_3_1_3_3	433.63	8.84959	8.84959
40500	3693_3_2_0	1246.02	10.835	10.835
40500	3693_3_2_1	1655.13	11.6558	11.6558
40500	3693_3_2_2	337.253	7.33158	7.33158
40500	3693_3_1_2_0	6979.12	20.8332	20.8332
40500	3693_3_1_2_1	466.272	10.3616	10.3616
40500	3693_3_2_3	651.351	10.0208	10.0208
40500	3693_3_0_1	3.50948	3.50948	3.50948
40500	3693_3_1_2_2	186.163	4.89903	4.89903
36000	3693_3_0_2	332.556	7.22947	7.22947
36000	3693_3_1_2_3	5334.45	22.2269	22.2269
36000	3693_3_3_1	426.243	8.88006	8.88006
36000	3693_3_3_2	3.03579	3.03579	3.03579
36000	3693_3_1_3_0	189.097	4.39761	4.39761
36000	3693_3_1_0	9421.39	21.7584	21.7584
36000	3693_3_1_3_1	10180.6	24.0108	24.0108
36000	3693_3_1_3_2	2440.79	14.6155	14.6155
36000	3693_3_1_1	6037.44	16.0998	16.0998
36000	3693_3_1_3_3	550.898	9.66487	9.66487
36000	3693_3_2_0	1480.12	12.1321	12.1321
36000	3693_3_2_1	2039.71	13.7818	13.7818
36000	3693_3_2_2	425.561	9.4569	9.4569
36000	3693_3_1_2_0	8165.85	22.6201	22.6201
36000	3693_3_1_2_1	592.336	12.6029	12.6029
36000	3693_3_2_3	947.626	11.0189	11.0189
36000	3693_3_0_1	0	0	0
36000	3693_3_1_2_2	258.101	6.14526	6.14526
1800	3693_3_0_2	0	0	0
1800	3693_3_1_2_3	17.0055	3.40109	3.40109
1800	3693_3_3_1	0	0	0
1800	3693_3_3_2	0	0	0
1800	3693_3_1_3_0	0	0	0
1800	3693_3_1_0	84.9916	4.24958	4.24958
1800	3693_3_1_3_1	41.3664	3.76058	3.76058
1800	3693_3_1_3_2	0	0	0
1800	3693_3_1_1	21.8493	3.64155	3.64155
1800	3693_3_1_3_3	0	0	0
1800	3693_3_2_0	0	0	0
1800	3693_3_2_1	3	3	3
1800	3693_3_2_2	0	0	0
1800	3693_3_1_2_0	55.4976	3.96411	3.96411
1800	3693_3_1_2_1	0	0	0
1800	3693_3_2_3	0	0	0
1800	3693_3_0_1	0	0	0
1800	3693_3_1_2_2	0	0	0
39600	3693_3_0_2	305.078	6.77952	6.77952
39600	3693_3_1_2_3	4851.11	20.213	20.213
39600	3693_3_3_1	395.855	8.24698	8.24698
39600	3693_3_3_2	0	0	0
39600	3693_3_1_3_0	132.052	4.25974	4.25974
39600	3693_3_1_0	9182.94	19.7483	19.7483
39600	3693_3_1_3_1	9534.92	22.1228	22.1228
39600	3693_3_1_3_2	2355.01	13.853	13.853
39600	3693_3_1_1	5744.93	14.8832	14.8832
39600	3693_3_1_3_3	516.067	9.21547	9.21547
39600	3693_3_2_0	1428.5	11.428	11.428
39600	3693_3_2_1	1960.24	11.5308	11.5308
39600	3693_3_2_2	425.227	9.44948	9.44948
39600	3693_3_1_2_0	7599.45	21.0511	21.0511
39600	3693_3_1_2_1	500.35	11.3716	11.3716
39600	3693_3_2_3	795.586	12.0543	12.0543
39600	3693_3_0_1	9.31861	3.1062	3.1062
39600	3693_3_1_2_2	185.009	5.00025	5.00025
72900	3693_3_0_2	0	0	0
72900	3693_3_1_2_3	639.402	11.0242	11.0242
72900	3693_3_3_1	0	0	0
72900	3693_3_3_2	0	0	0
72900	3693_3_1_3_0	0	0	0
72900	3693_3_1_0	1145.34	9.23664	9.23664
72900	3693_3_1_3_1	1541.17	10.073	10.073
72900	3693_3_1_3_2	290.833	5.81665	5.81665
72900	3693_3_1_1	677.194	7.96699	7.96699
72900	3693_3_1_3_3	3.06988	3.06988	3.06988
72900	3693_3_2_0	73.5904	3.87318	3.87318
72900	3693_3_2_1	290.706	6.18523	6.18523
72900	3693_3_2_2	17.3937	3.47874	3.47874
72900	3693_3_1_2_0	870.082	10.6108	10.6108
72900	3693_3_1_2_1	15.5807	3.89516	3.89516
72900	3693_3_2_3	79.5448	4.18657	4.18657
72900	3693_3_0_1	0	0	0
72900	3693_3_1_2_2	0	0	0
68400	3693_3_0_2	14.6527	3.66317	3.66317
68400	3693_3_1_2_3	1211.85	14.0913	14.0913
68400	3693_3_3_1	25.973	3.71042	3.71042
68400	3693_3_3_2	0	0	0
68400	3693_3_1_3_0	3.22813	3.22813	3.22813
68400	3693_3_1_0	2620.8	10.9657	10.9657
68400	3693_3_1_3_1	3336.18	14.8275	14.8275
68400	3693_3_1_3_2	708.69	7.62032	7.62032
68400	3693_3_1_1	1403.5	9.74654	9.74654
68400	3693_3_1_3_3	61.5947	3.84967	3.84967
68400	3693_3_2_0	275.649	5.20093	5.20093
68400	3693_3_2_1	632.244	9.16296	9.16296
68400	3693_3_2_2	115.246	4.60985	4.60985
68400	3693_3_1_2_0	1824.44	14.143	14.143
68400	3693_3_1_2_1	139.504	4.50012	4.50012
68400	3693_3_2_3	182.088	5.05801	5.05801
68400	3693_3_0_1	0	0	0
68400	3693_3_1_2_2	7.63371	3.81685	3.81685
4500	3693_3_0_2	0	0	0
4500	3693_3_1_2_3	3.79864	3.79864	3.79864
4500	3693_3_3_1	0	0	0
4500	3693_3_3_2	0	0	0
4500	3693_3_1_3_0	0	0	0
4500	3693_3_1_0	161.742	5.7765	5.7765
4500	3693_3_1_3_1	53.055	4.08116	4.08116
4500	3693_3_1_3_2	0	0	0
4500	3693_3_1_1	3.59385	3.59385	3.59385
4500	3693_3_1_3_3	0	0	0
4500	3693_3_2_0	0	0	0
4500	3693_3_2_1	0	0	0
4500	3693_3_2_2	0	0	0
4500	3693_3_1_2_0	15.4589	3.86473	3.86473
4500	3693_3_1_2_1	0	0	0
4500	3693_3_2_3	0	0	0
4500	3693_3_0_1	0	0	0
4500	3693_3_1_2_2	0	0	0
72000	3693_3_0_2	3.75783	3.75783	3.75783
72000	3693_3_1_2_3	757.296	12.2145	12.2145
72000	3693_3_3_1	0	0	0
72000	3693_3_3_2	0	0	0
72000	3693_3_1_3_0	0	0	0
72000	3693_3_1_0	1299.83	10.0762	10.0762
72000	3693_3_1_3_1	1853.93	10.7787	10.7787
72000	3693_3_1_3_2	364.319	6.5057	6.5057
72000	3693_3_1_1	727.169	8.26329	8.26329
72000	3693_3_1_3_3	0	0	0
72000	3693_3_2_0	110.433	3.94403	3.94403
72000	3693_3_2_1	285.612	6.07686	6.07686
72000	3693_3_2_2	22.4073	4.48146	4.48146
72000	3693_3_1_2_0	1042.64	11.3331	11.3331
72000	3693_3_1_2_1	24.0293	4.00488	4.00488
72000	3693_3_2_3	73.2722	3.85643	3.85643
72000	3693_3_0_1	0	0	0
72000	3693_3_1_2_2	0	0	0
30600	3693_3_0_2	308.486	7.01105	7.01105
30600	3693_3_1_2_3	4567.1	22.8355	22.8355
30600	3693_3_3_1	418.018	8.19643	8.19643
30600	3693_3_3_2	3.06322	3.06322	3.06322
30600	3693_3_1_3_0	192.361	4.69174	4.69174
30600	3693_3_1_0	9583.92	21.9312	21.9312
30600	3693_3_1_3_1	9137.12	22.4499	22.4499
30600	3693_3_1_3_2	2144.87	13.8379	13.8379
30600	3693_3_1_1	5643.58	17.6362	17.6362
30600	3693_3_1_3_3	466.518	9.92591	9.92591
30600	3693_3_2_0	1276.26	11.1953	11.1953
30600	3693_3_2_1	1942.2	13.9726	13.9726
30600	3693_3_2_2	476.265	9.92218	9.92218
30600	3693_3_1_2_0	7297.87	20.4996	20.4996
30600	3693_3_1_2_1	510.515	11.6026	11.6026
30600	3693_3_2_3	879.848	12.3922	12.3922
30600	3693_3_0_1	10.721	3.57367	3.57367
30600	3693_3_1_2_2	241.344	5.74629	5.74629
26100	3693_3_0_2	179.638	5.61367	5.61367
26100	3693_3_1_2_3	2829.56	20.5041	20.5041
26100	3693_3_3_1	261.952	6.38907	6.38907
26100	3693_3_3_2	0	0	0
26100	3693_3_1_3_0	134.096	4.32568	4.32568
26100	3693_3_1_0	7814.6	20.6735	20.6735
26100	3693_3_1_3_1	6244.2	18.6952	18.6952
26100	3693_3_1_3_2	1366.21	11.8801	11.8801
26100	3693_3_1_1	4164.87	17.1394	17.1394
26100	3693_3_1_3_3	353.855	7.69249	7.69249
26100	3693_3_2_0	858.005	11.4401	11.4401
26100	3693_3_2_1	1469.3	12.5581	12.5581
26100	3693_3_2_2	341.453	7.26495	7.26495
26100	3693_3_1_2_0	4256.75	18.67	18.67
26100	3693_3_1_2_1	350.98	8.35667	8.35667
26100	3693_3_2_3	577.261	10.69	10.69
26100	3693_3_0_1	0	0	0
26100	3693_3_1_2_2	168.802	5.11523	5.11523
29700	3693_3_0_2	322.735	7.17189	7.17189
29700	3693_3_1_2_3	4409.23	21.1982	21.1982
29700	3693_3_3_1	386.723	8.05673	8.05673
29700	3693_3_3_2	3.16978	3.16978	3.16978
29700	3693_3_1_3_0	197.484	4.48827	4.48827
29700	3693_3_1_0	9602.32	21.6757	21.6757
29700	3693_3_1_3_1	8829.77	22.0744	22.0744
29700	3693_3_1_3_2	2041.51	13.171	13.171
29700	3693_3_1_1	5407.32	18.1454	18.1454
29700	3693_3_1_3_3	468.018	9.55139	9.55139
29700	3693_3_2_0	1198.73	12.8896	12.8896
29700	3693_3_2_1	2004.94	13.3662	13.3662
29700	3693_3_2_2	453.065	9.84925	9.84925
29700	3693_3_1_2_0	6926.76	20.7388	20.7388
29700	3693_3_1_2_1	475.46	10.8059	10.8059
29700	3693_3_2_3	778.411	10.8113	10.8113
29700	3693_3_0_1	13.1895	3.29736	3.29736
29700	3693_3_1_2_2	229.834	5.60572	5.60572
58500	3693_3_0_2	229.215	4.98294	4.98294
58500	3693_3_1_2_3	3281.95	17.5505	17.5505
58500	3693_3_3_1	286.217	5.96285	5.96285
58500	3693_3_3_2	0	0	0
58500	3693_3_1_3_0	127.058	3.85025	3.85025
58500	3693_3_1_0	7784.95	17.3384	17.3384
58500	3693_3_1_3_1	7599.51	19.739	19.739
58500	3693_3_1_3_2	1733.61	10.9722	10.9722
58500	3693_3_1_1	4312.38	13.9109	13.9109
58500	3693_3_1_3_3	351.279	6.38688	6.38688
58500	3693_3_2_0	810.468	8.35534	8.35534
58500	3693_3_2_1	1576.68	11.0258	11.0258
58500	3693_3_2_2	376.055	7.83447	7.83447
58500	3693_3_1_2_0	5113.61	17.8798	17.8798
58500	3693_3_1_2_1	392.532	8.72293	8.72293
58500	3693_3_2_3	483.028	7.4312	7.4312
58500	3693_3_0_1	25.1544	3.59349	3.59349
58500	3693_3_1_2_2	156.41	5.04549	5.04549
33300	3693_3_0_2	315.832	7.17799	7.17799
33300	3693_3_1_2_3	5047.6	21.8511	21.8511
33300	3693_3_3_1	440.454	8.31045	8.31045
33300	3693_3_3_2	0	0	0
33300	3693_3_1_3_0	192.644	4.81611	4.81611
33300	3693_3_1_0	9362.13	22.1327	22.1327
33300	3693_3_1_3_1	10026.3	23.263	23.263
33300	3693_3_1_3_2	2325.22	14.1782	14.1782
33300	3693_3_1_1	5788.86	17.1776	17.1776
33300	3693_3_1_3_3	541.11	9.83836	9.83836
33300	3693_3_2_0	1446.82	12.4726	12.4726
33300	3693_3_2_1	2109.52	13.1026	13.1026
33300	3693_3_2_2	456.377	9.71014	9.71014
33300	3693_3_1_2_0	8068.77	21.8666	21.8666
33300	3693_3_1_2_1	565.144	12.5587	12.5587
33300	3693_3_2_3	871.312	10.7569	10.7569
33300	3693_3_0_1	6.72448	3.36224	3.36224
33300	3693_3_1_2_2	240.248	6.0062	6.0062
62100	3693_3_0_2	148.803	4.13341	4.13341
62100	3693_3_1_2_3	2765.05	16.7579	16.7579
62100	3693_3_3_1	238	4.66667	4.66667
62100	3693_3_3_2	0	0	0
62100	3693_3_1_3_0	73.8483	3.69242	3.69242
62100	3693_3_1_0	6611.32	16.4053	16.4053
62100	3693_3_1_3_1	6993.68	19.7562	19.7562
62100	3693_3_1_3_2	1604.94	11.3825	11.3825
62100	3693_3_1_1	3697.71	13.1125	13.1125
62100	3693_3_1_3_3	259.776	4.90144	4.90144
62100	3693_3_2_0	724.396	6.96535	6.96535
62100	3693_3_2_1	1435.44	10.7122	10.7122
62100	3693_3_2_2	293.473	6.37984	6.37984
62100	3693_3_1_2_0	4383.55	18.189	18.189
62100	3693_3_1_2_1	296.451	6.8942	6.8942
62100	3693_3_2_3	457.846	8.03238	8.03238
62100	3693_3_0_1	25.7648	3.68069	3.68069
62100	3693_3_1_2_2	98.4441	4.10184	4.10184
