20700	3693_3_0_2	6.91676	3.45838	3.45838	0.22846	0.22846
20700	3693_3_1_2_3	498.234	11.3235	11.3235	0.0476512	0.0476512
20700	3693_3_3_1	6.75095	3.37547	3.37547	0.206142	0.206142
20700	3693_3_3_2	0	0	0	0	0
20700	3693_3_1_3_0	0	0	0	0	0
20700	3693_3_1_0	2264.8	13.4809	13.4809	0.0473266	0.0473266
20700	3693_3_1_3_1	1309.57	9.92097	9.92097	0.0313408	0.0313408
20700	3693_3_1_3_2	266.497	7.83815	7.83815	0.0954884	0.0954884
20700	3693_3_1_1	782.763	11.5112	11.5112	0.0573558	0.0573558
20700	3693_3_1_3_3	39.0611	4.34012	4.34012	0.194365	0.194365
20700	3693_3_2_0	146.246	6.3585	6.3585	0.118886	0.118886
20700	3693_3_2_1	264.889	8.82964	8.82964	0.106758	0.106758
20700	3693_3_2_2	54.2277	4.51897	4.51897	0.208948	0.208948
20700	3693_3_1_2_0	673.515	12.027	12.027	0.0489778	0.0489778
20700	3693_3_1_2_1	61.9833	3.87396	3.87396	0.15989	0.15989
20700	3693_3_2_3	176.258	7.3441	7.3441	0.163532	0.163532
20700	3693_3_0_1	0	0	0	0	0
20700	3693_3_1_2_2	20.0737	3.34562	3.34562	0.285056	0.285056
19800	3693_3_0_2	3.35118	3.35118	3.35118	0.221378	0.221378
19800	3693_3_1_2_3	302.222	10.0741	10.0741	0.0423935	0.0423935
19800	3693_3_3_1	0	0	0	0	0
19800	3693_3_3_2	0	0	0	0	0
19800	3693_3_1_3_0	3.18901	3.18901	3.18901	0.440416	0.440416
19800	3693_3_1_0	1593.5	12.1641	12.1641	0.0427038	0.0427038
19800	3693_3_1_3_1	774.537	9.00625	9.00625	0.0284512	0.0284512
19800	3693_3_1_3_2	145.294	5.81176	5.81176	0.0708019	0.0708019
19800	3693_3_1_1	505.968	11.7667	11.7667	0.0586289	0.0586289
19800	3693_3_1_3_3	18.6397	3.72794	3.72794	0.16695	0.16695
19800	3693_3_2_0	99.9068	4.99534	4.99534	0.0933988	0.0933988
19800	3693_3_2_1	143.785	6.53569	6.53569	0.0790218	0.0790218
19800	3693_3_2_2	7.47713	3.73857	3.73857	0.172864	0.172864
19800	3693_3_1_2_0	449.607	9.17566	9.17566	0.0373663	0.0373663
19800	3693_3_1_2_1	13.9151	3.47878	3.47878	0.14358	0.14358
19800	3693_3_2_3	75.0511	4.41477	4.41477	0.0983044	0.0983044
19800	3693_3_0_1	0	0	0	0	0
19800	3693_3_1_2_2	3.29162	3.29162	3.29162	0.280455	0.280455
48600	3693_3_0_2	240.061	5.58281	5.58281	0.368799	0.368799
48600	3693_3_1_2_3	4030.98	22.0272	22.0272	0.0926942	0.0926942
48600	3693_3_3_1	302.086	6.71303	6.71303	0.409969	0.409969
48600	3693_3_3_2	0	0	0	0	0
48600	3693_3_1_3_0	113.518	3.91442	3.91442	0.540598	0.540598
48600	3693_3_1_0	7339.27	18.675	18.675	0.0655613	0.0655613
48600	3693_3_1_3_1	6999.98	20.4678	20.4678	0.0646588	0.0646588
48600	3693_3_1_3_2	1711.28	13.0632	13.0632	0.159143	0.159143
48600	3693_3_1_1	4315.6	14.5797	14.5797	0.072645	0.072645
48600	3693_3_1_3_3	370.987	7.89333	7.89333	0.35349	0.35349
48600	3693_3_2_0	994.569	11.3019	11.3019	0.211314	0.211314
48600	3693_3_2_1	1509.22	13.4752	13.4752	0.162926	0.162926
48600	3693_3_2_2	354.349	7.87441	7.87441	0.364098	0.364098
48600	3693_3_1_2_0	6073.06	20.7982	20.7982	0.084697	0.084697
48600	3693_3_1_2_1	444.858	10.1104	10.1104	0.417287	0.417287
48600	3693_3_2_3	554.824	9.90757	9.90757	0.220613	0.220613
48600	3693_3_0_1	3.22909	3.22909	3.22909	0.698364	0.698364
48600	3693_3_1_2_2	193.376	5.22638	5.22638	0.445302	0.445302
23400	3693_3_0_2	87.5241	4.86245	4.86245	0.321212	0.321212
23400	3693_3_1_2_3	1355.01	17.152	17.152	0.0721785	0.0721785
23400	3693_3_3_1	110.511	5.02321	5.02321	0.30677	0.30677
23400	3693_3_3_2	0	0	0	0	0
23400	3693_3_1_3_0	38.9291	3.89291	3.89291	0.537627	0.537627
23400	3693_3_1_0	5133.73	18.4005	18.4005	0.0645976	0.0645976
23400	3693_3_1_3_1	3331.71	14.3608	14.3608	0.0453665	0.0453665
23400	3693_3_1_3_2	689.289	9.31471	9.31471	0.113477	0.113477
23400	3693_3_1_1	2266.05	16.5405	16.5405	0.0824149	0.0824149
23400	3693_3_1_3_3	155.182	6.46592	6.46592	0.289566	0.289566
23400	3693_3_2_0	378.905	9.02155	9.02155	0.168678	0.168678
23400	3693_3_2_1	730.901	10.4414	10.4414	0.126245	0.126245
23400	3693_3_2_2	172.079	6.1457	6.1457	0.284165	0.284165
23400	3693_3_1_2_0	2067.15	14.6606	14.6606	0.0597027	0.0597027
23400	3693_3_1_2_1	171.56	6.12713	6.12713	0.252885	0.252885
23400	3693_3_2_3	301.811	8.15705	8.15705	0.181634	0.181634
23400	3693_3_0_1	0	0	0	0	0
23400	3693_3_1_2_2	77.1134	4.53608	4.53608	0.386487	0.386487
52200	3693_3_0_2	254.024	5.77328	5.77328	0.381382	0.381382
52200	3693_3_1_2_3	3998.12	20.8236	20.8236	0.0876292	0.0876292
52200	3693_3_3_1	323.82	7.03956	7.03956	0.42991	0.42991
52200	3693_3_3_2	0	0	0	0	0
52200	3693_3_1_3_0	125.975	4.34396	4.34396	0.599919	0.599919
52200	3693_3_1_0	7694.32	19.284	19.284	0.0676993	0.0676993
52200	3693_3_1_3_1	7543.56	20.333	20.333	0.0642329	0.0642329
52200	3693_3_1_3_2	1840.65	12.6941	12.6941	0.154646	0.154646
52200	3693_3_1_1	4580.9	14.5425	14.5425	0.0724596	0.0724596
52200	3693_3_1_3_3	373.157	8.11212	8.11212	0.363288	0.363288
52200	3693_3_2_0	1019.03	10.0894	10.0894	0.188643	0.188643
52200	3693_3_2_1	1691.87	11.8313	11.8313	0.14305	0.14305
52200	3693_3_2_2	342.066	7.77423	7.77423	0.359465	0.359465
52200	3693_3_1_2_0	5920.97	19.7366	19.7366	0.0803738	0.0803738
52200	3693_3_1_2_1	468.365	10.6447	10.6447	0.439339	0.439339
52200	3693_3_2_3	549.828	9.31913	9.31913	0.20751	0.20751
52200	3693_3_0_1	3.1539	3.1539	3.1539	0.682103	0.682103
52200	3693_3_1_2_2	178.53	4.82513	4.82513	0.411115	0.411115
55800	3693_3_0_2	272.45	5.79682	5.79682	0.382937	0.382937
55800	3693_3_1_2_3	3762.83	18.9087	18.9087	0.079571	0.079571
55800	3693_3_3_1	326.69	6.5338	6.5338	0.399023	0.399023
55800	3693_3_3_2	0	0	0	0	0
55800	3693_3_1_3_0	155.18	4.08369	4.08369	0.563975	0.563975
55800	3693_3_1_0	7962.29	18.3041	18.3041	0.0642592	0.0642592
55800	3693_3_1_3_1	7934.74	20.7716	20.7716	0.0656185	0.0656185
55800	3693_3_1_3_2	1929.8	12.0612	12.0612	0.146936	0.146936
55800	3693_3_1_1	4406.22	14.2136	14.2136	0.0708208	0.0708208
55800	3693_3_1_3_3	376.941	7.39099	7.39099	0.330994	0.330994
55800	3693_3_2_0	911.451	8.68049	8.68049	0.162301	0.162301
55800	3693_3_2_1	1750.14	11.4388	11.4388	0.138304	0.138304
55800	3693_3_2_2	371.022	8.06569	8.06569	0.372942	0.372942
55800	3693_3_1_2_0	5671.14	18.7786	18.7786	0.0764726	0.0764726
55800	3693_3_1_2_1	425.007	9.65925	9.65925	0.398666	0.398666
55800	3693_3_2_3	523.035	9.01784	9.01784	0.200802	0.200802
55800	3693_3_0_1	17.0983	3.41966	3.41966	0.739579	0.739579
55800	3693_3_1_2_2	155.514	4.57393	4.57393	0.389712	0.389712
84600	3693_3_0_2	0	0	0	0	0
84600	3693_3_1_2_3	60.3709	4.3122	4.3122	0.0181465	0.0181465
84600	3693_3_3_1	0	0	0	0	0
84600	3693_3_3_2	0	0	0	0	0
84600	3693_3_1_3_0	0	0	0	0	0
84600	3693_3_1_0	178.793	5.10837	5.10837	0.0179337	0.0179337
84600	3693_3_1_3_1	97.294	5.12074	5.12074	0.0161767	0.0161767
84600	3693_3_1_3_2	3.74279	3.74279	3.74279	0.0455966	0.0455966
84600	3693_3_1_1	59.8233	3.98822	3.98822	0.0198717	0.0198717
84600	3693_3_1_3_3	0	0	0	0	0
84600	3693_3_2_0	0	0	0	0	0
84600	3693_3_2_1	10.1817	3.39389	3.39389	0.0410349	0.0410349
84600	3693_3_2_2	0	0	0	0	0
84600	3693_3_1_2_0	97.4655	4.23763	4.23763	0.017257	0.017257
84600	3693_3_1_2_1	0	0	0	0	0
84600	3693_3_2_3	0	0	0	0	0
84600	3693_3_0_1	0	0	0	0	0
84600	3693_3_1_2_2	0	0	0	0	0
13500	3693_3_0_2	0	0	0	0	0
13500	3693_3_1_2_3	12.9742	3.24356	3.24356	0.0136495	0.0136495
13500	3693_3_3_1	0	0	0	0	0
13500	3693_3_3_2	0	0	0	0	0
13500	3693_3_1_3_0	0	0	0	0	0
13500	3693_3_1_0	316.511	7.53597	7.53597	0.0264561	0.0264561
13500	3693_3_1_3_1	35.8151	4.47688	4.47688	0.0141427	0.0141427
13500	3693_3_1_3_2	3.51424	3.51424	3.51424	0.0428123	0.0428123
13500	3693_3_1_1	58.851	3.67819	3.67819	0.018327	0.018327
13500	3693_3_1_3_3	0	0	0	0	0
13500	3693_3_2_0	0	0	0	0	0
13500	3693_3_2_1	0	0	0	0	0
13500	3693_3_2_2	0	0	0	0	0
13500	3693_3_1_2_0	73.4447	4.32028	4.32028	0.0175936	0.0175936
13500	3693_3_1_2_1	0	0	0	0	0
13500	3693_3_2_3	3.01476	3.01476	3.01476	0.0671301	0.0671301
13500	3693_3_0_1	0	0	0	0	0
13500	3693_3_1_2_2	0	0	0	0	0
45900	3693_3_0_2	223.76	5.20372	5.20372	0.343757	0.343757
45900	3693_3_1_2_3	3985.92	21.0895	21.0895	0.0887482	0.0887482
45900	3693_3_3_1	279.505	6.50012	6.50012	0.396966	0.396966
45900	3693_3_3_2	0	0	0	0	0
45900	3693_3_1_3_0	92.2676	4.01163	4.01163	0.554023	0.554023
45900	3693_3_1_0	7517.47	18.2021	18.2021	0.0639011	0.0639011
45900	3693_3_1_3_1	6789.68	19.2342	19.2342	0.0607618	0.0607618
45900	3693_3_1_3_2	1606.1	12.5477	12.5477	0.152863	0.152863
45900	3693_3_1_1	4445.66	13.431	13.431	0.0669214	0.0669214
45900	3693_3_1_3_3	361.26	7.52624	7.52624	0.337051	0.337051
45900	3693_3_2_0	959.64	11.2899	11.2899	0.211089	0.211089
45900	3693_3_2_1	1355.89	12.5545	12.5545	0.151794	0.151794
45900	3693_3_2_2	322.242	7.32368	7.32368	0.338633	0.338633
45900	3693_3_1_2_0	5837.82	19.656	19.656	0.0800456	0.0800456
45900	3693_3_1_2_1	422.6	9.60454	9.60454	0.396408	0.396408
45900	3693_3_2_3	533.115	10.8799	10.8799	0.242264	0.242264
45900	3693_3_0_1	0	0	0	0	0
45900	3693_3_1_2_2	191.098	4.77746	4.77746	0.407053	0.407053
16200	3693_3_0_2	0	0	0	0	0
16200	3693_3_1_2_3	39.85	4.42778	4.42778	0.0186328	0.0186328
16200	3693_3_3_1	0	0	0	0	0
16200	3693_3_3_2	0	0	0	0	0
16200	3693_3_1_3_0	0	0	0	0	0
16200	3693_3_1_0	401.336	8.72471	8.72471	0.0306294	0.0306294
16200	3693_3_1_3_1	73.6613	4.0923	4.0923	0.0129278	0.0129278
16200	3693_3_1_3_2	0	0	0	0	0
16200	3693_3_1_1	56.0708	4.00505	4.00505	0.0199556	0.0199556
16200	3693_3_1_3_3	0	0	0	0	0
16200	3693_3_2_0	0	0	0	0	0
16200	3693_3_2_1	0	0	0	0	0
16200	3693_3_2_2	0	0	0	0	0
16200	3693_3_1_2_0	65.4839	4.36559	4.36559	0.0177781	0.0177781
16200	3693_3_1_2_1	0	0	0	0	0
16200	3693_3_2_3	3.12253	3.12253	3.12253	0.0695299	0.0695299
16200	3693_3_0_1	0	0	0	0	0
16200	3693_3_1_2_2	0	0	0	0	0
74700	3693_3_0_2	0	0	0	0	0
74700	3693_3_1_2_3	529.334	10.8027	10.8027	0.0454596	0.0454596
74700	3693_3_3_1	0	0	0	0	0
74700	3693_3_3_2	0	0	0	0	0
74700	3693_3_1_3_0	0	0	0	0	0
74700	3693_3_1_0	883.343	9.39727	9.39727	0.0329905	0.0329905
74700	3693_3_1_3_1	1203.42	8.29947	8.29947	0.0262184	0.0262184
74700	3693_3_1_3_2	229.012	5.20481	5.20481	0.0634077	0.0634077
74700	3693_3_1_1	471.955	7.86591	7.86591	0.0391928	0.0391928
74700	3693_3_1_3_3	0	0	0	0	0
74700	3693_3_2_0	49.5776	3.81366	3.81366	0.0713047	0.0713047
74700	3693_3_2_1	188.449	5.38426	5.38426	0.0651001	0.0651001
74700	3693_3_2_2	3.16502	3.16502	3.16502	0.146344	0.146344
74700	3693_3_1_2_0	732.482	10.1734	10.1734	0.0414294	0.0414294
74700	3693_3_1_2_1	22.5328	3.75546	3.75546	0.154999	0.154999
74700	3693_3_2_3	37.7476	4.19418	4.19418	0.0933924	0.0933924
74700	3693_3_0_1	0	0	0	0	0
74700	3693_3_1_2_2	7.28199	3.641	3.641	0.310223	0.310223
45000	3693_3_0_2	233.353	5.42682	5.42682	0.358495	0.358495
45000	3693_3_1_2_3	4003.98	20.9632	20.9632	0.0882167	0.0882167
45000	3693_3_3_1	309.16	7.02636	7.02636	0.429104	0.429104
45000	3693_3_3_2	0	0	0	0	0
45000	3693_3_1_3_0	85.3276	3.87853	3.87853	0.535641	0.535641
45000	3693_3_1_0	7744.02	18.6603	18.6603	0.0655097	0.0655097
45000	3693_3_1_3_1	6978.91	19.5488	19.5488	0.0617556	0.0617556
45000	3693_3_1_3_2	1683.92	12.2914	12.2914	0.14974	0.14974
45000	3693_3_1_1	4414.04	14.8122	14.8122	0.0738034	0.0738034
45000	3693_3_1_3_3	376.466	8.00991	8.00991	0.358711	0.358711
45000	3693_3_2_0	1020.24	10.6275	10.6275	0.198704	0.198704
45000	3693_3_2_1	1440.68	12.4196	12.4196	0.150163	0.150163
45000	3693_3_2_2	326.257	7.41493	7.41493	0.342852	0.342852
45000	3693_3_1_2_0	5951.72	19.8391	19.8391	0.0807913	0.0807913
45000	3693_3_1_2_1	438.378	9.96313	9.96313	0.411209	0.411209
45000	3693_3_2_3	507.764	11.0383	11.0383	0.245792	0.245792
45000	3693_3_0_1	0	0	0	0	0
45000	3693_3_1_2_2	188.851	5.24585	5.24585	0.446961	0.446961
9900	3693_3_0_2	0	0	0	0	0
9900	3693_3_1_2_3	15.1422	3.78554	3.78554	0.0159302	0.0159302
9900	3693_3_3_1	0	0	0	0	0
9900	3693_3_3_2	0	0	0	0	0
9900	3693_3_1_3_0	0	0	0	0	0
9900	3693_3_1_0	293.573	7.33932	7.33932	0.0257657	0.0257657
9900	3693_3_1_3_1	30.3464	5.05773	5.05773	0.0159776	0.0159776
9900	3693_3_1_3_2	3.44462	3.44462	3.44462	0.0419642	0.0419642
9900	3693_3_1_1	70.4191	3.70627	3.70627	0.0184669	0.0184669
9900	3693_3_1_3_3	0	0	0	0	0
9900	3693_3_2_0	0	0	0	0	0
9900	3693_3_2_1	0	0	0	0	0
9900	3693_3_2_2	0	0	0	0	0
9900	3693_3_1_2_0	38.2481	4.78101	4.78101	0.0194698	0.0194698
9900	3693_3_1_2_1	0	0	0	0	0
9900	3693_3_2_3	5.09368	5.09368	5.09368	0.113422	0.113422
9900	3693_3_0_1	0	0	0	0	0
9900	3693_3_1_2_2	0	0	0	0	0
81900	3693_3_0_2	0	0	0	0	0
81900	3693_3_1_2_3	99.8256	4.53753	4.53753	0.0190947	0.0190947
81900	3693_3_3_1	0	0	0	0	0
81900	3693_3_3_2	0	0	0	0	0
81900	3693_3_1_3_0	0	0	0	0	0
81900	3693_3_1_0	394.734	7.44782	7.44782	0.0261466	0.0261466
81900	3693_3_1_3_1	226.858	5.27577	5.27577	0.0166664	0.0166664
81900	3693_3_1_3_2	3.58095	3.58095	3.58095	0.043625	0.043625
81900	3693_3_1_1	113.518	5.40562	5.40562	0.0269341	0.0269341
81900	3693_3_1_3_3	0	0	0	0	0
81900	3693_3_2_0	0	0	0	0	0
81900	3693_3_2_1	6.79079	3.3954	3.3954	0.0410532	0.0410532
81900	3693_3_2_2	0	0	0	0	0
81900	3693_3_1_2_0	162.851	5.61555	5.61555	0.0228683	0.0228683
81900	3693_3_1_2_1	0	0	0	0	0
81900	3693_3_2_3	12.5253	4.1751	4.1751	0.0929676	0.0929676
81900	3693_3_0_1	0	0	0	0	0
81900	3693_3_1_2_2	0	0	0	0	0
77400	3693_3_0_2	0	0	0	0	0
77400	3693_3_1_2_3	354.399	8.05452	8.05452	0.0338948	0.0338948
77400	3693_3_3_1	0	0	0	0	0
77400	3693_3_3_2	0	0	0	0	0
77400	3693_3_1_3_0	0	0	0	0	0
77400	3693_3_1_0	590.484	8.31667	8.31667	0.0291969	0.0291969
77400	3693_3_1_3_1	786.637	8.10966	8.10966	0.0256188	0.0256188
77400	3693_3_1_3_2	128.021	4.41451	4.41451	0.0537799	0.0537799
77400	3693_3_1_1	408.103	8.32862	8.32862	0.0414983	0.0414983
77400	3693_3_1_3_3	0	0	0	0	0
77400	3693_3_2_0	52.7165	4.05512	4.05512	0.0758193	0.0758193
77400	3693_3_2_1	142.682	5.09578	5.09578	0.0616121	0.0616121
77400	3693_3_2_2	0	0	0	0	0
77400	3693_3_1_2_0	497.913	8.43921	8.43921	0.0343672	0.0343672
77400	3693_3_1_2_1	25.3759	4.22932	4.22932	0.174557	0.174557
77400	3693_3_2_3	47.5222	4.3202	4.3202	0.0961986	0.0961986
77400	3693_3_0_1	0	0	0	0	0
77400	3693_3_1_2_2	4.92372	4.92372	4.92372	0.419515	0.419515
9000	3693_3_0_2	0	0	0	0	0
9000	3693_3_1_2_3	6.31913	3.15956	3.15956	0.013296	0.013296
9000	3693_3_3_1	0	0	0	0	0
9000	3693_3_3_2	0	0	0	0	0
9000	3693_3_1_3_0	0	0	0	0	0
9000	3693_3_1_0	313.249	7.28486	7.28486	0.0255746	0.0255746
9000	3693_3_1_3_1	39.7306	4.96632	4.96632	0.0156888	0.0156888
9000	3693_3_1_3_2	6.5205	3.26025	3.26025	0.0397181	0.0397181
9000	3693_3_1_1	59.5134	4.57795	4.57795	0.0228101	0.0228101
9000	3693_3_1_3_3	0	0	0	0	0
9000	3693_3_2_0	0	0	0	0	0
9000	3693_3_2_1	28.3579	4.05113	4.05113	0.0489815	0.0489815
9000	3693_3_2_2	0	0	0	0	0
9000	3693_3_1_2_0	62.5467	4.81129	4.81129	0.0195931	0.0195931
9000	3693_3_1_2_1	0	0	0	0	0
9000	3693_3_2_3	7.36936	3.68468	3.68468	0.0820473	0.0820473
9000	3693_3_0_1	0	0	0	0	0
9000	3693_3_1_2_2	0	0	0	0	0
81000	3693_3_0_2	0	0	0	0	0
81000	3693_3_1_2_3	142.228	5.4703	5.4703	0.02302	0.02302
81000	3693_3_3_1	0	0	0	0	0
81000	3693_3_3_2	0	0	0	0	0
81000	3693_3_1_3_0	0	0	0	0	0
81000	3693_3_1_0	363.834	7.74116	7.74116	0.0271765	0.0271765
81000	3693_3_1_3_1	387.401	6.56611	6.56611	0.0207427	0.0207427
81000	3693_3_1_3_2	22.6895	3.78158	3.78158	0.0460692	0.0460692
81000	3693_3_1_1	135.35	4.83391	4.83391	0.0240855	0.0240855
81000	3693_3_1_3_3	0	0	0	0	0
81000	3693_3_2_0	0	0	0	0	0
81000	3693_3_2_1	21.2863	3.54772	3.54772	0.0428948	0.0428948
81000	3693_3_2_2	0	0	0	0	0
81000	3693_3_1_2_0	204.368	5.6769	5.6769	0.0231182	0.0231182
81000	3693_3_1_2_1	0	0	0	0	0
81000	3693_3_2_3	3.6876	3.6876	3.6876	0.0821124	0.0821124
81000	3693_3_0_1	0	0	0	0	0
81000	3693_3_1_2_2	0	0	0	0	0
10800	3693_3_0_2	0	0	0	0	0
10800	3693_3_1_2_3	27.7422	4.6237	4.6237	0.0194573	0.0194573
10800	3693_3_3_1	0	0	0	0	0
10800	3693_3_3_2	0	0	0	0	0
10800	3693_3_1_3_0	0	0	0	0	0
10800	3693_3_1_0	263.954	6.94615	6.94615	0.0243855	0.0243855
10800	3693_3_1_3_1	46.9371	4.267	4.267	0.0134797	0.0134797
10800	3693_3_1_3_2	3.73183	3.73183	3.73183	0.0454631	0.0454631
10800	3693_3_1_1	20.8725	4.1745	4.1745	0.0207999	0.0207999
10800	3693_3_1_3_3	0	0	0	0	0
10800	3693_3_2_0	0	0	0	0	0
10800	3693_3_2_1	0	0	0	0	0
10800	3693_3_2_2	0	0	0	0	0
10800	3693_3_1_2_0	51.7781	4.31484	4.31484	0.0175714	0.0175714
10800	3693_3_1_2_1	0	0	0	0	0
10800	3693_3_2_3	0	0	0	0	0
10800	3693_3_0_1	0	0	0	0	0
10800	3693_3_1_2_2	0	0	0	0	0
35100	3693_3_0_2	346.166	7.52534	7.52534	0.497122	0.497122
35100	3693_3_1_2_3	5442.66	21.6839	21.6839	0.0912495	0.0912495
35100	3693_3_3_1	479.544	10.2031	10.2031	0.623109	0.623109
35100	3693_3_3_2	13.1034	3.27586	3.27586	0.901564	0.901564
35100	3693_3_1_3_0	198.475	4.72558	4.72558	0.652622	0.652622
35100	3693_3_1_0	9443.63	21.6597	21.6597	0.0760395	0.0760395
35100	3693_3_1_3_1	10321.3	23.6727	23.6727	0.0747832	0.0747832
35100	3693_3_1_3_2	2488.3	14.5514	14.5514	0.177273	0.177273
35100	3693_3_1_1	5894.18	16.6974	16.6974	0.0831966	0.0831966
35100	3693_3_1_3_3	557.893	10.1435	10.1435	0.45426	0.45426
35100	3693_3_2_0	1515.03	12.6252	12.6252	0.236056	0.236056
35100	3693_3_2_1	2188	12.8706	12.8706	0.155616	0.155616
35100	3693_3_2_2	493.915	9.6846	9.6846	0.447797	0.447797
35100	3693_3_1_2_0	8302.5	22.3185	22.3185	0.0908882	0.0908882
35100	3693_3_1_2_1	612.29	13.3106	13.3106	0.549369	0.549369
35100	3693_3_2_3	954.338	12.394	12.394	0.275979	0.275979
35100	3693_3_0_1	13.4676	3.36689	3.36689	0.728167	0.728167
35100	3693_3_1_2_2	265.499	6.17439	6.17439	0.526075	0.526075
38700	3693_3_0_2	318.554	7.07897	7.07897	0.467635	0.467635
38700	3693_3_1_2_3	4941.87	21.7703	21.7703	0.0916131	0.0916131
38700	3693_3_3_1	424.95	9.44333	9.44333	0.57671	0.57671
38700	3693_3_3_2	3.0587	3.0587	3.0587	0.841798	0.841798
38700	3693_3_1_3_0	160.791	4.23135	4.23135	0.584367	0.584367
38700	3693_3_1_0	8949.41	20.4792	20.4792	0.0718952	0.0718952
38700	3693_3_1_3_1	9590.59	23.0543	23.0543	0.0728297	0.0728297
38700	3693_3_1_3_2	2265.39	14.0708	14.0708	0.171418	0.171418
38700	3693_3_1_1	5367.26	15.2047	15.2047	0.0757591	0.0757591
38700	3693_3_1_3_3	490.427	9.80854	9.80854	0.43926	0.43926
38700	3693_3_2_0	1387.53	12.3887	12.3887	0.231634	0.231634
38700	3693_3_2_1	1843.93	13.5583	13.5583	0.163931	0.163931
38700	3693_3_2_2	416.939	8.50897	8.50897	0.393438	0.393438
38700	3693_3_1_2_0	7659.66	21.6375	21.6375	0.0881149	0.0881149
38700	3693_3_1_2_1	528.13	12.2821	12.2821	0.506919	0.506919
38700	3693_3_2_3	792.259	10.0286	10.0286	0.223308	0.223308
38700	3693_3_0_1	7.41673	3.70837	3.70837	0.80202	0.80202
38700	3693_3_1_2_2	227.64	5.691	5.691	0.484889	0.484889
67500	3693_3_0_2	42.0457	3.50381	3.50381	0.231461	0.231461
67500	3693_3_1_2_3	1445.87	14.1752	14.1752	0.0596516	0.0596516
67500	3693_3_3_1	46.3343	3.56418	3.56418	0.217666	0.217666
67500	3693_3_3_2	0	0	0	0	0
67500	3693_3_1_3_0	4.15017	4.15017	4.15017	0.573156	0.573156
67500	3693_3_1_0	3416.91	12.6552	12.6552	0.0444279	0.0444279
67500	3693_3_1_3_1	3948.43	16.0505	16.0505	0.0507043	0.0507043
67500	3693_3_1_3_2	787.918	7.72468	7.72468	0.0941061	0.0941061
67500	3693_3_1_1	1789.21	10.7138	10.7138	0.0533827	0.0533827
67500	3693_3_1_3_3	78.1481	3.9074	3.9074	0.174987	0.174987
67500	3693_3_2_0	315.575	5.25958	5.25958	0.0983393	0.0983393
67500	3693_3_2_1	714.624	9.40295	9.40295	0.113689	0.113689
67500	3693_3_2_2	116.04	4.46308	4.46308	0.206364	0.206364
67500	3693_3_1_2_0	2221.64	14.9103	14.9103	0.0607196	0.0607196
67500	3693_3_1_2_1	140.074	4.66912	4.66912	0.192709	0.192709
67500	3693_3_2_3	210.34	5.39333	5.39333	0.120094	0.120094
67500	3693_3_0_1	0	0	0	0	0
67500	3693_3_1_2_2	18.1474	3.62948	3.62948	0.309242	0.309242
42300	3693_3_0_2	247.626	5.62786	5.62786	0.371775	0.371775
42300	3693_3_1_2_3	4235.5	22.1754	22.1754	0.0933178	0.0933178
42300	3693_3_3_1	327.536	6.82366	6.82366	0.416725	0.416725
42300	3693_3_3_2	0	0	0	0	0
42300	3693_3_1_3_0	110.074	3.79567	3.79567	0.524198	0.524198
42300	3693_3_1_0	8151.38	18.6105	18.6105	0.0653348	0.0653348
42300	3693_3_1_3_1	7792.36	19.3359	19.3359	0.061083	0.061083
42300	3693_3_1_3_2	1920.43	13.0642	13.0642	0.159155	0.159155
42300	3693_3_1_1	4809.41	13.5476	13.5476	0.0675024	0.0675024
42300	3693_3_1_3_3	368.001	8.00003	8.00003	0.358269	0.358269
42300	3693_3_2_0	1039.3	11.0564	11.0564	0.206724	0.206724
42300	3693_3_2_1	1552.03	11.7578	11.7578	0.142161	0.142161
42300	3693_3_2_2	336.853	7.65574	7.65574	0.353987	0.353987
42300	3693_3_1_2_0	6309.1	19.2939	19.2939	0.078571	0.078571
42300	3693_3_1_2_1	422.647	9.82901	9.82901	0.405673	0.405673
42300	3693_3_2_3	620.661	10.0107	10.0107	0.22291	0.22291
42300	3693_3_0_1	3.55403	3.55403	3.55403	0.76864	0.76864
42300	3693_3_1_2_2	162.934	4.65525	4.65525	0.39664	0.39664
71100	3693_3_0_2	0	0	0	0	0
71100	3693_3_1_2_3	853.405	12.7374	12.7374	0.0536011	0.0536011
71100	3693_3_3_1	0	0	0	0	0
71100	3693_3_3_2	0	0	0	0	0
71100	3693_3_1_3_0	0	0	0	0	0
71100	3693_3_1_0	1653.93	10.2728	10.2728	0.0360641	0.0360641
71100	3693_3_1_3_1	2044.02	11.6801	11.6801	0.036898	0.036898
71100	3693_3_1_3_2	417.139	6.95232	6.95232	0.0846968	0.0846968
71100	3693_3_1_1	894.249	9.12499	9.12499	0.0454663	0.0454663
71100	3693_3_1_3_3	11.7102	3.90341	3.90341	0.174808	0.174808
71100	3693_3_2_0	126.613	4.36596	4.36596	0.0816311	0.0816311
71100	3693_3_2_1	335.818	7.46261	7.46261	0.090229	0.090229
71100	3693_3_2_2	27.0309	3.86156	3.86156	0.178551	0.178551
71100	3693_3_1_2_0	1203.18	12.5332	12.5332	0.0510393	0.0510393
71100	3693_3_1_2_1	29.9419	3.74274	3.74274	0.154474	0.154474
71100	3693_3_2_3	129.714	4.47289	4.47289	0.0995985	0.0995985
71100	3693_3_0_1	0	0	0	0	0
71100	3693_3_1_2_2	0	0	0	0	0
3600	3693_3_0_2	0	0	0	0	0
3600	3693_3_1_2_3	0	0	0	0	0
3600	3693_3_3_1	0	0	0	0	0
3600	3693_3_3_2	0	0	0	0	0
3600	3693_3_1_3_0	0	0	0	0	0
3600	3693_3_1_0	114.153	5.18876	5.18876	0.0182159	0.0182159
3600	3693_3_1_3_1	27.8577	4.64294	4.64294	0.0146673	0.0146673
3600	3693_3_1_3_2	0	0	0	0	0
3600	3693_3_1_1	44.8636	4.48636	4.48636	0.0223538	0.0223538
3600	3693_3_1_3_3	0	0	0	0	0
3600	3693_3_2_0	0	0	0	0	0
3600	3693_3_2_1	0	0	0	0	0
3600	3693_3_2_2	0	0	0	0	0
3600	3693_3_1_2_0	19.1489	3.82979	3.82979	0.0155961	0.0155961
3600	3693_3_1_2_1	0	0	0	0	0
3600	3693_3_2_3	0	0	0	0	0
3600	3693_3_0_1	0	0	0	0	0
3600	3693_3_1_2_2	0	0	0	0	0
900	3693_3_0_2	0	0	0	0	0
900	3693_3_1_2_3	35.996	3.5996	3.5996	0.0151477	0.0151477
900	3693_3_3_1	0	0	0	0	0
900	3693_3_3_2	0	0	0	0	0
900	3693_3_1_3_0	0	0	0	0	0
900	3693_3_1_0	187.772	5.21589	5.21589	0.0183111	0.0183111
900	3693_3_1_3_1	50.9397	5.09397	5.09397	0.0160921	0.0160921
900	3693_3_1_3_2	3.37992	3.37992	3.37992	0.041176	0.041176
900	3693_3_1_1	6.69924	3.34962	3.34962	0.0166899	0.0166899
900	3693_3_1_3_3	0	0	0	0	0
900	3693_3_2_0	0	0	0	0	0
900	3693_3_2_1	3	3	3	0.0362724	0.0362724
900	3693_3_2_2	0	0	0	0	0
900	3693_3_1_2_0	36.5538	4.06154	4.06154	0.0165399	0.0165399
900	3693_3_1_2_1	0	0	0	0	0
900	3693_3_2_3	0	0	0	0	0
900	3693_3_0_1	0	0	0	0	0
900	3693_3_1_2_2	0	0	0	0	0
6300	3693_3_0_2	0	0	0	0	0
6300	3693_3_1_2_3	0	0	0	0	0
6300	3693_3_3_1	0	0	0	0	0
6300	3693_3_3_2	0	0	0	0	0
6300	3693_3_1_3_0	0	0	0	0	0
6300	3693_3_1_0	296.713	7.41783	7.41783	0.0260414	0.0260414
6300	3693_3_1_3_1	44.7821	3.73184	3.73184	0.0117891	0.0117891
6300	3693_3_1_3_2	0	0	0	0	0
6300	3693_3_1_1	27.8076	5.56152	5.56152	0.0277109	0.0277109
6300	3693_3_1_3_3	0	0	0	0	0
6300	3693_3_2_0	0	0	0	0	0
6300	3693_3_2_1	0	0	0	0	0
6300	3693_3_2_2	0	0	0	0	0
6300	3693_3_1_2_0	34.5535	3.83927	3.83927	0.0156348	0.0156348
6300	3693_3_1_2_1	0	0	0	0	0
6300	3693_3_2_3	0	0	0	0	0
6300	3693_3_0_1	0	0	0	0	0
6300	3693_3_1_2_2	0	0	0	0	0
28800	3693_3_0_2	311.305	6.76751	6.76751	0.44706	0.44706
28800	3693_3_1_2_3	4212.35	21.4916	21.4916	0.0904403	0.0904403
28800	3693_3_3_1	356.185	7.91523	7.91523	0.483388	0.483388
28800	3693_3_3_2	3.00774	3.00774	3.00774	0.827774	0.827774
28800	3693_3_1_3_0	174.336	4.58779	4.58779	0.633593	0.633593
28800	3693_3_1_0	9416.02	21.8977	21.8977	0.076875	0.076875
28800	3693_3_1_3_1	8508.75	21.9864	21.9864	0.0694561	0.0694561
28800	3693_3_1_3_2	1968.7	14.1633	14.1633	0.172545	0.172545
28800	3693_3_1_1	5323.07	18.4189	18.4189	0.0917742	0.0917742
28800	3693_3_1_3_3	458.386	8.81512	8.81512	0.394771	0.394771
28800	3693_3_2_0	1149.98	11.6159	11.6159	0.217185	0.217185
28800	3693_3_2_1	1980.12	13.847	13.847	0.167422	0.167422
28800	3693_3_2_2	427.811	9.10235	9.10235	0.420875	0.420875
28800	3693_3_1_2_0	6481.48	19.8211	19.8211	0.080718	0.080718
28800	3693_3_1_2_1	479.329	10.6518	10.6518	0.439632	0.439632
28800	3693_3_2_3	775.732	11.9343	11.9343	0.265743	0.265743
28800	3693_3_0_1	23.8503	3.40718	3.40718	0.73688	0.73688
28800	3693_3_1_2_2	245.014	5.83367	5.83367	0.497045	0.497045
57600	3693_3_0_2	272.255	5.67197	5.67197	0.374689	0.374689
57600	3693_3_1_2_3	3520.94	18.8285	18.8285	0.0792335	0.0792335
57600	3693_3_3_1	288.738	6.01537	6.01537	0.367362	0.367362
57600	3693_3_3_2	0	0	0	0	0
57600	3693_3_1_3_0	138.058	4.06052	4.06052	0.560775	0.560775
57600	3693_3_1_0	7972.39	17.7164	17.7164	0.062196	0.062196
57600	3693_3_1_3_1	7944.77	20.5823	20.5823	0.0650205	0.0650205
57600	3693_3_1_3_2	1898.96	12.4931	12.4931	0.152197	0.152197
57600	3693_3_1_1	4521.59	13.8275	13.8275	0.068897	0.068897
57600	3693_3_1_3_3	416.977	6.61868	6.61868	0.296407	0.296407
57600	3693_3_2_0	891.43	7.9592	7.9592	0.148815	0.148815
57600	3693_3_2_1	1697.14	10.9493	10.9493	0.132386	0.132386
57600	3693_3_2_2	370.772	8.06025	8.06025	0.37269	0.37269
57600	3693_3_1_2_0	5427.95	18.3377	18.3377	0.0746771	0.0746771
57600	3693_3_1_2_1	419.538	9.53496	9.53496	0.393537	0.393537
57600	3693_3_2_3	501.831	8.22675	8.22675	0.183186	0.183186
57600	3693_3_0_1	21.8576	3.64293	3.64293	0.787867	0.787867
57600	3693_3_1_2_2	167.409	4.78311	4.78311	0.407534	0.407534
32400	3693_3_0_2	346.684	7.22259	7.22259	0.477123	0.477123
32400	3693_3_1_2_3	5296.94	22.4447	22.4447	0.0944511	0.0944511
32400	3693_3_3_1	436.702	8.39811	8.39811	0.512877	0.512877
32400	3693_3_3_2	3.19099	3.19099	3.19099	0.878207	0.878207
32400	3693_3_1_3_0	199.268	4.63415	4.63415	0.639996	0.639996
32400	3693_3_1_0	9609.23	23.2107	23.2107	0.0814845	0.0814845
32400	3693_3_1_3_1	9852.81	23.4033	23.4033	0.0739322	0.0739322
32400	3693_3_1_3_2	2341.22	14.5418	14.5418	0.177156	0.177156
32400	3693_3_1_1	5828.36	18.0444	18.0444	0.0899082	0.0899082
32400	3693_3_1_3_3	525.147	9.54813	9.54813	0.427598	0.427598
32400	3693_3_2_0	1389.8	11.3918	11.3918	0.212995	0.212995
32400	3693_3_2_1	2208.44	12.6196	12.6196	0.152581	0.152581
32400	3693_3_2_2	499.631	9.99262	9.99262	0.462039	0.462039
32400	3693_3_1_2_0	7928.07	21.2549	21.2549	0.0865568	0.0865568
32400	3693_3_1_2_1	550.271	11.9624	11.9624	0.493724	0.493724
32400	3693_3_2_3	855.775	11.7229	11.7229	0.261036	0.261036
32400	3693_3_0_1	9.7976	3.26587	3.26587	0.706319	0.706319
32400	3693_3_1_2_2	283.285	6.74489	6.74489	0.574684	0.574684
61200	3693_3_0_2	188.305	4.59281	4.59281	0.3034	0.3034
61200	3693_3_1_2_3	2999.46	17.8539	17.8539	0.0751322	0.0751322
61200	3693_3_3_1	240.946	5.23795	5.23795	0.319885	0.319885
61200	3693_3_3_2	0	0	0	0	0
61200	3693_3_1_3_0	112.635	3.88395	3.88395	0.53639	0.53639
61200	3693_3_1_0	7158.73	17.0446	17.0446	0.0598375	0.0598375
61200	3693_3_1_3_1	7345.27	19.96	19.96	0.0630546	0.0630546
61200	3693_3_1_3_2	1663.42	11.3158	11.3158	0.137855	0.137855
61200	3693_3_1_1	3953.88	12.8791	12.8791	0.0641715	0.0641715
61200	3693_3_1_3_3	299.198	6.10609	6.10609	0.273452	0.273452
61200	3693_3_2_0	782.841	7.45563	7.45563	0.139399	0.139399
61200	3693_3_2_1	1483.59	11.0715	11.0715	0.133863	0.133863
61200	3693_3_2_2	332.663	7.39251	7.39251	0.341815	0.341815
61200	3693_3_1_2_0	4652.19	17.7564	17.7564	0.0723098	0.0723098
61200	3693_3_1_2_1	321.762	7.48284	7.48284	0.308839	0.308839
61200	3693_3_2_3	458.565	7.64274	7.64274	0.170182	0.170182
61200	3693_3_0_1	23.1641	3.30915	3.30915	0.715679	0.715679
61200	3693_3_1_2_2	108.939	4.18997	4.18997	0.356997	0.356997
64800	3693_3_0_2	105.378	4.05299	4.05299	0.26774	0.26774
64800	3693_3_1_2_3	2132.87	16.4067	16.4067	0.0690422	0.0690422
64800	3693_3_3_1	165.011	4.23106	4.23106	0.258393	0.258393
64800	3693_3_3_2	0	0	0	0	0
64800	3693_3_1_3_0	23.5036	3.35765	3.35765	0.463706	0.463706
64800	3693_3_1_0	5237.86	14.3503	14.3503	0.0503788	0.0503788
64800	3693_3_1_3_1	5645.65	18.6942	18.6942	0.0590559	0.0590559
64800	3693_3_1_3_2	1271.26	9.85473	9.85473	0.120055	0.120055
64800	3693_3_1_1	2883.63	11.6275	11.6275	0.0579353	0.0579353
64800	3693_3_1_3_3	186.507	4.33737	4.33737	0.194242	0.194242
64800	3693_3_2_0	587.103	6.31293	6.31293	0.118034	0.118034
64800	3693_3_2_1	1137.76	9.64199	9.64199	0.11658	0.11658
64800	3693_3_2_2	207.767	5.77131	5.77131	0.266854	0.266854
64800	3693_3_1_2_0	3366.95	15.5877	15.5877	0.0634782	0.0634782
64800	3693_3_1_2_1	255.453	5.67674	5.67674	0.234296	0.234296
64800	3693_3_2_3	345.568	6.64555	6.64555	0.147977	0.147977
64800	3693_3_0_1	6.66574	3.33287	3.33287	0.720809	0.720809
64800	3693_3_1_2_2	47.4018	3.64629	3.64629	0.310674	0.310674
18900	3693_3_0_2	0	0	0	0	0
18900	3693_3_1_2_3	200.891	7.44039	7.44039	0.0313104	0.0313104
18900	3693_3_3_1	0	0	0	0	0
18900	3693_3_3_2	0	0	0	0	0
18900	3693_3_1_3_0	0	0	0	0	0
18900	3693_3_1_0	1094.35	12.1595	12.1595	0.0426877	0.0426877
18900	3693_3_1_3_1	423.079	7.42245	7.42245	0.0234479	0.0234479
18900	3693_3_1_3_2	65.3114	4.08196	4.08196	0.0497286	0.0497286
18900	3693_3_1_1	276.857	7.91019	7.91019	0.0394134	0.0394134
18900	3693_3_1_3_3	0	0	0	0	0
18900	3693_3_2_0	74.9737	4.41022	4.41022	0.0824587	0.0824587
18900	3693_3_2_1	112.541	5.92321	5.92321	0.0716164	0.0716164
18900	3693_3_2_2	4.13135	4.13135	4.13135	0.191026	0.191026
18900	3693_3_1_2_0	278.986	7.15349	7.15349	0.0291313	0.0291313
18900	3693_3_1_2_1	3.1657	3.1657	3.1657	0.130658	0.130658
18900	3693_3_2_3	24.416	4.06934	4.06934	0.0906126	0.0906126
18900	3693_3_0_1	0	0	0	0	0
18900	3693_3_1_2_2	3.67775	3.67775	3.67775	0.313355	0.313355
18000	3693_3_0_2	0	0	0	0	0
18000	3693_3_1_2_3	157.416	6.05447	6.05447	0.0254782	0.0254782
18000	3693_3_3_1	0	0	0	0	0
18000	3693_3_3_2	0	0	0	0	0
18000	3693_3_1_3_0	0	0	0	0	0
18000	3693_3_1_0	706.717	10.8726	10.8726	0.0381698	0.0381698
18000	3693_3_1_3_1	277.914	6.617	6.617	0.0209034	0.0209034
18000	3693_3_1_3_2	47.877	3.98975	3.98975	0.0486052	0.0486052
18000	3693_3_1_1	178.301	5.94336	5.94336	0.0296134	0.0296134
18000	3693_3_1_3_3	0	0	0	0	0
18000	3693_3_2_0	29.6772	3.70965	3.70965	0.06936	0.06936
18000	3693_3_2_1	59.9583	4.28273	4.28273	0.0517817	0.0517817
18000	3693_3_2_2	0	0	0	0	0
18000	3693_3_1_2_0	226.786	7.31566	7.31566	0.0297917	0.0297917
18000	3693_3_1_2_1	0	0	0	0	0
18000	3693_3_2_3	11.3936	3.79788	3.79788	0.084568	0.084568
18000	3693_3_0_1	0	0	0	0	0
18000	3693_3_1_2_2	0	0	0	0	0
22500	3693_3_0_2	68.574	4.28587	4.28587	0.283124	0.283124
22500	3693_3_1_2_3	1028.72	14.0921	14.0921	0.0593019	0.0593019
22500	3693_3_3_1	70.5029	3.91683	3.91683	0.239203	0.239203
22500	3693_3_3_2	0	0	0	0	0
22500	3693_3_1_3_0	38.7152	3.87152	3.87152	0.534673	0.534673
22500	3693_3_1_0	3916.8	17.331	17.331	0.060843	0.060843
22500	3693_3_1_3_1	2502.11	13.2387	13.2387	0.0418217	0.0418217
22500	3693_3_1_3_2	502.468	8.81523	8.81523	0.107392	0.107392
22500	3693_3_1_1	1724.3	15.3955	15.3955	0.0767098	0.0767098
22500	3693_3_1_3_3	142.592	6.19964	6.19964	0.277641	0.277641
22500	3693_3_2_0	305.733	8.26307	8.26307	0.154496	0.154496
22500	3693_3_2_1	619.363	9.38429	9.38429	0.113464	0.113464
22500	3693_3_2_2	117.706	5.35025	5.35025	0.247385	0.247385
22500	3693_3_1_2_0	1485.38	14.4212	14.4212	0.0587278	0.0587278
22500	3693_3_1_2_1	116.504	5.0654	5.0654	0.209064	0.209064
22500	3693_3_2_3	198.255	6.83637	6.83637	0.152226	0.152226
22500	3693_3_0_1	3.15555	3.15555	3.15555	0.68246	0.68246
22500	3693_3_1_2_2	49.6959	3.82276	3.82276	0.32571	0.32571
0	3693_3_0_2	0	0	0	0	0
0	3693_3_1_2_3	0	0	0	0	0
0	3693_3_3_1	0	0	0	0	0
0	3693_3_3_2	0	0	0	0	0
0	3693_3_1_3_0	0	0	0	0	0
0	3693_3_1_0	117.323	5.33286	5.33286	0.0187218	0.0187218
0	3693_3_1_3_1	59.104	5.3731	5.3731	0.0169739	0.0169739
0	3693_3_1_3_2	0	0	0	0	0
0	3693_3_1_1	18.1054	3.62109	3.62109	0.0180425	0.0180425
0	3693_3_1_3_3	0	0	0	0	0
0	3693_3_2_0	3.09673	3.09673	3.09673	0.0579001	0.0579001
0	3693_3_2_1	0	0	0	0	0
0	3693_3_2_2	0	0	0	0	0
0	3693_3_1_2_0	20.062	4.01241	4.01241	0.0163398	0.0163398
0	3693_3_1_2_1	0	0	0	0	0
0	3693_3_2_3	0	0	0	0	0
0	3693_3_0_1	0	0	0	0	0
0	3693_3_1_2_2	0	0	0	0	0
51300	3693_3_0_2	261.217	6.07482	6.07482	0.401301	0.401301
51300	3693_3_1_2_3	3894.69	21.8803	21.8803	0.092076	0.092076
51300	3693_3_3_1	331.633	6.76802	6.76802	0.413327	0.413327
51300	3693_3_3_2	0	0	0	0	0
51300	3693_3_1_3_0	131.004	4.09389	4.09389	0.565383	0.565383
51300	3693_3_1_0	7331.67	19.5511	19.5511	0.068637	0.068637
51300	3693_3_1_3_1	7435.06	21.6766	21.6766	0.0684774	0.0684774
51300	3693_3_1_3_2	1866.11	12.5242	12.5242	0.152576	0.152576
51300	3693_3_1_1	4317.78	15.9918	15.9918	0.0796809	0.0796809
51300	3693_3_1_3_3	423.544	7.8434	7.8434	0.351254	0.351254
51300	3693_3_2_0	1013.68	11.2631	11.2631	0.210588	0.210588
51300	3693_3_2_1	1535.22	13.1216	13.1216	0.158651	0.158651
51300	3693_3_2_2	364.449	8.28294	8.28294	0.382987	0.382987
51300	3693_3_1_2_0	5916.55	20.9807	20.9807	0.0854402	0.0854402
51300	3693_3_1_2_1	430.174	9.77669	9.77669	0.403514	0.403514
51300	3693_3_2_3	541.225	9.66474	9.66474	0.215206	0.215206
51300	3693_3_0_1	13.4457	3.36144	3.36144	0.726988	0.726988
51300	3693_3_1_2_2	177.427	4.79531	4.79531	0.408574	0.408574
54900	3693_3_0_2	263.267	5.37279	5.37279	0.354925	0.354925
54900	3693_3_1_2_3	3846.85	20.0357	20.0357	0.0843136	0.0843136
54900	3693_3_3_1	319.732	6.66108	6.66108	0.406796	0.406796
54900	3693_3_3_2	0	0	0	0	0
54900	3693_3_1_3_0	127.859	3.99558	3.99558	0.551806	0.551806
54900	3693_3_1_0	7957.62	18.2934	18.2934	0.0642216	0.0642216
54900	3693_3_1_3_1	7785.69	20.0146	20.0146	0.0632271	0.0632271
54900	3693_3_1_3_2	1877.32	12.1117	12.1117	0.147551	0.147551
54900	3693_3_1_1	4580.8	14.405	14.405	0.0717745	0.0717745
54900	3693_3_1_3_3	390.538	7.1007	7.1007	0.317994	0.317994
54900	3693_3_2_0	998.873	9.24883	9.24883	0.172927	0.172927
54900	3693_3_2_1	1690.01	11.9859	11.9859	0.144919	0.144919
54900	3693_3_2_2	365.328	8.30292	8.30292	0.383911	0.383911
54900	3693_3_1_2_0	5759.74	19.7929	19.7929	0.0806031	0.0806031
54900	3693_3_1_2_1	431.279	9.58397	9.58397	0.395559	0.395559
54900	3693_3_2_3	517.219	9.75885	9.75885	0.217302	0.217302
54900	3693_3_0_1	19.1555	3.19258	3.19258	0.690468	0.690468
54900	3693_3_1_2_2	157.543	4.63363	4.63363	0.394798	0.394798
83700	3693_3_0_2	0	0	0	0	0
83700	3693_3_1_2_3	33.988	3.77644	3.77644	0.0158919	0.0158919
83700	3693_3_3_1	0	0	0	0	0
83700	3693_3_3_2	0	0	0	0	0
83700	3693_3_1_3_0	0	0	0	0	0
83700	3693_3_1_0	206.037	5.72324	5.72324	0.0200923	0.0200923
83700	3693_3_1_3_1	138.678	5.13624	5.13624	0.0162256	0.0162256
83700	3693_3_1_3_2	0	0	0	0	0
83700	3693_3_1_1	37.9924	4.22137	4.22137	0.0210334	0.0210334
83700	3693_3_1_3_3	0	0	0	0	0
83700	3693_3_2_0	0	0	0	0	0
83700	3693_3_2_1	0	0	0	0	0
83700	3693_3_2_2	0	0	0	0	0
83700	3693_3_1_2_0	109.435	4.75806	4.75806	0.0193764	0.0193764
83700	3693_3_1_2_1	0	0	0	0	0
83700	3693_3_2_3	0	0	0	0	0
83700	3693_3_0_1	0	0	0	0	0
83700	3693_3_1_2_2	0	0	0	0	0
79200	3693_3_0_2	0	0	0	0	0
79200	3693_3_1_2_3	217.642	5.72742	5.72742	0.024102	0.024102
79200	3693_3_3_1	0	0	0	0	0
79200	3693_3_3_2	0	0	0	0	0
79200	3693_3_1_3_0	0	0	0	0	0
79200	3693_3_1_0	532.618	9.18307	9.18307	0.0322385	0.0322385
79200	3693_3_1_3_1	569.655	6.62389	6.62389	0.0209252	0.0209252
79200	3693_3_1_3_2	44.3962	4.03602	4.03602	0.0491689	0.0491689
79200	3693_3_1_1	168.837	5.27614	5.27614	0.026289	0.026289
79200	3693_3_1_3_3	0	0	0	0	0
79200	3693_3_2_0	11.2175	3.73918	3.73918	0.0699121	0.0699121
79200	3693_3_2_1	36.7264	4.08071	4.08071	0.0493391	0.0493391
79200	3693_3_2_2	3.55125	3.55125	3.55125	0.164203	0.164203
79200	3693_3_1_2_0	343.345	7.46401	7.46401	0.0303959	0.0303959
79200	3693_3_1_2_1	0	0	0	0	0
79200	3693_3_2_3	16.3076	3.26153	3.26153	0.072625	0.072625
79200	3693_3_0_1	0	0	0	0	0
79200	3693_3_1_2_2	0	0	0	0	0
25200	3693_3_0_2	172.917	5.57797	5.57797	0.36848	0.36848
25200	3693_3_1_2_3	2409.15	20.0762	20.0762	0.0844841	0.0844841
25200	3693_3_3_1	191.35	5.9797	5.9797	0.365184	0.365184
25200	3693_3_3_2	0	0	0	0	0
25200	3693_3_1_3_0	98.4671	4.1028	4.1028	0.566614	0.566614
25200	3693_3_1_0	6888.77	19.0825	19.0825	0.0669919	0.0669919
25200	3693_3_1_3_1	5319.1	17.1584	17.1584	0.0542042	0.0542042
25200	3693_3_1_3_2	1119.76	11.5439	11.5439	0.140634	0.140634
25200	3693_3_1_1	3653.16	16.3819	16.3819	0.0816246	0.0816246
25200	3693_3_1_3_3	288.896	7.2224	7.2224	0.323444	0.323444
25200	3693_3_2_0	701.874	10.3217	10.3217	0.192987	0.192987
25200	3693_3_2_1	1355.53	12.2119	12.2119	0.147652	0.147652
25200	3693_3_2_2	301.328	7.34947	7.34947	0.339825	0.339825
25200	3693_3_1_2_0	3626.8	16.9477	16.9477	0.0690165	0.0690165
25200	3693_3_1_2_1	296.459	7.2307	7.2307	0.298433	0.298433
25200	3693_3_2_3	481.478	9.62956	9.62956	0.214423	0.214423
25200	3693_3_0_1	3.43965	3.43965	3.43965	0.743903	0.743903
25200	3693_3_1_2_2	151.744	4.89497	4.89497	0.417065	0.417065
54000	3693_3_0_2	261.07	5.67542	5.67542	0.374917	0.374917
54000	3693_3_1_2_3	3927.73	20.7816	20.7816	0.0874525	0.0874525
54000	3693_3_3_1	323.8	6.88936	6.88936	0.420737	0.420737
54000	3693_3_3_2	0	0	0	0	0
54000	3693_3_1_3_0	137.886	4.30893	4.30893	0.595081	0.595081
54000	3693_3_1_0	7871.43	19.0592	19.0592	0.0669101	0.0669101
54000	3693_3_1_3_1	8203.75	20.4582	20.4582	0.0646284	0.0646284
54000	3693_3_1_3_2	2009.57	12.4818	12.4818	0.15206	0.15206
54000	3693_3_1_1	4619.26	15.5009	15.5009	0.077235	0.077235
54000	3693_3_1_3_3	416.631	7.57511	7.57511	0.339239	0.339239
54000	3693_3_2_0	992.48	9.7302	9.7302	0.181927	0.181927
54000	3693_3_2_1	1735.12	11.9664	11.9664	0.144684	0.144684
54000	3693_3_2_2	352.614	7.83587	7.83587	0.362316	0.362316
54000	3693_3_1_2_0	6025.31	19.8201	19.8201	0.0807139	0.0807139
54000	3693_3_1_2_1	462.52	10.0548	10.0548	0.414992	0.414992
54000	3693_3_2_3	570.432	9.20051	9.20051	0.204869	0.204869
54000	3693_3_0_1	0	0	0	0	0
54000	3693_3_1_2_2	200.01	5.12845	5.12845	0.436958	0.436958
12600	3693_3_0_2	0	0	0	0	0
12600	3693_3_1_2_3	11.2705	3.75683	3.75683	0.0158094	0.0158094
12600	3693_3_3_1	0	0	0	0	0
12600	3693_3_3_2	0	0	0	0	0
12600	3693_3_1_3_0	0	0	0	0	0
12600	3693_3_1_0	309.54	7.54975	7.54975	0.0265045	0.0265045
12600	3693_3_1_3_1	37.5838	4.69798	4.69798	0.0148411	0.0148411
12600	3693_3_1_3_2	0	0	0	0	0
12600	3693_3_1_1	28.6636	3.58295	3.58295	0.0178524	0.0178524
12600	3693_3_1_3_3	0	0	0	0	0
12600	3693_3_2_0	0	0	0	0	0
12600	3693_3_2_1	0	0	0	0	0
12600	3693_3_2_2	0	0	0	0	0
12600	3693_3_1_2_0	38.7137	3.87137	3.87137	0.0157655	0.0157655
12600	3693_3_1_2_1	0	0	0	0	0
12600	3693_3_2_3	3.12253	3.12253	3.12253	0.0695299	0.0695299
12600	3693_3_0_1	0	0	0	0	0
12600	3693_3_1_2_2	0	0	0	0	0
15300	3693_3_0_2	0	0	0	0	0
15300	3693_3_1_2_3	58.3084	4.16489	4.16489	0.0175266	0.0175266
15300	3693_3_3_1	0	0	0	0	0
15300	3693_3_3_2	0	0	0	0	0
15300	3693_3_1_3_0	0	0	0	0	0
15300	3693_3_1_0	335.811	8.39528	8.39528	0.0294728	0.0294728
15300	3693_3_1_3_1	29.221	4.17443	4.17443	0.0131872	0.0131872
15300	3693_3_1_3_2	3.68958	3.68958	3.68958	0.0449484	0.0449484
15300	3693_3_1_1	48.7693	4.43357	4.43357	0.0220908	0.0220908
15300	3693_3_1_3_3	0	0	0	0	0
15300	3693_3_2_0	0	0	0	0	0
15300	3693_3_2_1	3.05286	3.05286	3.05286	0.0369116	0.0369116
15300	3693_3_2_2	0	0	0	0	0
15300	3693_3_1_2_0	98.1677	4.46217	4.46217	0.0181714	0.0181714
15300	3693_3_1_2_1	0	0	0	0	0
15300	3693_3_2_3	0	0	0	0	0
15300	3693_3_0_1	0	0	0	0	0
15300	3693_3_1_2_2	0	0	0	0	0
44100	3693_3_0_2	228.524	5.44105	5.44105	0.359435	0.359435
44100	3693_3_1_2_3	4141.05	22.5057	22.5057	0.0947078	0.0947078
44100	3693_3_3_1	299.856	6.51861	6.51861	0.398095	0.398095
44100	3693_3_3_2	0	0	0	0	0
44100	3693_3_1_3_0	71.8968	4.22922	4.22922	0.584073	0.584073
44100	3693_3_1_0	7792.14	17.913	17.913	0.0628862	0.0628862
44100	3693_3_1_3_1	7274.57	19.2449	19.2449	0.0607956	0.0607956
44100	3693_3_1_3_2	1809.99	12.9285	12.9285	0.157502	0.157502
44100	3693_3_1_1	4747.98	13.7225	13.7225	0.0683739	0.0683739
44100	3693_3_1_3_3	363.545	8.26238	8.26238	0.370018	0.370018
44100	3693_3_2_0	1005.39	10.4728	10.4728	0.195812	0.195812
44100	3693_3_2_1	1408.75	12.25	12.25	0.148113	0.148113
44100	3693_3_2_2	308.916	6.86481	6.86481	0.317416	0.317416
44100	3693_3_1_2_0	6023.81	19.8806	19.8806	0.0809603	0.0809603
44100	3693_3_1_2_1	437.501	9.94321	9.94321	0.410386	0.410386
44100	3693_3_2_3	569.41	10.168	10.168	0.226412	0.226412
44100	3693_3_0_1	9.72263	3.24088	3.24088	0.700914	0.700914
44100	3693_3_1_2_2	185.24	4.87473	4.87473	0.415341	0.415341
47700	3693_3_0_2	245.486	5.8449	5.8449	0.386113	0.386113
47700	3693_3_1_2_3	4075.81	22.5183	22.5183	0.0947608	0.0947608
47700	3693_3_3_1	313.064	6.95698	6.95698	0.424867	0.424867
47700	3693_3_3_2	0	0	0	0	0
47700	3693_3_1_3_0	106.731	3.95299	3.95299	0.545924	0.545924
47700	3693_3_1_0	7395.39	19.0113	19.0113	0.0667419	0.0667419
47700	3693_3_1_3_1	6892.5	20.6982	20.6982	0.0653866	0.0653866
47700	3693_3_1_3_2	1707.65	13.0355	13.0355	0.158805	0.158805
47700	3693_3_1_1	4168.42	15.496	15.496	0.0772105	0.0772105
47700	3693_3_1_3_3	391.38	7.8276	7.8276	0.350547	0.350547
47700	3693_3_2_0	1004.31	11.9561	11.9561	0.223545	0.223545
47700	3693_3_2_1	1535.94	13.1277	13.1277	0.158725	0.158725
47700	3693_3_2_2	341.208	7.41756	7.41756	0.342974	0.342974
47700	3693_3_1_2_0	5778.32	20.7108	20.7108	0.0843411	0.0843411
47700	3693_3_1_2_1	448.48	10.4298	10.4298	0.430469	0.430469
47700	3693_3_2_3	526.775	10.9745	10.9745	0.244371	0.244371
47700	3693_3_0_1	0	0	0	0	0
47700	3693_3_1_2_2	204.527	5.11317	5.11317	0.435657	0.435657
76500	3693_3_0_2	0	0	0	0	0
76500	3693_3_1_2_3	367.934	8.1763	8.1763	0.0344073	0.0344073
76500	3693_3_3_1	0	0	0	0	0
76500	3693_3_3_2	0	0	0	0	0
76500	3693_3_1_3_0	0	0	0	0	0
76500	3693_3_1_0	766.922	9.70788	9.70788	0.0340809	0.0340809
76500	3693_3_1_3_1	901.846	8.1986	8.1986	0.0258998	0.0258998
76500	3693_3_1_3_2	132.542	4.41806	4.41806	0.0538231	0.0538231
76500	3693_3_1_1	334.556	6.19548	6.19548	0.0308697	0.0308697
76500	3693_3_1_3_3	6.22775	3.11388	3.11388	0.13945	0.13945
76500	3693_3_2_0	10.9357	3.64523	3.64523	0.0681555	0.0681555
76500	3693_3_2_1	134.499	4.48329	4.48329	0.0542066	0.0542066
76500	3693_3_2_2	3.35811	3.35811	3.35811	0.155273	0.155273
76500	3693_3_1_2_0	464.366	7.3709	7.3709	0.0300167	0.0300167
76500	3693_3_1_2_1	4.89762	4.89762	4.89762	0.20214	0.20214
76500	3693_3_2_3	34.8785	3.87539	3.87539	0.0862939	0.0862939
76500	3693_3_0_1	0	0	0	0	0
76500	3693_3_1_2_2	0	0	0	0	0
8100	3693_3_0_2	0	0	0	0	0
8100	3693_3_1_2_3	0	0	0	0	0
8100	3693_3_3_1	0	0	0	0	0
8100	3693_3_3_2	0	0	0	0	0
8100	3693_3_1_3_0	0	0	0	0	0
8100	3693_3_1_0	323.843	7.71055	7.71055	0.027069	0.027069
8100	3693_3_1_3_1	17.7627	4.44068	4.44068	0.0140283	0.0140283
8100	3693_3_1_3_2	0	0	0	0	0
8100	3693_3_1_1	7.41304	3.70652	3.70652	0.0184681	0.0184681
8100	3693_3_1_3_3	0	0	0	0	0
8100	3693_3_2_0	0	0	0	0	0
8100	3693_3_2_1	0	0	0	0	0
8100	3693_3_2_2	0	0	0	0	0
8100	3693_3_1_2_0	15.3962	3.84904	3.84904	0.0156745	0.0156745
8100	3693_3_1_2_1	0	0	0	0	0
8100	3693_3_2_3	0	0	0	0	0
8100	3693_3_0_1	0	0	0	0	0
8100	3693_3_1_2_2	0	0	0	0	0
80100	3693_3_0_2	0	0	0	0	0
80100	3693_3_1_2_3	155.241	5.54432	5.54432	0.0233314	0.0233314
80100	3693_3_3_1	0	0	0	0	0
80100	3693_3_3_2	0	0	0	0	0
80100	3693_3_1_3_0	0	0	0	0	0
80100	3693_3_1_0	451.457	9.21341	9.21341	0.032345	0.032345
80100	3693_3_1_3_1	445.699	6.45941	6.45941	0.0204056	0.0204056
80100	3693_3_1_3_2	26.4163	3.77376	3.77376	0.0459739	0.0459739
80100	3693_3_1_1	139.99	5.38424	5.38424	0.0268276	0.0268276
80100	3693_3_1_3_3	0	0	0	0	0
80100	3693_3_2_0	7.15502	3.57751	3.57751	0.0668894	0.0668894
80100	3693_3_2_1	19.0659	4.76646	4.76646	0.0576304	0.0576304
80100	3693_3_2_2	0	0	0	0	0
80100	3693_3_1_2_0	250.435	6.5904	6.5904	0.0268382	0.0268382
80100	3693_3_1_2_1	0	0	0	0	0
80100	3693_3_2_3	11.2439	3.74796	3.74796	0.0834564	0.0834564
80100	3693_3_0_1	0	0	0	0	0
80100	3693_3_1_2_2	0	0	0	0	0
34200	3693_3_0_2	349.516	7.43651	7.43651	0.491254	0.491254
34200	3693_3_1_2_3	5185.4	20.7416	20.7416	0.0872842	0.0872842
34200	3693_3_3_1	463.076	8.73729	8.73729	0.533591	0.533591
34200	3693_3_3_2	6.21429	3.10714	3.10714	0.85513	0.85513
34200	3693_3_1_3_0	187.213	4.45745	4.45745	0.615593	0.615593
34200	3693_3_1_0	9355.76	21.9619	21.9619	0.0771004	0.0771004
34200	3693_3_1_3_1	10216.7	23.9267	23.9267	0.0755856	0.0755856
34200	3693_3_1_3_2	2408.78	14.0864	14.0864	0.171608	0.171608
34200	3693_3_1_1	5526.01	16.8991	16.8991	0.0842016	0.0842016
34200	3693_3_1_3_3	528.676	9.7903	9.7903	0.438443	0.438443
34200	3693_3_2_0	1404.24	12.7658	12.7658	0.238684	0.238684
34200	3693_3_2_1	2107.07	13.7717	13.7717	0.166511	0.166511
34200	3693_3_2_2	522.458	10.2443	10.2443	0.473677	0.473677
34200	3693_3_1_2_0	8237.63	21.231	21.231	0.0864595	0.0864595
34200	3693_3_1_2_1	594.096	13.5022	13.5022	0.557277	0.557277
34200	3693_3_2_3	908.125	11.2114	11.2114	0.249646	0.249646
34200	3693_3_0_1	13.178	3.2945	3.2945	0.712511	0.712511
34200	3693_3_1_2_2	254.706	5.92339	5.92339	0.50469	0.50469
37800	3693_3_0_2	336.46	6.86654	6.86654	0.453602	0.453602
37800	3693_3_1_2_3	5138.4	21.8655	21.8655	0.0920137	0.0920137
37800	3693_3_3_1	460.42	8.68717	8.68717	0.53053	0.53053
37800	3693_3_3_2	3.05449	3.05449	3.05449	0.84064	0.84064
37800	3693_3_1_3_0	174.414	4.47216	4.47216	0.617624	0.617624
37800	3693_3_1_0	9205.15	20.3204	20.3204	0.0713377	0.0713377
37800	3693_3_1_3_1	9951.51	24.8167	24.8167	0.0783972	0.0783972
37800	3693_3_1_3_2	2416.15	14.1295	14.1295	0.172133	0.172133
37800	3693_3_1_1	5535.99	15.772	15.772	0.0785857	0.0785857
37800	3693_3_1_3_3	536.573	9.09446	9.09446	0.407281	0.407281
37800	3693_3_2_0	1328.98	12.3054	12.3054	0.230076	0.230076
37800	3693_3_2_1	1949.95	12.662	12.662	0.153094	0.153094
37800	3693_3_2_2	436.177	8.90156	8.90156	0.411591	0.411591
37800	3693_3_1_2_0	7818.76	21.3045	21.3045	0.0867588	0.0867588
37800	3693_3_1_2_1	594.524	13.5119	13.5119	0.557677	0.557677
37800	3693_3_2_3	771.908	11.6956	11.6956	0.260428	0.260428
37800	3693_3_0_1	21.5137	3.58562	3.58562	0.775472	0.775472
37800	3693_3_1_2_2	261.795	5.94989	5.94989	0.506947	0.506947
66600	3693_3_0_2	47.0861	3.62201	3.62201	0.239269	0.239269
66600	3693_3_1_2_3	1690.06	14.5695	14.5695	0.0613109	0.0613109
66600	3693_3_3_1	72.3412	3.80743	3.80743	0.232522	0.232522
66600	3693_3_3_2	0	0	0	0	0
66600	3693_3_1_3_0	16.5844	3.31688	3.31688	0.458075	0.458075
66600	3693_3_1_0	4014.41	13.0338	13.0338	0.045757	0.045757
66600	3693_3_1_3_1	4717.44	17.0305	17.0305	0.0538002	0.0538002
66600	3693_3_1_3_2	1027.4	8.42134	8.42134	0.102593	0.102593
66600	3693_3_1_1	1992.34	10.5976	10.5976	0.0528037	0.0528037
66600	3693_3_1_3_3	110.739	3.95496	3.95496	0.177117	0.177117
66600	3693_3_2_0	385.924	5.67535	5.67535	0.106113	0.106113
66600	3693_3_2_1	825.203	8.9696	8.9696	0.10845	0.10845
66600	3693_3_2_2	177.772	4.9381	4.9381	0.228328	0.228328
66600	3693_3_1_2_0	2550.33	15.1806	15.1806	0.0618203	0.0618203
66600	3693_3_1_2_1	178.717	5.1062	5.1062	0.210748	0.210748
66600	3693_3_2_3	259.2	5.51489	5.51489	0.122801	0.122801
66600	3693_3_0_1	0	0	0	0	0
66600	3693_3_1_2_2	38.7407	3.87407	3.87407	0.330082	0.330082
41400	3693_3_0_2	257.427	5.98666	5.98666	0.395478	0.395478
41400	3693_3_1_2_3	4454.5	21.2119	21.2119	0.0892633	0.0892633
41400	3693_3_3_1	345.829	7.68508	7.68508	0.469332	0.469332
41400	3693_3_3_2	0	0	0	0	0
41400	3693_3_1_3_0	118.864	3.83432	3.83432	0.529536	0.529536
41400	3693_3_1_0	8315.75	19.0728	19.0728	0.0669578	0.0669578
41400	3693_3_1_3_1	8103.58	20.1582	20.1582	0.0636807	0.0636807
41400	3693_3_1_3_2	1988.85	12.6678	12.6678	0.154326	0.154326
41400	3693_3_1_1	4950.12	14.2655	14.2655	0.0710794	0.0710794
41400	3693_3_1_3_3	400.736	9.10764	9.10764	0.407871	0.407871
41400	3693_3_2_0	1099.19	11.3319	11.3319	0.211875	0.211875
41400	3693_3_2_1	1600.29	12.3099	12.3099	0.148837	0.148837
41400	3693_3_2_2	342.407	7.78197	7.78197	0.359823	0.359823
41400	3693_3_1_2_0	6769.53	19.6218	19.6218	0.0799063	0.0799063
41400	3693_3_1_2_1	471.181	10.7087	10.7087	0.44198	0.44198
41400	3693_3_2_3	636.503	11.1667	11.1667	0.248651	0.248651
41400	3693_3_0_1	9.5036	3.16787	3.16787	0.685124	0.685124
41400	3693_3_1_2_2	187.659	4.9384	4.9384	0.420766	0.420766
2700	3693_3_0_2	0	0	0	0	0
2700	3693_3_1_2_3	0	0	0	0	0
2700	3693_3_3_1	0	0	0	0	0
2700	3693_3_3_2	0	0	0	0	0
2700	3693_3_1_3_0	0	0	0	0	0
2700	3693_3_1_0	100.492	4.18719	4.18719	0.0146997	0.0146997
2700	3693_3_1_3_1	25.8041	4.30068	4.30068	0.0135861	0.0135861
2700	3693_3_1_3_2	0	0	0	0	0
2700	3693_3_1_1	0	0	0	0	0
2700	3693_3_1_3_3	0	0	0	0	0
2700	3693_3_2_0	0	0	0	0	0
2700	3693_3_2_1	0	0	0	0	0
2700	3693_3_2_2	0	0	0	0	0
2700	3693_3_1_2_0	3.38575	3.38575	3.38575	0.0137879	0.0137879
2700	3693_3_1_2_1	0	0	0	0	0
2700	3693_3_2_3	0	0	0	0	0
2700	3693_3_0_1	0	0	0	0	0
2700	3693_3_1_2_2	0	0	0	0	0
70200	3693_3_0_2	12.851	3.21275	3.21275	0.212234	0.212234
70200	3693_3_1_2_3	990.591	13.3864	13.3864	0.0563322	0.0563322
70200	3693_3_3_1	3.74334	3.74334	3.74334	0.228608	0.228608
70200	3693_3_3_2	0	0	0	0	0
70200	3693_3_1_3_0	0	0	0	0	0
70200	3693_3_1_0	1948.95	11.011	11.011	0.0386557	0.0386557
70200	3693_3_1_3_1	2643.07	13.1496	13.1496	0.0415402	0.0415402
70200	3693_3_1_3_2	562.558	7.40208	7.40208	0.090176	0.090176
70200	3693_3_1_1	1102.41	9.11085	9.11085	0.0453958	0.0453958
70200	3693_3_1_3_3	16.175	4.04374	4.04374	0.181092	0.181092
70200	3693_3_2_0	215.428	4.30856	4.30856	0.0805579	0.0805579
70200	3693_3_2_1	446.825	7.09246	7.09246	0.0857536	0.0857536
70200	3693_3_2_2	54.5649	4.1973	4.1973	0.194075	0.194075
70200	3693_3_1_2_0	1326.16	13.0016	13.0016	0.0529467	0.0529467
70200	3693_3_1_2_1	80.4338	4.23336	4.23336	0.174724	0.174724
70200	3693_3_2_3	157.277	4.62579	4.62579	0.103003	0.103003
70200	3693_3_0_1	0	0	0	0	0
70200	3693_3_1_2_2	4.03636	4.03636	4.03636	0.343909	0.343909
73800	3693_3_0_2	0	0	0	0	0
73800	3693_3_1_2_3	638.083	11.8164	11.8164	0.0497254	0.0497254
73800	3693_3_3_1	0	0	0	0	0
73800	3693_3_3_2	0	0	0	0	0
73800	3693_3_1_3_0	0	0	0	0	0
73800	3693_3_1_0	985.404	9.85404	9.85404	0.034594	0.034594
73800	3693_3_1_3_1	1444.29	10.0298	10.0298	0.0316846	0.0316846
73800	3693_3_1_3_2	294.77	6.14104	6.14104	0.0748134	0.0748134
73800	3693_3_1_1	641.334	8.11815	8.11815	0.0404496	0.0404496
73800	3693_3_1_3_3	0	0	0	0	0
73800	3693_3_2_0	66.1534	3.89138	3.89138	0.0727578	0.0727578
73800	3693_3_2_1	271.58	5.7783	5.7783	0.0698644	0.0698644
73800	3693_3_2_2	8.93472	4.46736	4.46736	0.206562	0.206562
73800	3693_3_1_2_0	806.383	10.7518	10.7518	0.0437848	0.0437848
73800	3693_3_1_2_1	19.8585	3.9717	3.9717	0.163924	0.163924
73800	3693_3_2_3	60.9384	3.80865	3.80865	0.0848078	0.0848078
73800	3693_3_0_1	0	0	0	0	0
73800	3693_3_1_2_2	0	0	0	0	0
69300	3693_3_0_2	11.7058	3.90193	3.90193	0.257761	0.257761
69300	3693_3_1_2_3	1084.38	14.4585	14.4585	0.0608438	0.0608438
69300	3693_3_3_1	10.089	3.36301	3.36301	0.205381	0.205381
69300	3693_3_3_2	0	0	0	0	0
69300	3693_3_1_3_0	3.58626	3.58626	3.58626	0.495278	0.495278
69300	3693_3_1_0	2244.39	10.9482	10.9482	0.0384352	0.0384352
69300	3693_3_1_3_1	2939.37	13.6715	13.6715	0.0431889	0.0431889
69300	3693_3_1_3_2	591.031	7.9869	7.9869	0.0973006	0.0973006
69300	3693_3_1_1	1187.64	9.27844	9.27844	0.0462309	0.0462309
69300	3693_3_1_3_3	41.9712	4.19712	4.19712	0.187961	0.187961
69300	3693_3_2_0	214	5.09525	5.09525	0.0952668	0.0952668
69300	3693_3_2_1	520.791	7.5477	7.5477	0.0912579	0.0912579
69300	3693_3_2_2	72.5133	4.02852	4.02852	0.186271	0.186271
69300	3693_3_1_2_0	1590.46	13.3652	13.3652	0.0544274	0.0544274
69300	3693_3_1_2_1	84.7871	3.85396	3.85396	0.159065	0.159065
69300	3693_3_2_3	157.075	4.90859	4.90859	0.1093	0.1093
69300	3693_3_0_1	0	0	0	0	0
69300	3693_3_1_2_2	0	0	0	0	0
5400	3693_3_0_2	0	0	0	0	0
5400	3693_3_1_2_3	23.6186	3.37408	3.37408	0.0141987	0.0141987
5400	3693_3_3_1	0	0	0	0	0
5400	3693_3_3_2	0	0	0	0	0
5400	3693_3_1_3_0	0	0	0	0	0
5400	3693_3_1_0	160.635	5.73698	5.73698	0.0201405	0.0201405
5400	3693_3_1_3_1	12.573	4.191	4.191	0.0132396	0.0132396
5400	3693_3_1_3_2	0	0	0	0	0
5400	3693_3_1_1	28.3294	5.66588	5.66588	0.0282309	0.0282309
5400	3693_3_1_3_3	0	0	0	0	0
5400	3693_3_2_0	0	0	0	0	0
5400	3693_3_2_1	0	0	0	0	0
5400	3693_3_2_2	0	0	0	0	0
5400	3693_3_1_2_0	65.6629	4.10393	4.10393	0.0167125	0.0167125
5400	3693_3_1_2_1	0	0	0	0	0
5400	3693_3_2_3	0	0	0	0	0
5400	3693_3_0_1	0	0	0	0	0
5400	3693_3_1_2_2	0	0	0	0	0
27900	3693_3_0_2	259.766	5.90378	5.90378	0.390003	0.390003
27900	3693_3_1_2_3	3739.47	21.3684	21.3684	0.0899219	0.0899219
27900	3693_3_3_1	301.913	6.70919	6.70919	0.409734	0.409734
27900	3693_3_3_2	0	0	0	0	0
27900	3693_3_1_3_0	155.249	4.43569	4.43569	0.612587	0.612587
27900	3693_3_1_0	8900.58	20.9919	20.9919	0.0736951	0.0736951
27900	3693_3_1_3_1	7676.41	20.8033	20.8033	0.0657186	0.0657186
27900	3693_3_1_3_2	1771.51	12.6536	12.6536	0.154153	0.154153
27900	3693_3_1_1	4806.98	18.0713	18.0713	0.0900423	0.0900423
27900	3693_3_1_3_3	418.195	8.7124	8.7124	0.390171	0.390171
27900	3693_3_2_0	1053.93	11.7103	11.7103	0.21895	0.21895
27900	3693_3_2_1	1801.56	13.6482	13.6482	0.165018	0.165018
27900	3693_3_2_2	407.677	8.86255	8.86255	0.409787	0.409787
27900	3693_3_1_2_0	5749.73	21.0613	21.0613	0.0857684	0.0857684
27900	3693_3_1_2_1	426.132	9.68481	9.68481	0.399721	0.399721
27900	3693_3_2_3	652.937	11.6596	11.6596	0.259626	0.259626
27900	3693_3_0_1	17.8039	3.56078	3.56078	0.7701	0.7701
27900	3693_3_1_2_2	223.086	5.72016	5.72016	0.487374	0.487374
31500	3693_3_0_2	305.405	7.10244	7.10244	0.469186	0.469186
31500	3693_3_1_2_3	4937.97	22.5478	22.5478	0.094885	0.094885
31500	3693_3_3_1	428.883	8.75271	8.75271	0.534533	0.534533
31500	3693_3_3_2	3.20076	3.20076	3.20076	0.880895	0.880895
31500	3693_3_1_3_0	187.953	4.58422	4.58422	0.6331	0.6331
31500	3693_3_1_0	9753.32	22.735	22.735	0.0798145	0.0798145
31500	3693_3_1_3_1	9611.23	22.8295	22.8295	0.0721195	0.0721195
31500	3693_3_1_3_2	2253.69	14.2639	14.2639	0.17377	0.17377
31500	3693_3_1_1	5669.54	18.1136	18.1136	0.090253	0.090253
31500	3693_3_1_3_3	499.221	9.41927	9.41927	0.421827	0.421827
31500	3693_3_2_0	1384.75	12.5886	12.5886	0.235371	0.235371
31500	3693_3_2_1	2190.64	14.0426	14.0426	0.169787	0.169787
31500	3693_3_2_2	508.883	11.0627	11.0627	0.511518	0.511518
31500	3693_3_1_2_0	7543.84	21.7402	21.7402	0.0885331	0.0885331
31500	3693_3_1_2_1	544.546	12.101	12.101	0.499445	0.499445
31500	3693_3_2_3	866.066	12.5517	12.5517	0.279491	0.279491
31500	3693_3_0_1	3.02999	3.02999	3.02999	0.655304	0.655304
31500	3693_3_1_2_2	273.562	6.67225	6.67225	0.568495	0.568495
27000	3693_3_0_2	238.964	5.68962	5.68962	0.375855	0.375855
27000	3693_3_1_2_3	3359.2	20.115	20.115	0.0846473	0.0846473
27000	3693_3_3_1	295.269	6.71065	6.71065	0.409823	0.409823
27000	3693_3_3_2	0	0	0	0	0
27000	3693_3_1_3_0	148.111	4.35621	4.35621	0.601611	0.601611
27000	3693_3_1_0	8556.15	20.7674	20.7674	0.072907	0.072907
27000	3693_3_1_3_1	7093.14	20.6196	20.6196	0.0651383	0.0651383
27000	3693_3_1_3_2	1607.37	11.9064	11.9064	0.14505	0.14505
27000	3693_3_1_1	4514.22	17.4294	17.4294	0.0868439	0.0868439
27000	3693_3_1_3_3	379.224	7.9005	7.9005	0.353811	0.353811
27000	3693_3_2_0	944.027	10.4892	10.4892	0.196118	0.196118
27000	3693_3_2_1	1551.38	14.3646	14.3646	0.17368	0.17368
27000	3693_3_2_2	389.701	8.66003	8.66003	0.400423	0.400423
27000	3693_3_1_2_0	5080.24	19.9225	19.9225	0.0811309	0.0811309
27000	3693_3_1_2_1	417.756	9.71526	9.71526	0.400978	0.400978
27000	3693_3_2_3	675.396	10.0805	10.0805	0.224464	0.224464
27000	3693_3_0_1	16.6441	3.32883	3.32883	0.719935	0.719935
27000	3693_3_1_2_2	212.258	5.44252	5.44252	0.463718	0.463718
60300	3693_3_0_2	217.922	4.73744	4.73744	0.312954	0.312954
60300	3693_3_1_2_3	3022.21	17.571	17.571	0.0739418	0.0739418
60300	3693_3_3_1	265.731	5.31463	5.31463	0.324567	0.324567
60300	3693_3_3_2	0	0	0	0	0
60300	3693_3_1_3_0	98.5412	3.94165	3.94165	0.544358	0.544358
60300	3693_3_1_0	7187.13	16.9109	16.9109	0.0593682	0.0593682
60300	3693_3_1_3_1	7378.27	19.728	19.728	0.0623217	0.0623217
60300	3693_3_1_3_2	1683.43	11.8551	11.8551	0.144425	0.144425
60300	3693_3_1_1	3989.78	12.9538	12.9538	0.0645437	0.0645437
60300	3693_3_1_3_3	308.296	5.8169	5.8169	0.260501	0.260501
60300	3693_3_2_0	756.944	7.96783	7.96783	0.148976	0.148976
60300	3693_3_2_1	1584.14	10.1547	10.1547	0.122779	0.122779
60300	3693_3_2_2	329.857	7.6711	7.6711	0.354697	0.354697
60300	3693_3_1_2_0	4740.68	17.6891	17.6891	0.0720358	0.0720358
60300	3693_3_1_2_1	366.023	8.13385	8.13385	0.335709	0.335709
60300	3693_3_2_3	477.16	7.57397	7.57397	0.168651	0.168651
60300	3693_3_0_1	17.2258	3.44516	3.44516	0.745094	0.745094
60300	3693_3_1_2_2	128.63	4.28765	4.28765	0.36532	0.36532
63900	3693_3_0_2	139.416	3.98333	3.98333	0.263138	0.263138
63900	3693_3_1_2_3	2400.08	16.2167	16.2167	0.0682426	0.0682426
63900	3693_3_3_1	176.017	4.19089	4.19089	0.25594	0.25594
63900	3693_3_3_2	0	0	0	0	0
63900	3693_3_1_3_0	54.3364	3.39603	3.39603	0.469006	0.469006
63900	3693_3_1_0	5645.67	14.9753	14.9753	0.052573	0.052573
63900	3693_3_1_3_1	6220.02	19.0798	19.0798	0.060274	0.060274
63900	3693_3_1_3_2	1409.97	10.0712	10.0712	0.122693	0.122693
63900	3693_3_1_1	3201.76	12.5559	12.5559	0.0625612	0.0625612
63900	3693_3_1_3_3	213.291	4.7398	4.7398	0.212264	0.212264
63900	3693_3_2_0	578.029	6.49471	6.49471	0.121433	0.121433
63900	3693_3_2_1	1245.42	9.80644	9.80644	0.118568	0.118568
63900	3693_3_2_2	242.407	5.63738	5.63738	0.260662	0.260662
63900	3693_3_1_2_0	3832.82	16.8106	16.8106	0.0684582	0.0684582
63900	3693_3_1_2_1	283.149	6.43521	6.43521	0.265601	0.265601
63900	3693_3_2_3	394.536	6.26247	6.26247	0.139447	0.139447
63900	3693_3_0_1	3.11241	3.11241	3.11241	0.67313	0.67313
63900	3693_3_1_2_2	72.4679	4.26282	4.26282	0.363204	0.363204
59400	3693_3_0_2	238.674	4.97237	4.97237	0.328474	0.328474
59400	3693_3_1_2_3	3197.91	17.4749	17.4749	0.0735373	0.0735373
59400	3693_3_3_1	274.293	5.59782	5.59782	0.341862	0.341862
59400	3693_3_3_2	0	0	0	0	0
59400	3693_3_1_3_0	124.154	3.76224	3.76224	0.519581	0.519581
59400	3693_3_1_0	7538.12	17.1321	17.1321	0.0601447	0.0601447
59400	3693_3_1_3_1	7555.02	20.6987	20.6987	0.0653882	0.0653882
59400	3693_3_1_3_2	1752.57	10.752	10.752	0.130986	0.130986
59400	3693_3_1_1	4165.61	13.0175	13.0175	0.0648611	0.0648611
59400	3693_3_1_3_3	332.802	6.27927	6.27927	0.281207	0.281207
59400	3693_3_2_0	792.715	7.62226	7.62226	0.142515	0.142515
59400	3693_3_2_1	1477.97	11.2822	11.2822	0.136411	0.136411
59400	3693_3_2_2	331.412	6.90441	6.90441	0.319247	0.319247
59400	3693_3_1_2_0	4899.27	18.0785	18.0785	0.0736215	0.0736215
59400	3693_3_1_2_1	365.205	8.30011	8.30011	0.342571	0.342571
59400	3693_3_2_3	483.454	7.92547	7.92547	0.176478	0.176478
59400	3693_3_0_1	19.6512	3.2752	3.2752	0.708337	0.708337
59400	3693_3_1_2_2	135.364	4.51215	4.51215	0.384448	0.384448
63000	3693_3_0_2	107.826	4.14716	4.14716	0.273961	0.273961
63000	3693_3_1_2_3	2669.27	16.08	16.08	0.0676674	0.0676674
63000	3693_3_3_1	185.736	4.42228	4.42228	0.270071	0.270071
63000	3693_3_3_2	0	0	0	0	0
63000	3693_3_1_3_0	47.7132	3.67025	3.67025	0.506877	0.506877
63000	3693_3_1_0	6156.9	16.1175	16.1175	0.0565828	0.0565828
63000	3693_3_1_3_1	6764.06	19.836	19.836	0.0626629	0.0626629
63000	3693_3_1_3_2	1496.12	10.318	10.318	0.125699	0.125699
63000	3693_3_1_1	3359.02	12.2592	12.2592	0.0610828	0.0610828
63000	3693_3_1_3_3	223.905	4.86749	4.86749	0.217983	0.217983
63000	3693_3_2_0	706.311	6.92462	6.92462	0.129471	0.129471
63000	3693_3_2_1	1379.6	10.1441	10.1441	0.12265	0.12265
63000	3693_3_2_2	275.918	6.56947	6.56947	0.30376	0.30376
63000	3693_3_1_2_0	4240.57	17.4509	17.4509	0.0710657	0.0710657
63000	3693_3_1_2_1	311.713	7.08439	7.08439	0.292394	0.292394
63000	3693_3_2_3	384.782	6.75056	6.75056	0.150316	0.150316
63000	3693_3_0_1	14.081	3.52025	3.52025	0.761334	0.761334
63000	3693_3_1_2_2	120.72	4.16274	4.16274	0.354677	0.354677
17100	3693_3_0_2	0	0	0	0	0
17100	3693_3_1_2_3	87.6564	4.61349	4.61349	0.0194143	0.0194143
17100	3693_3_3_1	0	0	0	0	0
17100	3693_3_3_2	0	0	0	0	0
17100	3693_3_1_3_0	0	0	0	0	0
17100	3693_3_1_0	529.093	11.0228	11.0228	0.0386971	0.0386971
17100	3693_3_1_3_1	132.106	5.74374	5.74374	0.0181448	0.0181448
17100	3693_3_1_3_2	7.76951	3.88475	3.88475	0.0473261	0.0473261
17100	3693_3_1_1	85.6599	4.28299	4.28299	0.0213405	0.0213405
17100	3693_3_1_3_3	0	0	0	0	0
17100	3693_3_2_0	0	0	0	0	0
17100	3693_3_2_1	26.8815	3.84022	3.84022	0.0464314	0.0464314
17100	3693_3_2_2	0	0	0	0	0
17100	3693_3_1_2_0	106.946	4.86117	4.86117	0.0197963	0.0197963
17100	3693_3_1_2_1	0	0	0	0	0
17100	3693_3_2_3	16.7959	4.19898	4.19898	0.0934993	0.0934993
17100	3693_3_0_1	0	0	0	0	0
17100	3693_3_1_2_2	0	0	0	0	0
21600	3693_3_0_2	35.3445	3.92716	3.92716	0.259427	0.259427
21600	3693_3_1_2_3	734.698	13.1196	13.1196	0.0552095	0.0552095
21600	3693_3_3_1	20.6263	3.43772	3.43772	0.209944	0.209944
21600	3693_3_3_2	0	0	0	0	0
21600	3693_3_1_3_0	10.4286	3.4762	3.4762	0.480078	0.480078
21600	3693_3_1_0	2986.75	16.4107	16.4107	0.0576121	0.0576121
21600	3693_3_1_3_1	1850.8	11.6402	11.6402	0.036772	0.036772
21600	3693_3_1_3_2	364.918	7.44732	7.44732	0.0907272	0.0907272
21600	3693_3_1_1	1230.35	12.4278	12.4278	0.0619229	0.0619229
21600	3693_3_1_3_3	93.5659	4.45552	4.45552	0.199533	0.199533
21600	3693_3_2_0	212.408	7.08028	7.08028	0.132381	0.132381
21600	3693_3_2_1	435.446	9.07179	9.07179	0.109685	0.109685
21600	3693_3_2_2	99.7029	5.53905	5.53905	0.256115	0.256115
21600	3693_3_1_2_0	1106.04	13.6549	13.6549	0.0556072	0.0556072
21600	3693_3_1_2_1	97.3525	4.63583	4.63583	0.191335	0.191335
21600	3693_3_2_3	163.921	6.30465	6.30465	0.140387	0.140387
21600	3693_3_0_1	0	0	0	0	0
21600	3693_3_1_2_2	22.3612	3.72687	3.72687	0.31754	0.31754
49500	3693_3_0_2	240.28	5.72094	5.72094	0.377924	0.377924
49500	3693_3_1_2_3	3968.39	23.7628	23.7628	0.0999979	0.0999979
49500	3693_3_3_1	325.326	6.92183	6.92183	0.42272	0.42272
49500	3693_3_3_2	0	0	0	0	0
49500	3693_3_1_3_0	98.5227	3.94091	3.94091	0.544256	0.544256
49500	3693_3_1_0	7157.36	19.2921	19.2921	0.0677277	0.0677277
49500	3693_3_1_3_1	7157.51	20.162	20.162	0.0636927	0.0636927
49500	3693_3_1_3_2	1768.71	12.9103	12.9103	0.15728	0.15728
49500	3693_3_1_1	4150.09	15.4279	15.4279	0.0768712	0.0768712
49500	3693_3_1_3_3	375.736	7.99439	7.99439	0.358016	0.358016
49500	3693_3_2_0	982.968	11.1701	11.1701	0.208849	0.208849
49500	3693_3_2_1	1535.53	13.7101	13.7101	0.165766	0.165766
49500	3693_3_2_2	323.63	7.70549	7.70549	0.356287	0.356287
49500	3693_3_1_2_0	6085.2	20.7686	20.7686	0.0845765	0.0845765
49500	3693_3_1_2_1	435.416	9.89582	9.89582	0.40843	0.40843
49500	3693_3_2_3	547.165	9.27398	9.27398	0.206505	0.206505
49500	3693_3_0_1	9.43287	3.14429	3.14429	0.680024	0.680024
49500	3693_3_1_2_2	152.431	4.76347	4.76347	0.405861	0.405861
82800	3693_3_0_2	0	0	0	0	0
82800	3693_3_1_2_3	52.0758	4.73416	4.73416	0.0199221	0.0199221
82800	3693_3_3_1	0	0	0	0	0
82800	3693_3_3_2	0	0	0	0	0
82800	3693_3_1_3_0	0	0	0	0	0
82800	3693_3_1_0	334.055	7.95369	7.95369	0.0279226	0.0279226
82800	3693_3_1_3_1	166.582	5.3736	5.3736	0.0169755	0.0169755
82800	3693_3_1_3_2	0	0	0	0	0
82800	3693_3_1_1	52.4365	4.36971	4.36971	0.0217726	0.0217726
82800	3693_3_1_3_3	0	0	0	0	0
82800	3693_3_2_0	0	0	0	0	0
82800	3693_3_2_1	10.6626	3.55418	3.55418	0.0429729	0.0429729
82800	3693_3_2_2	0	0	0	0	0
82800	3693_3_1_2_0	191.259	5.79573	5.79573	0.0236021	0.0236021
82800	3693_3_1_2_1	0	0	0	0	0
82800	3693_3_2_3	0	0	0	0	0
82800	3693_3_0_1	0	0	0	0	0
82800	3693_3_1_2_2	0	0	0	0	0
24300	3693_3_0_2	92.525	4.40595	4.40595	0.291056	0.291056
24300	3693_3_1_2_3	1892.93	17.5271	17.5271	0.073757	0.073757
24300	3693_3_3_1	134.525	5.60522	5.60522	0.342314	0.342314
24300	3693_3_3_2	0	0	0	0	0
24300	3693_3_1_3_0	84.4273	4.02035	4.02035	0.555227	0.555227
24300	3693_3_1_0	6076.25	18.5818	18.5818	0.0652341	0.0652341
24300	3693_3_1_3_1	4242.86	15.5416	15.5416	0.0490967	0.0490967
24300	3693_3_1_3_2	908.16	10.204	10.204	0.12431	0.12431
24300	3693_3_1_1	2848.67	17.3699	17.3699	0.0865474	0.0865474
24300	3693_3_1_3_3	215.11	5.97527	5.97527	0.267593	0.267593
24300	3693_3_2_0	535.469	9.07575	9.07575	0.169691	0.169691
24300	3693_3_2_1	1027.57	12.2329	12.2329	0.147906	0.147906
24300	3693_3_2_2	242.125	7.12131	7.12131	0.329276	0.329276
24300	3693_3_1_2_0	2877.43	16.8271	16.8271	0.0685254	0.0685254
24300	3693_3_1_2_1	225.551	6.83488	6.83488	0.282096	0.282096
24300	3693_3_2_3	396.989	8.10182	8.10182	0.180404	0.180404
24300	3693_3_0_1	6.34899	3.1745	3.1745	0.686558	0.686558
24300	3693_3_1_2_2	95.7572	5.03985	5.03985	0.429409	0.429409
53100	3693_3_0_2	268.237	5.96082	5.96082	0.393771	0.393771
53100	3693_3_1_2_3	3902.23	20.3241	20.3241	0.0855273	0.0855273
53100	3693_3_3_1	321.402	6.98701	6.98701	0.426701	0.426701
53100	3693_3_3_2	0	0	0	0	0
53100	3693_3_1_3_0	133.679	4.05087	4.05087	0.559442	0.559442
53100	3693_3_1_0	7852.94	19.1535	19.1535	0.0672411	0.0672411
53100	3693_3_1_3_1	7677.28	21.0337	21.0337	0.0664465	0.0664465
53100	3693_3_1_3_2	1917.4	12.6145	12.6145	0.153676	0.153676
53100	3693_3_1_1	4522.55	14.828	14.828	0.0738822	0.0738822
53100	3693_3_1_3_3	410.153	7.73873	7.73873	0.346567	0.346567
53100	3693_3_2_0	1015.38	9.76326	9.76326	0.182545	0.182545
53100	3693_3_2_1	1636.7	11.0588	11.0588	0.13371	0.13371
53100	3693_3_2_2	346.9	7.54131	7.54131	0.348696	0.348696
53100	3693_3_1_2_0	6012.56	20.5909	20.5909	0.0838528	0.0838528
53100	3693_3_1_2_1	445.422	9.89826	9.89826	0.408531	0.408531
53100	3693_3_2_3	503.848	9.33051	9.33051	0.207764	0.207764
53100	3693_3_0_1	13.9918	3.49795	3.49795	0.756511	0.756511
53100	3693_3_1_2_2	169.195	4.97631	4.97631	0.423996	0.423996
56700	3693_3_0_2	235.391	5.00833	5.00833	0.330849	0.330849
56700	3693_3_1_2_3	3621.26	18.6663	18.6663	0.078551	0.078551
56700	3693_3_3_1	289.172	6.02442	6.02442	0.367915	0.367915
56700	3693_3_3_2	0	0	0	0	0
56700	3693_3_1_3_0	102.127	3.92798	3.92798	0.54247	0.54247
56700	3693_3_1_0	7933.73	17.6305	17.6305	0.0618944	0.0618944
56700	3693_3_1_3_1	7842.88	21.0265	21.0265	0.0664237	0.0664237
56700	3693_3_1_3_2	1880.76	12.2926	12.2926	0.149755	0.149755
56700	3693_3_1_1	4414.48	14.666	14.666	0.073075	0.073075
56700	3693_3_1_3_3	371.769	6.88461	6.88461	0.308316	0.308316
56700	3693_3_2_0	963.011	8.67578	8.67578	0.162213	0.162213
56700	3693_3_2_1	1710.41	10.8943	10.8943	0.131721	0.131721
56700	3693_3_2_2	357.267	8.30853	8.30853	0.38417	0.38417
56700	3693_3_1_2_0	5381.62	18.4302	18.4302	0.0750538	0.0750538
56700	3693_3_1_2_1	410.057	9.53622	9.53622	0.393589	0.393589
56700	3693_3_2_3	478.365	8.54223	8.54223	0.190211	0.190211
56700	3693_3_0_1	16.4197	3.28393	3.28393	0.710225	0.710225
56700	3693_3_1_2_2	169.051	4.56895	4.56895	0.389287	0.389287
85500	3693_3_0_2	0	0	0	0	0
85500	3693_3_1_2_3	121.594	6.0797	6.0797	0.0255844	0.0255844
85500	3693_3_3_1	0	0	0	0	0
85500	3693_3_3_2	0	0	0	0	0
85500	3693_3_1_3_0	0	0	0	0	0
85500	3693_3_1_0	181.489	5.33792	5.33792	0.0187395	0.0187395
85500	3693_3_1_3_1	97.5082	4.64325	4.64325	0.0146683	0.0146683
85500	3693_3_1_3_2	0	0	0	0	0
85500	3693_3_1_1	19.3141	3.86282	3.86282	0.0192469	0.0192469
85500	3693_3_1_3_3	0	0	0	0	0
85500	3693_3_2_0	0	0	0	0	0
85500	3693_3_2_1	0	0	0	0	0
85500	3693_3_2_2	0	0	0	0	0
85500	3693_3_1_2_0	71.1651	3.95362	3.95362	0.0161004	0.0161004
85500	3693_3_1_2_1	0	0	0	0	0
85500	3693_3_2_3	0	0	0	0	0
85500	3693_3_0_1	0	0	0	0	0
85500	3693_3_1_2_2	0	0	0	0	0
11700	3693_3_0_2	0	0	0	0	0
11700	3693_3_1_2_3	27.3626	3.42033	3.42033	0.0143933	0.0143933
11700	3693_3_3_1	0	0	0	0	0
11700	3693_3_3_2	0	0	0	0	0
11700	3693_3_1_3_0	0	0	0	0	0
11700	3693_3_1_0	198.599	6.20622	6.20622	0.0217878	0.0217878
11700	3693_3_1_3_1	76.7084	3.83542	3.83542	0.0121163	0.0121163
11700	3693_3_1_3_2	4.38323	4.38323	4.38323	0.0533988	0.0533988
11700	3693_3_1_1	34.8592	4.97988	4.97988	0.0248128	0.0248128
11700	3693_3_1_3_3	0	0	0	0	0
11700	3693_3_2_0	0	0	0	0	0
11700	3693_3_2_1	0	0	0	0	0
11700	3693_3_2_2	0	0	0	0	0
11700	3693_3_1_2_0	68.5419	4.28387	4.28387	0.0174453	0.0174453
11700	3693_3_1_2_1	0	0	0	0	0
11700	3693_3_2_3	0	0	0	0	0
11700	3693_3_0_1	0	0	0	0	0
11700	3693_3_1_2_2	0	0	0	0	0
14400	3693_3_0_2	0	0	0	0	0
14400	3693_3_1_2_3	43.3827	3.94388	3.94388	0.0165965	0.0165965
14400	3693_3_3_1	0	0	0	0	0
14400	3693_3_3_2	0	0	0	0	0
14400	3693_3_1_3_0	0	0	0	0	0
14400	3693_3_1_0	329.874	8.4583	8.4583	0.0296941	0.0296941
14400	3693_3_1_3_1	47.0288	4.27535	4.27535	0.013506	0.013506
14400	3693_3_1_3_2	0	0	0	0	0
14400	3693_3_1_1	45.0675	3.75562	3.75562	0.0187128	0.0187128
14400	3693_3_1_3_3	0	0	0	0	0
14400	3693_3_2_0	0	0	0	0	0
14400	3693_3_2_1	0	0	0	0	0
14400	3693_3_2_2	0	0	0	0	0
14400	3693_3_1_2_0	36.6848	4.58559	4.58559	0.018674	0.018674
14400	3693_3_1_2_1	0	0	0	0	0
14400	3693_3_2_3	0	0	0	0	0
14400	3693_3_0_1	0	0	0	0	0
14400	3693_3_1_2_2	0	0	0	0	0
43200	3693_3_0_2	250.375	5.69033	5.69033	0.375902	0.375902
43200	3693_3_1_2_3	4484.29	21.9818	21.9818	0.0925031	0.0925031
43200	3693_3_3_1	330.801	7.35113	7.35113	0.448938	0.448938
43200	3693_3_3_2	0	0	0	0	0
43200	3693_3_1_3_0	126.168	3.82329	3.82329	0.528012	0.528012
43200	3693_3_1_0	8312.89	19.1984	19.1984	0.0673988	0.0673988
43200	3693_3_1_3_1	7951.09	20.3353	20.3353	0.0642402	0.0642402
43200	3693_3_1_3_2	2050.65	13.5805	13.5805	0.165445	0.165445
43200	3693_3_1_1	4852.09	14.5708	14.5708	0.0726006	0.0726006
43200	3693_3_1_3_3	410.234	8.37212	8.37212	0.374932	0.374932
43200	3693_3_2_0	1076.8	10.768	10.768	0.201331	0.201331
43200	3693_3_2_1	1585.86	11.9238	11.9238	0.144168	0.144168
43200	3693_3_2_2	324.926	7.22057	7.22057	0.333865	0.333865
43200	3693_3_1_2_0	6365.04	19.7672	19.7672	0.0804985	0.0804985
43200	3693_3_1_2_1	434.719	9.87998	9.87998	0.407777	0.407777
43200	3693_3_2_3	583.489	10.6089	10.6089	0.23623	0.23623
43200	3693_3_0_1	6.66268	3.33134	3.33134	0.720478	0.720478
43200	3693_3_1_2_2	184.046	4.60115	4.60115	0.392031	0.392031
46800	3693_3_0_2	231.975	5.39477	5.39477	0.356377	0.356377
46800	3693_3_1_2_3	4170.42	20.8521	20.8521	0.0877492	0.0877492
46800	3693_3_3_1	307.205	6.98192	6.98192	0.42639	0.42639
46800	3693_3_3_2	0	0	0	0	0
46800	3693_3_1_3_0	122.877	3.96378	3.96378	0.547415	0.547415
46800	3693_3_1_0	7679.2	18.3713	18.3713	0.0644951	0.0644951
46800	3693_3_1_3_1	7149.97	20.9064	20.9064	0.0660443	0.0660443
46800	3693_3_1_3_2	1764.55	12.6039	12.6039	0.153547	0.153547
46800	3693_3_1_1	4369.29	14.5643	14.5643	0.0725682	0.0725682
46800	3693_3_1_3_3	368.969	8.02106	8.02106	0.35921	0.35921
46800	3693_3_2_0	942.211	11.6322	11.6322	0.217489	0.217489
46800	3693_3_2_1	1541.26	12.4295	12.4295	0.150283	0.150283
46800	3693_3_2_2	323.906	6.74804	6.74804	0.312016	0.312016
46800	3693_3_1_2_0	5890.54	19.5699	19.5699	0.079695	0.079695
46800	3693_3_1_2_1	426.174	9.68578	9.68578	0.399761	0.399761
46800	3693_3_2_3	518.176	10.3635	10.3635	0.230766	0.230766
46800	3693_3_0_1	6.26914	3.13457	3.13457	0.677922	0.677922
46800	3693_3_1_2_2	169.862	4.71838	4.71838	0.402019	0.402019
75600	3693_3_0_2	0	0	0	0	0
75600	3693_3_1_2_3	410.687	8.55598	8.55598	0.036005	0.036005
75600	3693_3_3_1	0	0	0	0	0
75600	3693_3_3_2	0	0	0	0	0
75600	3693_3_1_3_0	0	0	0	0	0
75600	3693_3_1_0	737.204	9.57408	9.57408	0.0336112	0.0336112
75600	3693_3_1_3_1	1049.28	8.00975	8.00975	0.0253032	0.0253032
75600	3693_3_1_3_2	189.807	4.62945	4.62945	0.0563984	0.0563984
75600	3693_3_1_1	382.669	7.08646	7.08646	0.0353091	0.0353091
75600	3693_3_1_3_3	0	0	0	0	0
75600	3693_3_2_0	15.0129	3.75323	3.75323	0.0701748	0.0701748
75600	3693_3_2_1	157.824	5.2608	5.2608	0.0636074	0.0636074
75600	3693_3_2_2	3.34398	3.34398	3.34398	0.154619	0.154619
75600	3693_3_1_2_0	573.404	9.10165	9.10165	0.0370649	0.0370649
75600	3693_3_1_2_1	6.57998	3.28999	3.28999	0.135788	0.135788
75600	3693_3_2_3	12.145	4.04834	4.04834	0.090145	0.090145
75600	3693_3_0_1	0	0	0	0	0
75600	3693_3_1_2_2	0	0	0	0	0
50400	3693_3_0_2	259.746	6.18443	6.18443	0.408542	0.408542
50400	3693_3_1_2_3	4125.19	22.9177	22.9177	0.0964416	0.0964416
50400	3693_3_3_1	315.926	7.02058	7.02058	0.428751	0.428751
50400	3693_3_3_2	0	0	0	0	0
50400	3693_3_1_3_0	122.788	3.96091	3.96091	0.547018	0.547018
50400	3693_3_1_0	7484.65	18.9485	18.9485	0.0665214	0.0665214
50400	3693_3_1_3_1	7523.12	20.8976	20.8976	0.0660165	0.0660165
50400	3693_3_1_3_2	1848.96	13.3019	13.3019	0.162051	0.162051
50400	3693_3_1_1	4298.8	15.5754	15.5754	0.0776062	0.0776062
50400	3693_3_1_3_3	402.882	8.57196	8.57196	0.383882	0.383882
50400	3693_3_2_0	1043.9	10.5444	10.5444	0.197151	0.197151
50400	3693_3_2_1	1582.04	13.1837	13.1837	0.159402	0.159402
50400	3693_3_2_2	311.87	7.42549	7.42549	0.34334	0.34334
50400	3693_3_1_2_0	6209.41	20.4257	20.4257	0.0831801	0.0831801
50400	3693_3_1_2_1	462.61	10.5139	10.5139	0.43394	0.43394
50400	3693_3_2_3	543.796	10.2603	10.2603	0.228468	0.228468
50400	3693_3_0_1	3.10004	3.10004	3.10004	0.670454	0.670454
50400	3693_3_1_2_2	200.399	5.41618	5.41618	0.461474	0.461474
7200	3693_3_0_2	0	0	0	0	0
7200	3693_3_1_2_3	0	0	0	0	0
7200	3693_3_3_1	0	0	0	0	0
7200	3693_3_3_2	0	0	0	0	0
7200	3693_3_1_3_0	0	0	0	0	0
7200	3693_3_1_0	218.042	6.05673	6.05673	0.021263	0.021263
7200	3693_3_1_3_1	25.2881	3.61258	3.61258	0.0114123	0.0114123
7200	3693_3_1_3_2	0	0	0	0	0
7200	3693_3_1_1	21.9467	3.65778	3.65778	0.0182253	0.0182253
7200	3693_3_1_3_3	0	0	0	0	0
7200	3693_3_2_0	0	0	0	0	0
7200	3693_3_2_1	0	0	0	0	0
7200	3693_3_2_2	0	0	0	0	0
7200	3693_3_1_2_0	12.4115	3.10288	3.10288	0.0126359	0.0126359
7200	3693_3_1_2_1	0	0	0	0	0
7200	3693_3_2_3	0	0	0	0	0
7200	3693_3_0_1	0	0	0	0	0
7200	3693_3_1_2_2	0	0	0	0	0
78300	3693_3_0_2	0	0	0	0	0
78300	3693_3_1_2_3	334.031	7.59161	7.59161	0.0319468	0.0319468
78300	3693_3_3_1	0	0	0	0	0
78300	3693_3_3_2	0	0	0	0	0
78300	3693_3_1_3_0	0	0	0	0	0
78300	3693_3_1_0	550.477	9.33012	9.33012	0.0327547	0.0327547
78300	3693_3_1_3_1	624.888	7.02122	7.02122	0.0221804	0.0221804
78300	3693_3_1_3_2	60.4381	4.0292	4.0292	0.0490858	0.0490858
78300	3693_3_1_1	324.65	6.62552	6.62552	0.0330124	0.0330124
78300	3693_3_1_3_3	3.43761	3.43761	3.43761	0.153948	0.153948
78300	3693_3_2_0	32.6129	4.07661	4.07661	0.0762211	0.0762211
78300	3693_3_2_1	113.928	4.95338	4.95338	0.0598904	0.0598904
78300	3693_3_2_2	3.7289	3.7289	3.7289	0.172417	0.172417
78300	3693_3_1_2_0	401.4	8.028	8.028	0.0326926	0.0326926
78300	3693_3_1_2_1	11.2447	3.74822	3.74822	0.1547	0.1547
78300	3693_3_2_3	11.2641	3.75469	3.75469	0.0836063	0.0836063
78300	3693_3_0_1	0	0	0	0	0
78300	3693_3_1_2_2	4.22951	4.22951	4.22951	0.360366	0.360366
36900	3693_3_0_2	347.528	7.39421	7.39421	0.48846	0.48846
36900	3693_3_1_2_3	5179.65	21.4035	21.4035	0.0900696	0.0900696
36900	3693_3_3_1	449.669	7.88892	7.88892	0.481781	0.481781
36900	3693_3_3_2	0	0	0	0	0
36900	3693_3_1_3_0	185.23	4.41024	4.41024	0.609073	0.609073
36900	3693_3_1_0	9408.91	22.0349	22.0349	0.0773567	0.0773567
36900	3693_3_1_3_1	10058.2	24.5922	24.5922	0.077688	0.077688
36900	3693_3_1_3_2	2356.55	14.2821	14.2821	0.173992	0.173992
36900	3693_3_1_1	5696.67	16.4169	16.4169	0.081799	0.081799
36900	3693_3_1_3_3	521.191	9.47619	9.47619	0.424376	0.424376
36900	3693_3_2_0	1389.82	11.392	11.392	0.212998	0.212998
36900	3693_3_2_1	2074.8	12.5745	12.5745	0.152036	0.152036
36900	3693_3_2_2	465.881	9.91236	9.91236	0.458328	0.458328
36900	3693_3_1_2_0	7952.48	22.029	22.029	0.0897092	0.0897092
36900	3693_3_1_2_1	556.048	12.6375	12.6375	0.521588	0.521588
36900	3693_3_2_3	925.297	10.8858	10.8858	0.242396	0.242396
36900	3693_3_0_1	7.19953	3.59977	3.59977	0.778532	0.778532
36900	3693_3_1_2_2	241.928	5.49837	5.49837	0.468477	0.468477
65700	3693_3_0_2	66.6806	3.92239	3.92239	0.259112	0.259112
65700	3693_3_1_2_3	1882.08	15.3014	15.3014	0.0643909	0.0643909
65700	3693_3_3_1	107.008	3.96326	3.96326	0.242039	0.242039
65700	3693_3_3_2	0	0	0	0	0
65700	3693_3_1_3_0	22.755	3.25072	3.25072	0.448938	0.448938
65700	3693_3_1_0	4360.84	14.3922	14.3922	0.0505259	0.0505259
65700	3693_3_1_3_1	5080.41	17.8888	17.8888	0.0565116	0.0565116
65700	3693_3_1_3_2	1115.25	9.14137	9.14137	0.111365	0.111365
65700	3693_3_1_1	2471.17	10.7911	10.7911	0.0537679	0.0537679
65700	3693_3_1_3_3	149.715	4.53682	4.53682	0.203174	0.203174
65700	3693_3_2_0	504.353	6.0042	6.0042	0.112262	0.112262
65700	3693_3_2_1	967.41	9.57831	9.57831	0.11581	0.11581
65700	3693_3_2_2	179.669	4.85591	4.85591	0.224528	0.224528
65700	3693_3_1_2_0	2942.79	15.2476	15.2476	0.0620932	0.0620932
65700	3693_3_1_2_1	184.514	4.98687	4.98687	0.205823	0.205823
65700	3693_3_2_3	322.208	5.85832	5.85832	0.130448	0.130448
65700	3693_3_0_1	3.63082	3.63082	3.63082	0.785248	0.785248
65700	3693_3_1_2_2	36.419	3.6419	3.6419	0.3103	0.3103
40500	3693_3_0_2	278.418	6.32768	6.32768	0.418005	0.418005
40500	3693_3_1_2_3	4597.52	21.0895	21.0895	0.0887482	0.0887482
40500	3693_3_3_1	367.047	7.97927	7.97927	0.487299	0.487299
40500	3693_3_3_2	0	0	0	0	0
40500	3693_3_1_3_0	116.461	3.88204	3.88204	0.536126	0.536126
40500	3693_3_1_0	8807.2	19.0632	19.0632	0.0669241	0.0669241
40500	3693_3_1_3_1	8666.18	21.137	21.137	0.0667728	0.0667728
40500	3693_3_1_3_2	2070.28	12.8589	12.8589	0.156654	0.156654
40500	3693_3_1_1	5353.24	13.9407	13.9407	0.0694611	0.0694611
40500	3693_3_1_3_3	433.63	8.84959	8.84959	0.396315	0.396315
40500	3693_3_2_0	1246.02	10.835	10.835	0.202584	0.202584
40500	3693_3_2_1	1655.13	11.6558	11.6558	0.140928	0.140928
40500	3693_3_2_2	337.253	7.33158	7.33158	0.338998	0.338998
40500	3693_3_1_2_0	6979.12	20.8332	20.8332	0.0848396	0.0848396
40500	3693_3_1_2_1	466.272	10.3616	10.3616	0.427655	0.427655
40500	3693_3_2_3	651.351	10.0208	10.0208	0.223135	0.223135
40500	3693_3_0_1	3.50948	3.50948	3.50948	0.759005	0.759005
40500	3693_3_1_2_2	186.163	4.89903	4.89903	0.417411	0.417411
36000	3693_3_0_2	332.556	7.22947	7.22947	0.477577	0.477577
36000	3693_3_1_2_3	5334.45	22.2269	22.2269	0.0935346	0.0935346
36000	3693_3_3_1	426.243	8.88006	8.88006	0.54231	0.54231
36000	3693_3_3_2	3.03579	3.03579	3.03579	0.835493	0.835493
36000	3693_3_1_3_0	189.097	4.39761	4.39761	0.607328	0.607328
36000	3693_3_1_0	9421.39	21.7584	21.7584	0.076386	0.076386
36000	3693_3_1_3_1	10180.6	24.0108	24.0108	0.0758513	0.0758513
36000	3693_3_1_3_2	2440.79	14.6155	14.6155	0.178054	0.178054
36000	3693_3_1_1	6037.44	16.0998	16.0998	0.080219	0.080219
36000	3693_3_1_3_3	550.898	9.66487	9.66487	0.432826	0.432826
36000	3693_3_2_0	1480.12	12.1321	12.1321	0.226836	0.226836
36000	3693_3_2_1	2039.71	13.7818	13.7818	0.166633	0.166633
36000	3693_3_2_2	425.561	9.4569	9.4569	0.437269	0.437269
36000	3693_3_1_2_0	8165.85	22.6201	22.6201	0.0921164	0.0921164
36000	3693_3_1_2_1	592.336	12.6029	12.6029	0.52016	0.52016
36000	3693_3_2_3	947.626	11.0189	11.0189	0.24536	0.24536
36000	3693_3_0_1	0	0	0	0	0
36000	3693_3_1_2_2	258.101	6.14526	6.14526	0.523594	0.523594
1800	3693_3_0_2	0	0	0	0	0
1800	3693_3_1_2_3	17.0055	3.40109	3.40109	0.0143124	0.0143124
1800	3693_3_3_1	0	0	0	0	0
1800	3693_3_3_2	0	0	0	0	0
1800	3693_3_1_3_0	0	0	0	0	0
1800	3693_3_1_0	84.9916	4.24958	4.24958	0.0149188	0.0149188
1800	3693_3_1_3_1	41.3664	3.76058	3.76058	0.0118799	0.0118799
1800	3693_3_1_3_2	0	0	0	0	0
1800	3693_3_1_1	21.8493	3.64155	3.64155	0.0181444	0.0181444
1800	3693_3_1_3_3	0	0	0	0	0
1800	3693_3_2_0	0	0	0	0	0
1800	3693_3_2_1	3	3	3	0.0362724	0.0362724
1800	3693_3_2_2	0	0	0	0	0
1800	3693_3_1_2_0	55.4976	3.96411	3.96411	0.0161431	0.0161431
1800	3693_3_1_2_1	0	0	0	0	0
1800	3693_3_2_3	0	0	0	0	0
1800	3693_3_0_1	0	0	0	0	0
1800	3693_3_1_2_2	0	0	0	0	0
39600	3693_3_0_2	305.078	6.77952	6.77952	0.447854	0.447854
39600	3693_3_1_2_3	4851.11	20.213	20.213	0.0850597	0.0850597
39600	3693_3_3_1	395.855	8.24698	8.24698	0.503648	0.503648
39600	3693_3_3_2	0	0	0	0	0
39600	3693_3_1_3_0	132.052	4.25974	4.25974	0.588288	0.588288
39600	3693_3_1_0	9182.94	19.7483	19.7483	0.0693293	0.0693293
39600	3693_3_1_3_1	9534.92	22.1228	22.1228	0.069887	0.069887
39600	3693_3_1_3_2	2355.01	13.853	13.853	0.168764	0.168764
39600	3693_3_1_1	5744.93	14.8832	14.8832	0.0741572	0.0741572
39600	3693_3_1_3_3	516.067	9.21547	9.21547	0.4127	0.4127
39600	3693_3_2_0	1428.5	11.428	11.428	0.213671	0.213671
39600	3693_3_2_1	1960.24	11.5308	11.5308	0.139417	0.139417
39600	3693_3_2_2	425.227	9.44948	9.44948	0.436926	0.436926
39600	3693_3_1_2_0	7599.45	21.0511	21.0511	0.0857269	0.0857269
39600	3693_3_1_2_1	500.35	11.3716	11.3716	0.46934	0.46934
39600	3693_3_2_3	795.586	12.0543	12.0543	0.268415	0.268415
39600	3693_3_0_1	9.31861	3.1062	3.1062	0.671787	0.671787
39600	3693_3_1_2_2	185.009	5.00025	5.00025	0.426035	0.426035
72900	3693_3_0_2	0	0	0	0	0
72900	3693_3_1_2_3	639.402	11.0242	11.0242	0.0463917	0.0463917
72900	3693_3_3_1	0	0	0	0	0
72900	3693_3_3_2	0	0	0	0	0
72900	3693_3_1_3_0	0	0	0	0	0
72900	3693_3_1_0	1145.34	9.23664	9.23664	0.0324266	0.0324266
72900	3693_3_1_3_1	1541.17	10.073	10.073	0.0318211	0.0318211
72900	3693_3_1_3_2	290.833	5.81665	5.81665	0.0708615	0.0708615
72900	3693_3_1_1	677.194	7.96699	7.96699	0.0396964	0.0396964
72900	3693_3_1_3_3	3.06988	3.06988	3.06988	0.13748	0.13748
72900	3693_3_2_0	73.5904	3.87318	3.87318	0.0724175	0.0724175
72900	3693_3_2_1	290.706	6.18523	6.18523	0.0747845	0.0747845
72900	3693_3_2_2	17.3937	3.47874	3.47874	0.16085	0.16085
72900	3693_3_1_2_0	870.082	10.6108	10.6108	0.0432106	0.0432106
72900	3693_3_1_2_1	15.5807	3.89516	3.89516	0.160765	0.160765
72900	3693_3_2_3	79.5448	4.18657	4.18657	0.093223	0.093223
72900	3693_3_0_1	0	0	0	0	0
72900	3693_3_1_2_2	0	0	0	0	0
68400	3693_3_0_2	14.6527	3.66317	3.66317	0.241988	0.241988
68400	3693_3_1_2_3	1211.85	14.0913	14.0913	0.0592986	0.0592986
68400	3693_3_3_1	25.973	3.71042	3.71042	0.226597	0.226597
68400	3693_3_3_2	0	0	0	0	0
68400	3693_3_1_3_0	3.22813	3.22813	3.22813	0.445818	0.445818
68400	3693_3_1_0	2620.8	10.9657	10.9657	0.0384967	0.0384967
68400	3693_3_1_3_1	3336.18	14.8275	14.8275	0.0468408	0.0468408
68400	3693_3_1_3_2	708.69	7.62032	7.62032	0.0928347	0.0928347
68400	3693_3_1_1	1403.5	9.74654	9.74654	0.0485632	0.0485632
68400	3693_3_1_3_3	61.5947	3.84967	3.84967	0.172401	0.172401
68400	3693_3_2_0	275.649	5.20093	5.20093	0.0972427	0.0972427
68400	3693_3_2_1	632.244	9.16296	9.16296	0.110788	0.110788
68400	3693_3_2_2	115.246	4.60985	4.60985	0.213151	0.213151
68400	3693_3_1_2_0	1824.44	14.143	14.143	0.0575949	0.0575949
68400	3693_3_1_2_1	139.504	4.50012	4.50012	0.185734	0.185734
68400	3693_3_2_3	182.088	5.05801	5.05801	0.112627	0.112627
68400	3693_3_0_1	0	0	0	0	0
68400	3693_3_1_2_2	7.63371	3.81685	3.81685	0.325206	0.325206
4500	3693_3_0_2	0	0	0	0	0
4500	3693_3_1_2_3	3.79864	3.79864	3.79864	0.0159853	0.0159853
4500	3693_3_3_1	0	0	0	0	0
4500	3693_3_3_2	0	0	0	0	0
4500	3693_3_1_3_0	0	0	0	0	0
4500	3693_3_1_0	161.742	5.7765	5.7765	0.0202792	0.0202792
4500	3693_3_1_3_1	53.055	4.08116	4.08116	0.0128926	0.0128926
4500	3693_3_1_3_2	0	0	0	0	0
4500	3693_3_1_1	3.59385	3.59385	3.59385	0.0179068	0.0179068
4500	3693_3_1_3_3	0	0	0	0	0
4500	3693_3_2_0	0	0	0	0	0
4500	3693_3_2_1	0	0	0	0	0
4500	3693_3_2_2	0	0	0	0	0
4500	3693_3_1_2_0	15.4589	3.86473	3.86473	0.0157384	0.0157384
4500	3693_3_1_2_1	0	0	0	0	0
4500	3693_3_2_3	0	0	0	0	0
4500	3693_3_0_1	0	0	0	0	0
4500	3693_3_1_2_2	0	0	0	0	0
72000	3693_3_0_2	3.75783	3.75783	3.75783	0.248241	0.248241
72000	3693_3_1_2_3	757.296	12.2145	12.2145	0.0514007	0.0514007
72000	3693_3_3_1	0	0	0	0	0
72000	3693_3_3_2	0	0	0	0	0
72000	3693_3_1_3_0	0	0	0	0	0
72000	3693_3_1_0	1299.83	10.0762	10.0762	0.035374	0.035374
72000	3693_3_1_3_1	1853.93	10.7787	10.7787	0.0340504	0.0340504
72000	3693_3_1_3_2	364.319	6.5057	6.5057	0.0792558	0.0792558
72000	3693_3_1_1	727.169	8.26329	8.26329	0.0411728	0.0411728
72000	3693_3_1_3_3	0	0	0	0	0
72000	3693_3_2_0	110.433	3.94403	3.94403	0.0737422	0.0737422
72000	3693_3_2_1	285.612	6.07686	6.07686	0.0734742	0.0734742
72000	3693_3_2_2	22.4073	4.48146	4.48146	0.207214	0.207214
72000	3693_3_1_2_0	1042.64	11.3331	11.3331	0.0461521	0.0461521
72000	3693_3_1_2_1	24.0293	4.00488	4.00488	0.165294	0.165294
72000	3693_3_2_3	73.2722	3.85643	3.85643	0.0858717	0.0858717
72000	3693_3_0_1	0	0	0	0	0
72000	3693_3_1_2_2	0	0	0	0	0
30600	3693_3_0_2	308.486	7.01105	7.01105	0.463149	0.463149
30600	3693_3_1_2_3	4567.1	22.8355	22.8355	0.0960957	0.0960957
30600	3693_3_3_1	418.018	8.19643	8.19643	0.500561	0.500561
30600	3693_3_3_2	3.06322	3.06322	3.06322	0.843042	0.843042
30600	3693_3_1_3_0	192.361	4.69174	4.69174	0.647949	0.647949
30600	3693_3_1_0	9583.92	21.9312	21.9312	0.0769926	0.0769926
30600	3693_3_1_3_1	9137.12	22.4499	22.4499	0.0709203	0.0709203
30600	3693_3_1_3_2	2144.87	13.8379	13.8379	0.168581	0.168581
30600	3693_3_1_1	5643.58	17.6362	17.6362	0.0878743	0.0878743
30600	3693_3_1_3_3	466.518	9.92591	9.92591	0.444516	0.444516
30600	3693_3_2_0	1276.26	11.1953	11.1953	0.209321	0.209321
30600	3693_3_2_1	1942.2	13.9726	13.9726	0.16894	0.16894
30600	3693_3_2_2	476.265	9.92218	9.92218	0.458782	0.458782
30600	3693_3_1_2_0	7297.87	20.4996	20.4996	0.083481	0.083481
30600	3693_3_1_2_1	510.515	11.6026	11.6026	0.478874	0.478874
30600	3693_3_2_3	879.848	12.3922	12.3922	0.275939	0.275939
30600	3693_3_0_1	10.721	3.57367	3.57367	0.772888	0.772888
30600	3693_3_1_2_2	241.344	5.74629	5.74629	0.4896	0.4896
26100	3693_3_0_2	179.638	5.61367	5.61367	0.370838	0.370838
26100	3693_3_1_2_3	2829.56	20.5041	20.5041	0.0862847	0.0862847
26100	3693_3_3_1	261.952	6.38907	6.38907	0.390184	0.390184
26100	3693_3_3_2	0	0	0	0	0
26100	3693_3_1_3_0	134.096	4.32568	4.32568	0.597395	0.597395
26100	3693_3_1_0	7814.6	20.6735	20.6735	0.0725773	0.0725773
26100	3693_3_1_3_1	6244.2	18.6952	18.6952	0.059059	0.059059
26100	3693_3_1_3_2	1366.21	11.8801	11.8801	0.14473	0.14473
26100	3693_3_1_1	4164.87	17.1394	17.1394	0.085399	0.085399
26100	3693_3_1_3_3	353.855	7.69249	7.69249	0.344496	0.344496
26100	3693_3_2_0	858.005	11.4401	11.4401	0.213898	0.213898
26100	3693_3_2_1	1469.3	12.5581	12.5581	0.151838	0.151838
26100	3693_3_2_2	341.453	7.26495	7.26495	0.335917	0.335917
26100	3693_3_1_2_0	4256.75	18.67	18.67	0.0760303	0.0760303
26100	3693_3_1_2_1	350.98	8.35667	8.35667	0.344905	0.344905
26100	3693_3_2_3	577.261	10.69	10.69	0.238036	0.238036
26100	3693_3_0_1	0	0	0	0	0
26100	3693_3_1_2_2	168.802	5.11523	5.11523	0.435832	0.435832
29700	3693_3_0_2	322.735	7.17189	7.17189	0.473774	0.473774
29700	3693_3_1_2_3	4409.23	21.1982	21.1982	0.0892056	0.0892056
29700	3693_3_3_1	386.723	8.05673	8.05673	0.492029	0.492029
29700	3693_3_3_2	3.16978	3.16978	3.16978	0.872369	0.872369
29700	3693_3_1_3_0	197.484	4.48827	4.48827	0.619849	0.619849
29700	3693_3_1_0	9602.32	21.6757	21.6757	0.0760957	0.0760957
29700	3693_3_1_3_1	8829.77	22.0744	22.0744	0.0697341	0.0697341
29700	3693_3_1_3_2	2041.51	13.171	13.171	0.160456	0.160456
29700	3693_3_1_1	5407.32	18.1454	18.1454	0.0904115	0.0904115
29700	3693_3_1_3_3	468.018	9.55139	9.55139	0.427744	0.427744
29700	3693_3_2_0	1198.73	12.8896	12.8896	0.240999	0.240999
29700	3693_3_2_1	2004.94	13.3662	13.3662	0.161608	0.161608
29700	3693_3_2_2	453.065	9.84925	9.84925	0.45541	0.45541
29700	3693_3_1_2_0	6926.76	20.7388	20.7388	0.0844551	0.0844551
29700	3693_3_1_2_1	475.46	10.8059	10.8059	0.445992	0.445992
29700	3693_3_2_3	778.411	10.8113	10.8113	0.240737	0.240737
29700	3693_3_0_1	13.1895	3.29736	3.29736	0.713129	0.713129
29700	3693_3_1_2_2	229.834	5.60572	5.60572	0.477623	0.477623
58500	3693_3_0_2	229.215	4.98294	4.98294	0.329172	0.329172
58500	3693_3_1_2_3	3281.95	17.5505	17.5505	0.0738555	0.0738555
58500	3693_3_3_1	286.217	5.96285	5.96285	0.364155	0.364155
58500	3693_3_3_2	0	0	0	0	0
58500	3693_3_1_3_0	127.058	3.85025	3.85025	0.531736	0.531736
58500	3693_3_1_0	7784.95	17.3384	17.3384	0.060869	0.060869
58500	3693_3_1_3_1	7599.51	19.739	19.739	0.0623565	0.0623565
58500	3693_3_1_3_2	1733.61	10.9722	10.9722	0.133669	0.133669
58500	3693_3_1_1	4312.38	13.9109	13.9109	0.0693126	0.0693126
58500	3693_3_1_3_3	351.279	6.38688	6.38688	0.286026	0.286026
58500	3693_3_2_0	810.468	8.35534	8.35534	0.156221	0.156221
58500	3693_3_2_1	1576.68	11.0258	11.0258	0.133311	0.133311
58500	3693_3_2_2	376.055	7.83447	7.83447	0.362251	0.362251
58500	3693_3_1_2_0	5113.61	17.8798	17.8798	0.0728123	0.0728123
58500	3693_3_1_2_1	392.532	8.72293	8.72293	0.360022	0.360022
58500	3693_3_2_3	483.028	7.4312	7.4312	0.165472	0.165472
58500	3693_3_0_1	25.1544	3.59349	3.59349	0.777174	0.777174
58500	3693_3_1_2_2	156.41	5.04549	5.04549	0.42989	0.42989
33300	3693_3_0_2	315.832	7.17799	7.17799	0.474177	0.474177
33300	3693_3_1_2_3	5047.6	21.8511	21.8511	0.0919531	0.0919531
33300	3693_3_3_1	440.454	8.31045	8.31045	0.507524	0.507524
33300	3693_3_3_2	0	0	0	0	0
33300	3693_3_1_3_0	192.644	4.81611	4.81611	0.665125	0.665125
33300	3693_3_1_0	9362.13	22.1327	22.1327	0.0777	0.0777
33300	3693_3_1_3_1	10026.3	23.263	23.263	0.0734889	0.0734889
33300	3693_3_1_3_2	2325.22	14.1782	14.1782	0.172726	0.172726
33300	3693_3_1_1	5788.86	17.1776	17.1776	0.0855893	0.0855893
33300	3693_3_1_3_3	541.11	9.83836	9.83836	0.440595	0.440595
33300	3693_3_2_0	1446.82	12.4726	12.4726	0.233202	0.233202
33300	3693_3_2_1	2109.52	13.1026	13.1026	0.158421	0.158421
33300	3693_3_2_2	456.377	9.71014	9.71014	0.448978	0.448978
33300	3693_3_1_2_0	8068.77	21.8666	21.8666	0.0890479	0.0890479
33300	3693_3_1_2_1	565.144	12.5587	12.5587	0.518336	0.518336
33300	3693_3_2_3	871.312	10.7569	10.7569	0.239526	0.239526
33300	3693_3_0_1	6.72448	3.36224	3.36224	0.727161	0.727161
33300	3693_3_1_2_2	240.248	6.0062	6.0062	0.511745	0.511745
62100	3693_3_0_2	148.803	4.13341	4.13341	0.273052	0.273052
62100	3693_3_1_2_3	2765.05	16.7579	16.7579	0.0705201	0.0705201
62100	3693_3_3_1	238	4.66667	4.66667	0.284996	0.284996
62100	3693_3_3_2	0	0	0	0	0
62100	3693_3_1_3_0	73.8483	3.69242	3.69242	0.509939	0.509939
62100	3693_3_1_0	6611.32	16.4053	16.4053	0.0575932	0.0575932
62100	3693_3_1_3_1	6993.68	19.7562	19.7562	0.0624108	0.0624108
62100	3693_3_1_3_2	1604.94	11.3825	11.3825	0.138668	0.138668
62100	3693_3_1_1	3697.71	13.1125	13.1125	0.0653345	0.0653345
62100	3693_3_1_3_3	259.776	4.90144	4.90144	0.219503	0.219503
62100	3693_3_2_0	724.396	6.96535	6.96535	0.130232	0.130232
62100	3693_3_2_1	1435.44	10.7122	10.7122	0.129519	0.129519
62100	3693_3_2_2	293.473	6.37984	6.37984	0.294991	0.294991
62100	3693_3_1_2_0	4383.55	18.189	18.189	0.0740715	0.0740715
62100	3693_3_1_2_1	296.451	6.8942	6.8942	0.284544	0.284544
62100	3693_3_2_3	457.846	8.03238	8.03238	0.178858	0.178858
62100	3693_3_0_1	25.7648	3.68069	3.68069	0.796033	0.796033
62100	3693_3_1_2_2	98.4441	4.10184	4.10184	0.349488	0.349488
