20700	3693_3_0_2	0	0	0
20700	3693_3_1_2_3	91.2725	7.60604	7.60604
20700	3693_3_3_1	0	0	0
20700	3693_3_1_3_0	0	0	0
20700	3693_3_1_0	242.317	10.0966	10.0966
20700	3693_3_1_3_1	113.439	6.30218	6.30218
20700	3693_3_1_3_2	11.5123	3.83742	3.83742
20700	3693_3_1_1	67.7107	6.77107	6.77107
20700	3693_3_1_3_3	0	0	0
20700	3693_3_2_0	14.7774	3.69435	3.69435
20700	3693_3_2_1	53.3328	5.92586	5.92586
20700	3693_3_2_2	0	0	0
20700	3693_3_1_2_0	98.5419	6.56946	6.56946
20700	3693_3_1_2_1	0	0	0
20700	3693_3_2_3	8.54573	4.27287	4.27287
20700	3693_3_0_1	0	0	0
20700	3693_3_1_2_2	0	0	0
19800	3693_3_0_2	0	0	0
19800	3693_3_1_2_3	70.6004	6.41821	6.41821
19800	3693_3_3_1	0	0	0
19800	3693_3_1_3_0	0	0	0
19800	3693_3_1_0	188.494	8.97589	8.97589
19800	3693_3_1_3_1	69.0014	6.27285	6.27285
19800	3693_3_1_3_2	12.7558	4.25194	4.25194
19800	3693_3_1_1	48.5948	5.39943	5.39943
19800	3693_3_1_3_3	0	0	0
19800	3693_3_2_0	16.825	3.365	3.365
19800	3693_3_2_1	11.2952	3.76505	3.76505
19800	3693_3_2_2	3.17099	3.17099	3.17099
19800	3693_3_1_2_0	58.5456	6.50507	6.50507
19800	3693_3_1_2_1	0	0	0
19800	3693_3_2_3	0	0	0
19800	3693_3_0_1	0	0	0
19800	3693_3_1_2_2	0	0	0
48600	3693_3_0_2	15.9477	3.98693	3.98693
48600	3693_3_1_2_3	991.51	17.3949	17.3949
48600	3693_3_3_1	40.7842	4.07842	4.07842
48600	3693_3_1_3_0	3.79027	3.79027	3.79027
48600	3693_3_1_0	1235.23	12.6044	12.6044
48600	3693_3_1_3_1	1222.39	14.0505	14.0505
48600	3693_3_1_3_2	283.542	8.8607	8.8607
48600	3693_3_1_1	510.049	10.626	10.626
48600	3693_3_1_3_3	52.5182	4.77438	4.77438
48600	3693_3_2_0	158.867	6.90725	6.90725
48600	3693_3_2_1	265.392	8.56103	8.56103
48600	3693_3_2_2	51.8251	3.98655	3.98655
48600	3693_3_1_2_0	1026.33	17.1055	17.1055
48600	3693_3_1_2_1	54.1469	4.92245	4.92245
48600	3693_3_2_3	84.4363	5.62909	5.62909
48600	3693_3_0_1	0	0	0
48600	3693_3_1_2_2	3.78594	3.78594	3.78594
23400	3693_3_0_2	0	0	0
23400	3693_3_1_2_3	248.328	15.5205	15.5205
23400	3693_3_3_1	0	0	0
23400	3693_3_1_3_0	0	0	0
23400	3693_3_1_0	512.672	11.145	11.145
23400	3693_3_1_3_1	345.917	8.23612	8.23612
23400	3693_3_1_3_2	69.9294	5.82745	5.82745
23400	3693_3_1_1	218.288	10.9144	10.9144
23400	3693_3_1_3_3	3.65095	3.65095	3.65095
23400	3693_3_2_0	21.827	3.63783	3.63783
23400	3693_3_2_1	65.7082	6.57082	6.57082
23400	3693_3_2_2	15.2886	3.82216	3.82216
23400	3693_3_1_2_0	205.764	9.79828	9.79828
23400	3693_3_1_2_1	14.6925	3.67312	3.67312
23400	3693_3_2_3	15.1351	5.04503	5.04503
23400	3693_3_0_1	0	0	0
23400	3693_3_1_2_2	3.45473	3.45473	3.45473
52200	3693_3_0_2	35.5526	3.55526	3.55526
52200	3693_3_1_2_3	1005.6	17.9572	17.9572
52200	3693_3_3_1	52.8644	4.40537	4.40537
52200	3693_3_1_3_0	3.05388	3.05388	3.05388
52200	3693_3_1_0	1196.8	13.0087	13.0087
52200	3693_3_1_3_1	1387.43	13.737	13.737
52200	3693_3_1_3_2	301.232	8.85977	8.85977
52200	3693_3_1_1	496.551	11.2852	11.2852
52200	3693_3_1_3_3	66.6544	4.76103	4.76103
52200	3693_3_2_0	168.409	6.73634	6.73634
52200	3693_3_2_1	331.305	8.71854	8.71854
52200	3693_3_2_2	51.7696	5.17696	5.17696
52200	3693_3_1_2_0	1089.7	15.3479	15.3479
52200	3693_3_1_2_1	62.3588	4.79683	4.79683
52200	3693_3_2_3	94.903	5.58253	5.58253
52200	3693_3_0_1	0	0	0
52200	3693_3_1_2_2	6.49362	3.24681	3.24681
55800	3693_3_0_2	25.071	4.1785	4.1785
55800	3693_3_1_2_3	938.868	17.3864	17.3864
55800	3693_3_3_1	50.6296	4.21914	4.21914
55800	3693_3_1_3_0	0	0	0
55800	3693_3_1_0	1445.11	12.4578	12.4578
55800	3693_3_1_3_1	1487.76	14.5859	14.5859
55800	3693_3_1_3_2	370.852	8.42847	8.42847
55800	3693_3_1_1	570.107	9.34602	9.34602
55800	3693_3_1_3_3	65.4797	3.85175	3.85175
55800	3693_3_2_0	165.699	6.37305	6.37305
55800	3693_3_2_1	358.567	9.69101	9.69101
55800	3693_3_2_2	59.7488	5.43171	5.43171
55800	3693_3_1_2_0	1168.91	14.6113	14.6113
55800	3693_3_1_2_1	69.7622	4.98301	4.98301
55800	3693_3_2_3	96.6932	6.44621	6.44621
55800	3693_3_0_1	0	0	0
55800	3693_3_1_2_2	18.3174	3.66348	3.66348
84600	3693_3_0_2	0	0	0
84600	3693_3_1_2_3	51.7077	5.17077	5.17077
84600	3693_3_3_1	0	0	0
84600	3693_3_1_3_0	0	0	0
84600	3693_3_1_0	106.141	5.8967	5.8967
84600	3693_3_1_3_1	93.0217	5.81386	5.81386
84600	3693_3_1_3_2	3.06023	3.06023	3.06023
84600	3693_3_1_1	57.8398	4.81998	4.81998
84600	3693_3_1_3_3	0	0	0
84600	3693_3_2_0	0	0	0
84600	3693_3_2_1	0	0	0
84600	3693_3_2_2	0	0	0
84600	3693_3_1_2_0	71.4563	5.49664	5.49664
84600	3693_3_1_2_1	0	0	0
84600	3693_3_2_3	3.06436	3.06436	3.06436
84600	3693_3_0_1	0	0	0
84600	3693_3_1_2_2	0	0	0
13500	3693_3_0_2	0	0	0
13500	3693_3_1_2_3	8.16996	4.08498	4.08498
13500	3693_3_3_1	0	0	0
13500	3693_3_1_3_0	0	0	0
13500	3693_3_1_0	86.4989	6.17849	6.17849
13500	3693_3_1_3_1	7.30024	3.65012	3.65012
13500	3693_3_1_3_2	3.47429	3.47429	3.47429
13500	3693_3_1_1	30.6166	4.3738	4.3738
13500	3693_3_1_3_3	0	0	0
13500	3693_3_2_0	3.41524	3.41524	3.41524
13500	3693_3_2_1	0	0	0
13500	3693_3_2_2	0	0	0
13500	3693_3_1_2_0	20.36	4.07199	4.07199
13500	3693_3_1_2_1	0	0	0
13500	3693_3_2_3	0	0	0
13500	3693_3_0_1	0	0	0
13500	3693_3_1_2_2	0	0	0
45900	3693_3_0_2	14.5752	3.6438	3.6438
45900	3693_3_1_2_3	1034.4	19.517	19.517
45900	3693_3_3_1	49.828	4.15233	4.15233
45900	3693_3_1_3_0	0	0	0
45900	3693_3_1_0	1273.11	12.8596	12.8596
45900	3693_3_1_3_1	1303.18	14.4798	14.4798
45900	3693_3_1_3_2	318.016	9.93801	9.93801
45900	3693_3_1_1	544.936	11.8464	11.8464
45900	3693_3_1_3_3	54.6088	4.55074	4.55074
45900	3693_3_2_0	165.848	7.21078	7.21078
45900	3693_3_2_1	259.17	8.63899	8.63899
45900	3693_3_2_2	32.7948	4.09935	4.09935
45900	3693_3_1_2_0	1049.74	17.4956	17.4956
45900	3693_3_1_2_1	40.0568	4.45076	4.45076
45900	3693_3_2_3	102.376	6.82505	6.82505
45900	3693_3_0_1	0	0	0
45900	3693_3_1_2_2	8.01298	4.00649	4.00649
16200	3693_3_0_2	0	0	0
16200	3693_3_1_2_3	19.1721	3.83443	3.83443
16200	3693_3_3_1	0	0	0
16200	3693_3_1_3_0	0	0	0
16200	3693_3_1_0	80.9243	7.35676	7.35676
16200	3693_3_1_3_1	3.63055	3.63055	3.63055
16200	3693_3_1_3_2	0	0	0
16200	3693_3_1_1	3.65468	3.65468	3.65468
16200	3693_3_1_3_3	0	0	0
16200	3693_3_2_0	0	0	0
16200	3693_3_2_1	3.66974	3.66974	3.66974
16200	3693_3_2_2	0	0	0
16200	3693_3_1_2_0	3.04239	3.04239	3.04239
16200	3693_3_1_2_1	0	0	0
16200	3693_3_2_3	0	0	0
16200	3693_3_0_1	0	0	0
16200	3693_3_1_2_2	0	0	0
74700	3693_3_0_2	0	0	0
74700	3693_3_1_2_3	203.663	10.7191	10.7191
74700	3693_3_3_1	0	0	0
74700	3693_3_1_3_0	0	0	0
74700	3693_3_1_0	355.324	7.72443	7.72443
74700	3693_3_1_3_1	401.034	8.35488	8.35488
74700	3693_3_1_3_2	74.2558	5.30398	5.30398
74700	3693_3_1_1	249	6.225	6.225
74700	3693_3_1_3_3	0	0	0
74700	3693_3_2_0	26.7358	3.81939	3.81939
74700	3693_3_2_1	55.729	5.5729	5.5729
74700	3693_3_2_2	0	0	0
74700	3693_3_1_2_0	256.185	10.2474	10.2474
74700	3693_3_1_2_1	0	0	0
74700	3693_3_2_3	13.0049	4.33498	4.33498
74700	3693_3_0_1	0	0	0
74700	3693_3_1_2_2	0	0	0
45000	3693_3_0_2	10.7238	3.5746	3.5746
45000	3693_3_1_2_3	1004.24	22.3165	22.3165
45000	3693_3_3_1	49.772	4.14766	4.14766
45000	3693_3_1_3_0	3.15361	3.15361	3.15361
45000	3693_3_1_0	1243.9	13.9765	13.9765
45000	3693_3_1_3_1	1295.26	14.2336	14.2336
45000	3693_3_1_3_2	319.776	9.69019	9.69019
45000	3693_3_1_1	594.965	11.0179	11.0179
45000	3693_3_1_3_3	70.9475	4.43422	4.43422
45000	3693_3_2_0	165.071	7.86051	7.86051
45000	3693_3_2_1	263.556	8.23613	8.23613
45000	3693_3_2_2	45.9702	4.59702	4.59702
45000	3693_3_1_2_0	1100.34	17.1927	17.1927
45000	3693_3_1_2_1	56.2308	4.32545	4.32545
45000	3693_3_2_3	93.8366	5.86479	5.86479
45000	3693_3_0_1	0	0	0
45000	3693_3_1_2_2	7.52096	3.76048	3.76048
81900	3693_3_0_2	0	0	0
81900	3693_3_1_2_3	56.1536	5.10487	5.10487
81900	3693_3_3_1	0	0	0
81900	3693_3_1_3_0	0	0	0
81900	3693_3_1_0	168.067	8.40336	8.40336
81900	3693_3_1_3_1	119.403	5.42741	5.42741
81900	3693_3_1_3_2	3.19231	3.19231	3.19231
81900	3693_3_1_1	62.035	5.16959	5.16959
81900	3693_3_1_3_3	0	0	0
81900	3693_3_2_0	3.08049	3.08049	3.08049
81900	3693_3_2_1	0	0	0
81900	3693_3_2_2	0	0	0
81900	3693_3_1_2_0	67.314	5.6095	5.6095
81900	3693_3_1_2_1	0	0	0
81900	3693_3_2_3	0	0	0
81900	3693_3_0_1	0	0	0
81900	3693_3_1_2_2	0	0	0
77400	3693_3_0_2	0	0	0
77400	3693_3_1_2_3	138.235	8.13146	8.13146
77400	3693_3_3_1	0	0	0
77400	3693_3_1_3_0	0	0	0
77400	3693_3_1_0	252.612	8.42039	8.42039
77400	3693_3_1_3_1	258.676	7.60813	7.60813
77400	3693_3_1_3_2	31.8157	3.97696	3.97696
77400	3693_3_1_1	268.502	6.71256	6.71256
77400	3693_3_1_3_3	0	0	0
77400	3693_3_2_0	16.8093	4.20232	4.20232
77400	3693_3_2_1	60.9285	5.53895	5.53895
77400	3693_3_2_2	0	0	0
77400	3693_3_1_2_0	142.704	6.79541	6.79541
77400	3693_3_1_2_1	6.35695	3.17847	3.17847
77400	3693_3_2_3	11.9231	3.97438	3.97438
77400	3693_3_0_1	0	0	0
77400	3693_3_1_2_2	0	0	0
9900	3693_3_0_2	0	0	0
9900	3693_3_1_2_3	0	0	0
9900	3693_3_3_1	0	0	0
9900	3693_3_1_3_0	0	0	0
9900	3693_3_1_0	69.2563	6.92563	6.92563
9900	3693_3_1_3_1	5.1319	5.1319	5.1319
9900	3693_3_1_3_2	0	0	0
9900	3693_3_1_1	27.8838	5.57677	5.57677
9900	3693_3_1_3_3	0	0	0
9900	3693_3_2_0	0	0	0
9900	3693_3_2_1	0	0	0
9900	3693_3_2_2	0	0	0
9900	3693_3_1_2_0	0	0	0
9900	3693_3_1_2_1	0	0	0
9900	3693_3_2_3	0	0	0
9900	3693_3_0_1	0	0	0
9900	3693_3_1_2_2	0	0	0
9000	3693_3_0_2	0	0	0
9000	3693_3_1_2_3	0	0	0
9000	3693_3_3_1	0	0	0
9000	3693_3_1_3_0	0	0	0
9000	3693_3_1_0	88.7337	7.39447	7.39447
9000	3693_3_1_3_1	6.94908	6.94908	6.94908
9000	3693_3_1_3_2	0	0	0
9000	3693_3_1_1	27.8783	4.64638	4.64638
9000	3693_3_1_3_3	0	0	0
9000	3693_3_2_0	0	0	0
9000	3693_3_2_1	6.59596	3.29798	3.29798
9000	3693_3_2_2	0	0	0
9000	3693_3_1_2_0	14.8767	3.71917	3.71917
9000	3693_3_1_2_1	0	0	0
9000	3693_3_2_3	0	0	0
9000	3693_3_0_1	0	0	0
9000	3693_3_1_2_2	0	0	0
81000	3693_3_0_2	0	0	0
81000	3693_3_1_2_3	53.3705	5.33705	5.33705
81000	3693_3_3_1	0	0	0
81000	3693_3_1_3_0	0	0	0
81000	3693_3_1_0	175.705	6.50758	6.50758
81000	3693_3_1_3_1	195.413	6.73837	6.73837
81000	3693_3_1_3_2	14.6715	3.66787	3.66787
81000	3693_3_1_1	101.513	5.97137	5.97137
81000	3693_3_1_3_3	0	0	0
81000	3693_3_2_0	4.82737	4.82737	4.82737
81000	3693_3_2_1	7.33963	3.66981	3.66981
81000	3693_3_2_2	0	0	0
81000	3693_3_1_2_0	97.9485	6.99632	6.99632
81000	3693_3_1_2_1	0	0	0
81000	3693_3_2_3	3.06436	3.06436	3.06436
81000	3693_3_0_1	0	0	0
81000	3693_3_1_2_2	0	0	0
10800	3693_3_0_2	0	0	0
10800	3693_3_1_2_3	11.4528	3.81759	3.81759
10800	3693_3_3_1	0	0	0
10800	3693_3_1_3_0	0	0	0
10800	3693_3_1_0	69.4594	6.31449	6.31449
10800	3693_3_1_3_1	22.5697	4.51393	4.51393
10800	3693_3_1_3_2	0	0	0
10800	3693_3_1_1	6.42811	3.21405	3.21405
10800	3693_3_1_3_3	0	0	0
10800	3693_3_2_0	0	0	0
10800	3693_3_2_1	0	0	0
10800	3693_3_2_2	0	0	0
10800	3693_3_1_2_0	30.8324	4.40462	4.40462
10800	3693_3_1_2_1	0	0	0
10800	3693_3_2_3	0	0	0
10800	3693_3_0_1	0	0	0
10800	3693_3_1_2_2	0	0	0
35100	3693_3_0_2	72.835	4.85567	4.85567
35100	3693_3_1_2_3	1355.4	21.1782	21.1782
35100	3693_3_3_1	98.4061	5.7886	5.7886
35100	3693_3_1_3_0	22.4769	3.74615	3.74615
35100	3693_3_1_0	1856.17	14.8494	14.8494
35100	3693_3_1_3_1	2096.89	18.3938	18.3938
35100	3693_3_1_3_2	506.531	11.2562	11.2562
35100	3693_3_1_1	894.199	12.5943	12.5943
35100	3693_3_1_3_3	120.756	6.35555	6.35555
35100	3693_3_2_0	280.318	9.34393	9.34393
35100	3693_3_2_1	489.894	9.79788	9.79788
35100	3693_3_2_2	112.575	6.62204	6.62204
35100	3693_3_1_2_0	1497.63	16.6403	16.6403
35100	3693_3_1_2_1	107.193	6.30545	6.30545
35100	3693_3_2_3	165.719	7.53267	7.53267
35100	3693_3_0_1	0	0	0
35100	3693_3_1_2_2	15.6118	3.90294	3.90294
38700	3693_3_0_2	72.601	4.84007	4.84007
38700	3693_3_1_2_3	1345.24	19.783	19.783
38700	3693_3_3_1	99.0647	5.5036	5.5036
38700	3693_3_1_3_0	14.3811	3.59528	3.59528
38700	3693_3_1_0	1814.98	14.6369	14.6369
38700	3693_3_1_3_1	2063.22	17.7864	17.7864
38700	3693_3_1_3_2	520.383	10.8413	10.8413
38700	3693_3_1_1	871.006	12.2677	12.2677
38700	3693_3_1_3_3	114.183	6.34349	6.34349
38700	3693_3_2_0	282.238	7.83994	7.83994
38700	3693_3_2_1	482.388	10.7197	10.7197
38700	3693_3_2_2	109.091	6.41713	6.41713
38700	3693_3_1_2_0	1433.81	16.4806	16.4806
38700	3693_3_1_2_1	95.9696	5.64527	5.64527
38700	3693_3_2_3	130.546	8.15913	8.15913
38700	3693_3_0_1	0	0	0
38700	3693_3_1_2_2	26.0271	4.33786	4.33786
67500	3693_3_0_2	0	0	0
67500	3693_3_1_2_3	492.047	12.9486	12.9486
67500	3693_3_3_1	0	0	0
67500	3693_3_1_3_0	0	0	0
67500	3693_3_1_0	981.33	10.9037	10.9037
67500	3693_3_1_3_1	1240.34	13.9364	13.9364
67500	3693_3_1_3_2	261.48	7.47084	7.47084
67500	3693_3_1_1	440.746	9.37757	9.37757
67500	3693_3_1_3_3	12.723	3.18074	3.18074
67500	3693_3_2_0	98.1981	4.26948	4.26948
67500	3693_3_2_1	216.03	7.20099	7.20099
67500	3693_3_2_2	46.6841	3.89034	3.89034
67500	3693_3_1_2_0	654.271	13.3525	13.3525
67500	3693_3_1_2_1	29.8423	3.73029	3.73029
67500	3693_3_2_3	78.3167	4.60686	4.60686
67500	3693_3_0_1	0	0	0
67500	3693_3_1_2_2	0	0	0
42300	3693_3_0_2	29.4182	3.67727	3.67727
42300	3693_3_1_2_3	1241.31	20.3494	20.3494
42300	3693_3_3_1	55.7973	4.64978	4.64978
42300	3693_3_1_3_0	3.56456	3.56456	3.56456
42300	3693_3_1_0	1427.72	13.4691	13.4691
42300	3693_3_1_3_1	1542.93	16.771	16.771
42300	3693_3_1_3_2	413.989	10.6151	10.6151
42300	3693_3_1_1	697.422	12.6804	12.6804
42300	3693_3_1_3_3	78.384	5.2256	5.2256
42300	3693_3_2_0	217.173	8.3528	8.3528
42300	3693_3_2_1	356.323	8.90808	8.90808
42300	3693_3_2_2	67.9728	5.22868	5.22868
42300	3693_3_1_2_0	1218.63	15.2329	15.2329
42300	3693_3_1_2_1	70.2413	5.01724	5.01724
42300	3693_3_2_3	109.797	6.45866	6.45866
42300	3693_3_0_1	0	0	0
42300	3693_3_1_2_2	6.0751	3.03755	3.03755
3600	3693_3_0_2	0	0	0
3600	3693_3_1_2_3	7.23124	3.61562	3.61562
3600	3693_3_3_1	0	0	0
3600	3693_3_1_3_0	0	0	0
3600	3693_3_1_0	60.1867	5.47152	5.47152
3600	3693_3_1_3_1	23.8039	3.96731	3.96731
3600	3693_3_1_3_2	0	0	0
3600	3693_3_1_1	23.4936	3.91559	3.91559
3600	3693_3_1_3_3	0	0	0
3600	3693_3_2_0	0	0	0
3600	3693_3_2_1	0	0	0
3600	3693_3_2_2	0	0	0
3600	3693_3_1_2_0	5.12235	5.12235	5.12235
3600	3693_3_1_2_1	0	0	0
3600	3693_3_2_3	0	0	0
3600	3693_3_0_1	0	0	0
3600	3693_3_1_2_2	0	0	0
71100	3693_3_0_2	0	0	0
71100	3693_3_1_2_3	330.199	13.7583	13.7583
71100	3693_3_3_1	3.37797	3.37797	3.37797
71100	3693_3_1_3_0	0	0	0
71100	3693_3_1_0	517.171	10.7744	10.7744
71100	3693_3_1_3_1	719.603	10.1352	10.1352
71100	3693_3_1_3_2	130.763	5.68534	5.68534
71100	3693_3_1_1	306.331	8.75233	8.75233
71100	3693_3_1_3_3	0	0	0
71100	3693_3_2_0	20.2164	4.04327	4.04327
71100	3693_3_2_1	129.699	5.40411	5.40411
71100	3693_3_2_2	0	0	0
71100	3693_3_1_2_0	393.238	11.5658	11.5658
71100	3693_3_1_2_1	3.00234	3.00234	3.00234
71100	3693_3_2_3	37.9418	5.42025	5.42025
71100	3693_3_0_1	0	0	0
71100	3693_3_1_2_2	0	0	0
900	3693_3_0_2	0	0	0
900	3693_3_1_2_3	17.7783	4.44457	4.44457
900	3693_3_3_1	0	0	0
900	3693_3_1_3_0	0	0	0
900	3693_3_1_0	94.3273	6.28849	6.28849
900	3693_3_1_3_1	26.3123	3.75891	3.75891
900	3693_3_1_3_2	6.60399	3.302	3.302
900	3693_3_1_1	15.1382	3.78454	3.78454
900	3693_3_1_3_3	0	0	0
900	3693_3_2_0	0	0	0
900	3693_3_2_1	0	0	0
900	3693_3_2_2	0	0	0
900	3693_3_1_2_0	18.6795	3.73591	3.73591
900	3693_3_1_2_1	0	0	0
900	3693_3_2_3	0	0	0
900	3693_3_0_1	0	0	0
900	3693_3_1_2_2	0	0	0
6300	3693_3_0_2	0	0	0
6300	3693_3_1_2_3	5.53427	5.53427	5.53427
6300	3693_3_3_1	0	0	0
6300	3693_3_1_3_0	0	0	0
6300	3693_3_1_0	112.699	6.62933	6.62933
6300	3693_3_1_3_1	36.4116	5.20166	5.20166
6300	3693_3_1_3_2	0	0	0
6300	3693_3_1_1	19.3941	6.46471	6.46471
6300	3693_3_1_3_3	0	0	0
6300	3693_3_2_0	0	0	0
6300	3693_3_2_1	0	0	0
6300	3693_3_2_2	0	0	0
6300	3693_3_1_2_0	3.36597	3.36597	3.36597
6300	3693_3_1_2_1	0	0	0
6300	3693_3_2_3	0	0	0
6300	3693_3_0_1	0	0	0
6300	3693_3_1_2_2	0	0	0
28800	3693_3_0_2	25.0214	4.17023	4.17023
28800	3693_3_1_2_3	862.313	16.9081	16.9081
28800	3693_3_3_1	41.7559	4.17559	4.17559
28800	3693_3_1_3_0	0	0	0
28800	3693_3_1_0	1366.56	15.184	15.184
28800	3693_3_1_3_1	1288.34	14.1576	14.1576
28800	3693_3_1_3_2	299.304	9.06981	9.06981
28800	3693_3_1_1	571.057	13.2804	13.2804
28800	3693_3_1_3_3	51.9036	5.19036	5.19036
28800	3693_3_2_0	141.863	7.09314	7.09314
28800	3693_3_2_1	314.042	10.4681	10.4681
28800	3693_3_2_2	71.3569	5.94641	5.94641
28800	3693_3_1_2_0	860.235	16.8674	16.8674
28800	3693_3_1_2_1	52.991	4.41592	4.41592
28800	3693_3_2_3	121.187	6.73263	6.73263
28800	3693_3_0_1	0	0	0
28800	3693_3_1_2_2	6.3441	3.17205	3.17205
57600	3693_3_0_2	40.2854	4.02854	4.02854
57600	3693_3_1_2_3	890.634	16.8044	16.8044
57600	3693_3_3_1	48.3223	4.39294	4.39294
57600	3693_3_1_3_0	0	0	0
57600	3693_3_1_0	1580.72	12.8514	12.8514
57600	3693_3_1_3_1	1697.58	16.0149	16.0149
57600	3693_3_1_3_2	358.917	8.54564	8.54564
57600	3693_3_1_1	684.708	11.0437	11.0437
57600	3693_3_1_3_3	60.3659	4.64353	4.64353
57600	3693_3_2_0	154.986	5.961	5.961
57600	3693_3_2_1	401.484	9.79229	9.79229
57600	3693_3_2_2	93.1153	5.47737	5.47737
57600	3693_3_1_2_0	1173.88	13.9748	13.9748
57600	3693_3_1_2_1	66.6766	4.76261	4.76261
57600	3693_3_2_3	109.425	6.07918	6.07918
57600	3693_3_0_1	0	0	0
57600	3693_3_1_2_2	11.8561	3.95205	3.95205
32400	3693_3_0_2	49.9325	4.53932	4.53932
32400	3693_3_1_2_3	1263.6	22.1685	22.1685
32400	3693_3_3_1	57.1569	5.19609	5.19609
32400	3693_3_1_3_0	26.387	3.76957	3.76957
32400	3693_3_1_0	1702.49	16.529	16.529
32400	3693_3_1_3_1	1892.61	16.4575	16.4575
32400	3693_3_1_3_2	481.469	10.244	10.244
32400	3693_3_1_1	882.929	12.4356	12.4356
32400	3693_3_1_3_3	105.517	6.20687	6.20687
32400	3693_3_2_0	228.912	8.17542	8.17542
32400	3693_3_2_1	429.636	10.7409	10.7409
32400	3693_3_2_2	111.35	6.55	6.55
32400	3693_3_1_2_0	1295.06	17.7406	17.7406
32400	3693_3_1_2_1	92.2825	6.15217	6.15217
32400	3693_3_2_3	166.713	6.94637	6.94637
32400	3693_3_0_1	3.29633	3.29633	3.29633
32400	3693_3_1_2_2	32.3138	4.61625	4.61625
61200	3693_3_0_2	19.0485	3.8097	3.8097
61200	3693_3_1_2_3	814.548	15.0842	15.0842
61200	3693_3_3_1	29.2535	3.65669	3.65669
61200	3693_3_1_3_0	0	0	0
61200	3693_3_1_0	1642.46	12.8317	12.8317
61200	3693_3_1_3_1	1846.17	16.0537	16.0537
61200	3693_3_1_3_2	455.344	8.5914	8.5914
61200	3693_3_1_1	722.847	9.26727	9.26727
61200	3693_3_1_3_3	32.8051	4.10064	4.10064
61200	3693_3_2_0	169.024	5.45238	5.45238
61200	3693_3_2_1	437.228	9.30273	9.30273
61200	3693_3_2_2	82.7793	5.17371	5.17371
61200	3693_3_1_2_0	1181.09	15.1421	15.1421
61200	3693_3_1_2_1	68.4949	4.89249	4.89249
61200	3693_3_2_3	105.463	6.20369	6.20369
61200	3693_3_0_1	0	0	0
61200	3693_3_1_2_2	15.1591	5.05302	5.05302
64800	3693_3_0_2	10.9529	3.65096	3.65096
64800	3693_3_1_2_3	680.004	13.6001	13.6001
64800	3693_3_3_1	18.7852	3.75704	3.75704
64800	3693_3_1_3_0	3.62485	3.62485	3.62485
64800	3693_3_1_0	1442.59	12.3298	12.3298
64800	3693_3_1_3_1	1695.24	15.2724	15.2724
64800	3693_3_1_3_2	366.314	8.9345	8.9345
64800	3693_3_1_1	635.847	10.5974	10.5974
64800	3693_3_1_3_3	29.7762	3.72202	3.72202
64800	3693_3_2_0	152.89	5.09634	5.09634
64800	3693_3_2_1	311.496	7.98707	7.98707
64800	3693_3_2_2	58.4143	4.49341	4.49341
64800	3693_3_1_2_0	935.869	14.1798	14.1798
64800	3693_3_1_2_1	49.5692	4.13076	4.13076
64800	3693_3_2_3	88.4862	5.89908	5.89908
64800	3693_3_0_1	0	0	0
64800	3693_3_1_2_2	4.00649	4.00649	4.00649
18900	3693_3_0_2	0	0	0
18900	3693_3_1_2_3	43.8266	6.26094	6.26094
18900	3693_3_3_1	0	0	0
18900	3693_3_1_3_0	0	0	0
18900	3693_3_1_0	140.806	8.28268	8.28268
18900	3693_3_1_3_1	34.7597	4.96567	4.96567
18900	3693_3_1_3_2	0	0	0
18900	3693_3_1_1	37.9089	5.41556	5.41556
18900	3693_3_1_3_3	0	0	0
18900	3693_3_2_0	0	0	0
18900	3693_3_2_1	18.7484	4.68711	4.68711
18900	3693_3_2_2	0	0	0
18900	3693_3_1_2_0	50.8106	5.64562	5.64562
18900	3693_3_1_2_1	0	0	0
18900	3693_3_2_3	0	0	0
18900	3693_3_0_1	0	0	0
18900	3693_3_1_2_2	0	0	0
22500	3693_3_0_2	0	0	0
22500	3693_3_1_2_3	174.352	10.897	10.897
22500	3693_3_3_1	0	0	0
22500	3693_3_1_3_0	0	0	0
22500	3693_3_1_0	376.566	12.1473	12.1473
22500	3693_3_1_3_1	244.695	9.41136	9.41136
22500	3693_3_1_3_2	41.2415	5.15518	5.15518
22500	3693_3_1_1	133.365	8.89097	8.89097
22500	3693_3_1_3_3	0	0	0
22500	3693_3_2_0	9.0753	4.53765	4.53765
22500	3693_3_2_1	62.0926	6.20926	6.20926
22500	3693_3_2_2	3.0061	3.0061	3.0061
22500	3693_3_1_2_0	173.951	8.69754	8.69754
22500	3693_3_1_2_1	7.32923	3.66461	3.66461
22500	3693_3_2_3	18.9983	4.74958	4.74958
22500	3693_3_0_1	0	0	0
22500	3693_3_1_2_2	0	0	0
18000	3693_3_0_2	0	0	0
18000	3693_3_1_2_3	48.4253	4.84253	4.84253
18000	3693_3_3_1	0	0	0
18000	3693_3_1_3_0	0	0	0
18000	3693_3_1_0	115.946	8.28187	8.28187
18000	3693_3_1_3_1	43.9948	4.88831	4.88831
18000	3693_3_1_3_2	0	0	0
18000	3693_3_1_1	13.5383	4.51278	4.51278
18000	3693_3_1_3_3	0	0	0
18000	3693_3_2_0	7.57778	3.78889	3.78889
18000	3693_3_2_1	6.07061	3.03531	3.03531
18000	3693_3_2_2	0	0	0
18000	3693_3_1_2_0	57.0604	5.70604	5.70604
18000	3693_3_1_2_1	0	0	0
18000	3693_3_2_3	0	0	0
18000	3693_3_0_1	0	0	0
18000	3693_3_1_2_2	0	0	0
51300	3693_3_0_2	12.965	3.24126	3.24126
51300	3693_3_1_2_3	1016.12	20.7372	20.7372
51300	3693_3_3_1	42.7977	3.8907	3.8907
51300	3693_3_1_3_0	3.14164	3.14164	3.14164
51300	3693_3_1_0	1269.8	11.9792	11.9792
51300	3693_3_1_3_1	1348.23	14.4971	14.4971
51300	3693_3_1_3_2	333.47	8.13341	8.13341
51300	3693_3_1_1	553.052	9.06643	9.06643
51300	3693_3_1_3_3	68.6378	4.28986	4.28986
51300	3693_3_2_0	139.982	6.99908	6.99908
51300	3693_3_2_1	301.005	9.12135	9.12135
51300	3693_3_2_2	48.9601	4.08001	4.08001
51300	3693_3_1_2_0	1097.4	15.4563	15.4563
51300	3693_3_1_2_1	45.7985	4.57985	4.57985
51300	3693_3_2_3	81.72	5.83714	5.83714
51300	3693_3_0_1	0	0	0
51300	3693_3_1_2_2	0	0	0
0	3693_3_0_2	0	0	0
0	3693_3_1_2_3	14.1261	4.70871	4.70871
0	3693_3_3_1	0	0	0
0	3693_3_1_3_0	0	0	0
0	3693_3_1_0	68.4986	5.70821	5.70821
0	3693_3_1_3_1	35.7479	5.10685	5.10685
0	3693_3_1_3_2	0	0	0
0	3693_3_1_1	30.6816	3.8352	3.8352
0	3693_3_1_3_3	0	0	0
0	3693_3_2_0	0	0	0
0	3693_3_2_1	0	0	0
0	3693_3_2_2	0	0	0
0	3693_3_1_2_0	22.4881	3.74801	3.74801
0	3693_3_1_2_1	0	0	0
0	3693_3_2_3	0	0	0
0	3693_3_0_1	0	0	0
0	3693_3_1_2_2	0	0	0
54900	3693_3_0_2	34.2031	3.80034	3.80034
54900	3693_3_1_2_3	1034.65	17.8388	17.8388
54900	3693_3_3_1	50.8079	4.23399	4.23399
54900	3693_3_1_3_0	0	0	0
54900	3693_3_1_0	1376.5	11.5672	11.5672
54900	3693_3_1_3_1	1487.3	15.6558	15.6558
54900	3693_3_1_3_2	371.481	9.06051	9.06051
54900	3693_3_1_1	593.918	10.24	10.24
54900	3693_3_1_3_3	58.3576	4.48904	4.48904
54900	3693_3_2_0	147.307	6.40467	6.40467
54900	3693_3_2_1	331.986	9.7643	9.7643
54900	3693_3_2_2	73.5221	4.90148	4.90148
54900	3693_3_1_2_0	1161.49	15.2827	15.2827
54900	3693_3_1_2_1	84.7879	4.98752	4.98752
54900	3693_3_2_3	84.8779	6.06271	6.06271
54900	3693_3_0_1	0	0	0
54900	3693_3_1_2_2	11.2496	3.74988	3.74988
79200	3693_3_0_2	0	0	0
79200	3693_3_1_2_3	86.2904	5.75269	5.75269
79200	3693_3_3_1	0	0	0
79200	3693_3_1_3_0	0	0	0
79200	3693_3_1_0	200.396	7.42208	7.42208
79200	3693_3_1_3_1	219.57	6.45795	6.45795
79200	3693_3_1_3_2	23.0911	3.84852	3.84852
79200	3693_3_1_1	159.707	4.99085	4.99085
79200	3693_3_1_3_3	0	0	0
79200	3693_3_2_0	3.82996	3.82996	3.82996
79200	3693_3_2_1	18.9164	3.78328	3.78328
79200	3693_3_2_2	3.8932	3.8932	3.8932
79200	3693_3_1_2_0	159.556	6.64818	6.64818
79200	3693_3_1_2_1	0	0	0
79200	3693_3_2_3	0	0	0
79200	3693_3_0_1	0	0	0
79200	3693_3_1_2_2	0	0	0
83700	3693_3_0_2	0	0	0
83700	3693_3_1_2_3	42.126	4.68067	4.68067
83700	3693_3_3_1	0	0	0
83700	3693_3_1_3_0	0	0	0
83700	3693_3_1_0	112.866	5.94033	5.94033
83700	3693_3_1_3_1	97.0454	5.70855	5.70855
83700	3693_3_1_3_2	7.97566	3.98783	3.98783
83700	3693_3_1_1	55.2972	5.02702	5.02702
83700	3693_3_1_3_3	0	0	0
83700	3693_3_2_0	0	0	0
83700	3693_3_2_1	0	0	0
83700	3693_3_2_2	0	0	0
83700	3693_3_1_2_0	70.6178	5.43214	5.43214
83700	3693_3_1_2_1	0	0	0
83700	3693_3_2_3	3.29436	3.29436	3.29436
83700	3693_3_0_1	0	0	0
83700	3693_3_1_2_2	0	0	0
25200	3693_3_0_2	6.7239	3.36195	3.36195
25200	3693_3_1_2_3	445.057	16.4836	16.4836
25200	3693_3_3_1	3.77316	3.77316	3.77316
25200	3693_3_1_3_0	0	0	0
25200	3693_3_1_0	741.016	14.8203	14.8203
25200	3693_3_1_3_1	615.354	10.9885	10.9885
25200	3693_3_1_3_2	139.621	6.34641	6.34641
25200	3693_3_1_1	340.797	12.1713	12.1713
25200	3693_3_1_3_3	17.3742	4.34356	4.34356
25200	3693_3_2_0	61.4615	5.12179	5.12179
25200	3693_3_2_1	151.073	7.55363	7.55363
25200	3693_3_2_2	19.9744	4.99359	4.99359
25200	3693_3_1_2_0	424.964	13.2801	13.2801
25200	3693_3_1_2_1	16.6941	4.17353	4.17353
25200	3693_3_2_3	62.6984	5.69986	5.69986
25200	3693_3_0_1	0	0	0
25200	3693_3_1_2_2	15.9499	3.98749	3.98749
54000	3693_3_0_2	21.9378	3.65629	3.65629
54000	3693_3_1_2_3	1007.07	17.069	17.069
54000	3693_3_3_1	44.7959	4.07235	4.07235
54000	3693_3_1_3_0	0	0	0
54000	3693_3_1_0	1404.92	12.6569	12.6569
54000	3693_3_1_3_1	1396.39	13.8257	13.8257
54000	3693_3_1_3_2	366.93	8.53326	8.53326
54000	3693_3_1_1	634.34	10.9369	10.9369
54000	3693_3_1_3_3	47.8486	4.78486	4.78486
54000	3693_3_2_0	159.654	6.38617	6.38617
54000	3693_3_2_1	389.959	9.28473	9.28473
54000	3693_3_2_2	90.643	6.04287	6.04287
54000	3693_3_1_2_0	1112.21	15.8887	15.8887
54000	3693_3_1_2_1	69.4261	4.959	4.959
54000	3693_3_2_3	104.226	6.51414	6.51414
54000	3693_3_0_1	0	0	0
54000	3693_3_1_2_2	11.2242	3.7414	3.7414
12600	3693_3_0_2	0	0	0
12600	3693_3_1_2_3	0	0	0
12600	3693_3_3_1	0	0	0
12600	3693_3_1_3_0	0	0	0
12600	3693_3_1_0	64.5387	5.37823	5.37823
12600	3693_3_1_3_1	6.9253	3.46265	3.46265
12600	3693_3_1_3_2	0	0	0
12600	3693_3_1_1	18.2927	3.65854	3.65854
12600	3693_3_1_3_3	0	0	0
12600	3693_3_2_0	0	0	0
12600	3693_3_2_1	3.46233	3.46233	3.46233
12600	3693_3_2_2	0	0	0
12600	3693_3_1_2_0	11.2506	3.75021	3.75021
12600	3693_3_1_2_1	0	0	0
12600	3693_3_2_3	0	0	0
12600	3693_3_0_1	0	0	0
12600	3693_3_1_2_2	0	0	0
15300	3693_3_0_2	0	0	0
15300	3693_3_1_2_3	23.1398	3.85663	3.85663
15300	3693_3_3_1	0	0	0
15300	3693_3_1_3_0	0	0	0
15300	3693_3_1_0	69.0401	6.27637	6.27637
15300	3693_3_1_3_1	16.5427	3.30853	3.30853
15300	3693_3_1_3_2	6.50658	3.25329	3.25329
15300	3693_3_1_1	7.92126	3.96063	3.96063
15300	3693_3_1_3_3	0	0	0
15300	3693_3_2_0	0	0	0
15300	3693_3_2_1	0	0	0
15300	3693_3_2_2	0	0	0
15300	3693_3_1_2_0	23.7396	3.95661	3.95661
15300	3693_3_1_2_1	0	0	0
15300	3693_3_2_3	0	0	0
15300	3693_3_0_1	0	0	0
15300	3693_3_1_2_2	0	0	0
44100	3693_3_0_2	19.1434	3.82868	3.82868
44100	3693_3_1_2_3	1037.18	18.5211	18.5211
44100	3693_3_3_1	50.6591	4.22159	4.22159
44100	3693_3_1_3_0	0	0	0
44100	3693_3_1_0	1394.95	13.0369	13.0369
44100	3693_3_1_3_1	1387.81	14.9227	14.9227
44100	3693_3_1_3_2	321.254	9.44866	9.44866
44100	3693_3_1_1	631.288	11.9111	11.9111
44100	3693_3_1_3_3	62.0719	4.77476	4.77476
44100	3693_3_2_0	184.912	7.11201	7.11201
44100	3693_3_2_1	280.276	10.0098	10.0098
44100	3693_3_2_2	50.2227	4.18523	4.18523
44100	3693_3_1_2_0	1173.23	17.0033	17.0033
44100	3693_3_1_2_1	50.5577	4.59615	4.59615
44100	3693_3_2_3	92.7529	6.18352	6.18352
44100	3693_3_0_1	0	0	0
44100	3693_3_1_2_2	11.2334	3.74447	3.74447
47700	3693_3_0_2	11.2256	3.74186	3.74186
47700	3693_3_1_2_3	1045.62	19.0113	19.0113
47700	3693_3_3_1	49.7972	4.14977	4.14977
47700	3693_3_1_3_0	0	0	0
47700	3693_3_1_0	1181.53	12.9838	12.9838
47700	3693_3_1_3_1	1236.81	13.5913	13.5913
47700	3693_3_1_3_2	287.07	8.69908	8.69908
47700	3693_3_1_1	494.879	10.0996	10.0996
47700	3693_3_1_3_3	61.3367	4.38119	4.38119
47700	3693_3_2_0	150.56	7.52802	7.52802
47700	3693_3_2_1	275.018	8.87153	8.87153
47700	3693_3_2_2	56.3047	4.69206	4.69206
47700	3693_3_1_2_0	1092.54	16.8083	16.8083
47700	3693_3_1_2_1	60.0801	5.46183	5.46183
47700	3693_3_2_3	99.6507	5.86181	5.86181
47700	3693_3_0_1	0	0	0
47700	3693_3_1_2_2	13.0263	4.34211	4.34211
76500	3693_3_0_2	0	0	0
76500	3693_3_1_2_3	146.986	8.16588	8.16588
76500	3693_3_3_1	0	0	0
76500	3693_3_1_3_0	0	0	0
76500	3693_3_1_0	263.164	7.51896	7.51896
76500	3693_3_1_3_1	311.202	7.59029	7.59029
76500	3693_3_1_3_2	38.3639	4.26266	4.26266
76500	3693_3_1_1	222.019	6.00053	6.00053
76500	3693_3_1_3_3	0	0	0
76500	3693_3_2_0	3.5776	3.5776	3.5776
76500	3693_3_2_1	30.7181	4.3883	4.3883
76500	3693_3_2_2	3.24261	3.24261	3.24261
76500	3693_3_1_2_0	202.502	9.64296	9.64296
76500	3693_3_1_2_1	0	0	0
76500	3693_3_2_3	20.4253	4.08506	4.08506
76500	3693_3_0_1	0	0	0
76500	3693_3_1_2_2	0	0	0
8100	3693_3_0_2	0	0	0
8100	3693_3_1_2_3	3	3	3
8100	3693_3_3_1	0	0	0
8100	3693_3_1_3_0	0	0	0
8100	3693_3_1_0	72.1036	7.21036	7.21036
8100	3693_3_1_3_1	22.8167	5.70417	5.70417
8100	3693_3_1_3_2	0	0	0
8100	3693_3_1_1	3.32681	3.32681	3.32681
8100	3693_3_1_3_3	0	0	0
8100	3693_3_2_0	0	0	0
8100	3693_3_2_1	0	0	0
8100	3693_3_2_2	0	0	0
8100	3693_3_1_2_0	9.80063	4.90032	4.90032
8100	3693_3_1_2_1	0	0	0
8100	3693_3_2_3	3.20611	3.20611	3.20611
8100	3693_3_0_1	0	0	0
8100	3693_3_1_2_2	0	0	0
80100	3693_3_0_2	0	0	0
80100	3693_3_1_2_3	85.3167	6.09405	6.09405
80100	3693_3_3_1	0	0	0
80100	3693_3_1_3_0	0	0	0
80100	3693_3_1_0	195.433	8.88331	8.88331
80100	3693_3_1_3_1	180.852	6.69821	6.69821
80100	3693_3_1_3_2	19.9031	3.98063	3.98063
80100	3693_3_1_1	120.774	5.25105	5.25105
80100	3693_3_1_3_3	0	0	0
80100	3693_3_2_0	3.57526	3.57526	3.57526
80100	3693_3_2_1	14.1251	4.70837	4.70837
80100	3693_3_2_2	0	0	0
80100	3693_3_1_2_0	121.718	6.76211	6.76211
80100	3693_3_1_2_1	0	0	0
80100	3693_3_2_3	0	0	0
80100	3693_3_0_1	0	0	0
80100	3693_3_1_2_2	0	0	0
34200	3693_3_0_2	63.9456	4.91889	4.91889
34200	3693_3_1_2_3	1241.53	19.3989	19.3989
34200	3693_3_3_1	93.7039	5.512	5.512
34200	3693_3_1_3_0	22.4684	3.74473	3.74473
34200	3693_3_1_0	1866.3	15.5525	15.5525
34200	3693_3_1_3_1	2087.7	19.6952	19.6952
34200	3693_3_1_3_2	489.537	10.6421	10.6421
34200	3693_3_1_1	863.59	11.5145	11.5145
34200	3693_3_1_3_3	103.898	6.11163	6.11163
34200	3693_3_2_0	252.395	7.88734	7.88734
34200	3693_3_2_1	435.638	10.891	10.891
34200	3693_3_2_2	95.1222	5.94514	5.94514
34200	3693_3_1_2_0	1424.64	16.7604	16.7604
34200	3693_3_1_2_1	92.8663	5.80415	5.80415
34200	3693_3_2_3	129.959	7.64463	7.64463
34200	3693_3_0_1	0	0	0
34200	3693_3_1_2_2	15.258	3.81451	3.81451
37800	3693_3_0_2	77.863	4.09805	4.09805
37800	3693_3_1_2_3	1376.42	18.855	18.855
37800	3693_3_3_1	102.188	5.37832	5.37832
37800	3693_3_1_3_0	17.3351	3.46701	3.46701
37800	3693_3_1_0	1871.69	15.3417	15.3417
37800	3693_3_1_3_1	2165.51	18.8305	18.8305
37800	3693_3_1_3_2	532.399	11.3276	11.3276
37800	3693_3_1_1	856.494	11.2697	11.2697
37800	3693_3_1_3_3	124.59	6.2295	6.2295
37800	3693_3_2_0	267.931	8.64293	8.64293
37800	3693_3_2_1	474.303	9.88132	9.88132
37800	3693_3_2_2	84.2523	5.61682	5.61682
37800	3693_3_1_2_0	1505.54	15.8478	15.8478
37800	3693_3_1_2_1	106.193	6.24662	6.24662
37800	3693_3_2_3	151.962	7.59812	7.59812
37800	3693_3_0_1	0	0	0
37800	3693_3_1_2_2	37.6831	4.18701	4.18701
66600	3693_3_0_2	0	0	0
66600	3693_3_1_2_3	581.665	14.187	14.187
66600	3693_3_3_1	17.0538	3.41076	3.41076
66600	3693_3_1_3_0	0	0	0
66600	3693_3_1_0	1072.92	10.8376	10.8376
66600	3693_3_1_3_1	1451.44	14.9633	14.9633
66600	3693_3_1_3_2	318.815	8.17475	8.17475
66600	3693_3_1_1	530.814	8.56151	8.56151
66600	3693_3_1_3_3	8.81535	4.40768	4.40768
66600	3693_3_2_0	105.172	5.25861	5.25861
66600	3693_3_2_1	247.173	8.82762	8.82762
66600	3693_3_2_2	34.361	4.29512	4.29512
66600	3693_3_1_2_0	783.234	13.741	13.741
66600	3693_3_1_2_1	47.0046	3.91705	3.91705
66600	3693_3_2_3	67.453	5.62109	5.62109
66600	3693_3_0_1	0	0	0
66600	3693_3_1_2_2	0	0	0
41400	3693_3_0_2	64.288	4.28586	4.28586
41400	3693_3_1_2_3	1240.73	20.3398	20.3398
41400	3693_3_3_1	75.3044	4.70653	4.70653
41400	3693_3_1_3_0	12.5856	4.19521	4.19521
41400	3693_3_1_0	1612.17	14.7906	14.7906
41400	3693_3_1_3_1	1734.49	16.3631	16.3631
41400	3693_3_1_3_2	439.935	8.97827	8.97827
41400	3693_3_1_1	678.107	12.3292	12.3292
41400	3693_3_1_3_3	98.6495	5.48053	5.48053
41400	3693_3_2_0	222.078	8.22509	8.22509
41400	3693_3_2_1	355.307	10.1516	10.1516
41400	3693_3_2_2	68.26	5.25077	5.25077
41400	3693_3_1_2_0	1232.64	16.8854	16.8854
41400	3693_3_1_2_1	82.4679	4.85106	4.85106
41400	3693_3_2_3	116.721	6.4845	6.4845
41400	3693_3_0_1	0	0	0
41400	3693_3_1_2_2	22.3974	3.73289	3.73289
70200	3693_3_0_2	0	0	0
70200	3693_3_1_2_3	379.333	14.5897	14.5897
70200	3693_3_3_1	3.32532	3.32532	3.32532
70200	3693_3_1_3_0	0	0	0
70200	3693_3_1_0	563.719	9.8898	9.8898
70200	3693_3_1_3_1	808.94	11.7238	11.7238
70200	3693_3_1_3_2	159.495	6.64563	6.64563
70200	3693_3_1_1	300.248	7.50619	7.50619
70200	3693_3_1_3_3	0	0	0
70200	3693_3_2_0	57.7876	4.4452	4.4452
70200	3693_3_2_1	161.083	7.00362	7.00362
70200	3693_3_2_2	14.9461	3.73653	3.73653
70200	3693_3_1_2_0	440.194	11.0049	11.0049
70200	3693_3_1_2_1	3.41396	3.41396	3.41396
70200	3693_3_2_3	45.6867	4.56867	4.56867
70200	3693_3_0_1	0	0	0
70200	3693_3_1_2_2	0	0	0
2700	3693_3_0_2	0	0	0
2700	3693_3_1_2_3	0	0	0
2700	3693_3_3_1	0	0	0
2700	3693_3_1_3_0	0	0	0
2700	3693_3_1_0	65.9419	5.49516	5.49516
2700	3693_3_1_3_1	11.7208	3.90693	3.90693
2700	3693_3_1_3_2	0	0	0
2700	3693_3_1_1	13.686	4.56199	4.56199
2700	3693_3_1_3_3	0	0	0
2700	3693_3_2_0	0	0	0
2700	3693_3_2_1	0	0	0
2700	3693_3_2_2	0	0	0
2700	3693_3_1_2_0	15.5406	3.88514	3.88514
2700	3693_3_1_2_1	0	0	0
2700	3693_3_2_3	0	0	0
2700	3693_3_0_1	0	0	0
2700	3693_3_1_2_2	0	0	0
73800	3693_3_0_2	0	0	0
73800	3693_3_1_2_3	192.766	9.17935	9.17935
73800	3693_3_3_1	0	0	0
73800	3693_3_1_3_0	0	0	0
73800	3693_3_1_0	348.006	8.92322	8.92322
73800	3693_3_1_3_1	458.012	9.54191	9.54191
73800	3693_3_1_3_2	95.9511	5.33062	5.33062
73800	3693_3_1_1	266.765	6.20383	6.20383
73800	3693_3_1_3_3	0	0	0
73800	3693_3_2_0	8.87642	4.43821	4.43821
73800	3693_3_2_1	85.0818	5.00481	5.00481
73800	3693_3_2_2	8.63748	4.31874	4.31874
73800	3693_3_1_2_0	283.503	9.45011	9.45011
73800	3693_3_1_2_1	3.36005	3.36005	3.36005
73800	3693_3_2_3	8.61071	4.30535	4.30535
73800	3693_3_0_1	0	0	0
73800	3693_3_1_2_2	0	0	0
69300	3693_3_0_2	3.12204	3.12204	3.12204
69300	3693_3_1_2_3	382.211	14.156	14.156
69300	3693_3_3_1	3.10403	3.10403	3.10403
69300	3693_3_1_3_0	0	0	0
69300	3693_3_1_0	665.602	9.78826	9.78826
69300	3693_3_1_3_1	975.752	11.8994	11.8994
69300	3693_3_1_3_2	208.571	6.95237	6.95237
69300	3693_3_1_1	303.235	7.39599	7.39599
69300	3693_3_1_3_3	3.92307	3.92307	3.92307
69300	3693_3_2_0	54.8501	4.21924	4.21924
69300	3693_3_2_1	174.342	7.26425	7.26425
69300	3693_3_2_2	22.3007	4.46013	4.46013
69300	3693_3_1_2_0	452.46	12.2287	12.2287
69300	3693_3_1_2_1	14.1919	3.54797	3.54797
69300	3693_3_2_3	57.2414	4.40318	4.40318
69300	3693_3_0_1	0	0	0
69300	3693_3_1_2_2	0	0	0
5400	3693_3_0_2	0	0	0
5400	3693_3_1_2_3	12.71	4.23665	4.23665
5400	3693_3_3_1	0	0	0
5400	3693_3_1_3_0	0	0	0
5400	3693_3_1_0	55.0739	5.00672	5.00672
5400	3693_3_1_3_1	29.1857	4.86428	4.86428
5400	3693_3_1_3_2	0	0	0
5400	3693_3_1_1	17.9871	4.49679	4.49679
5400	3693_3_1_3_3	0	0	0
5400	3693_3_2_0	0	0	0
5400	3693_3_2_1	0	0	0
5400	3693_3_2_2	0	0	0
5400	3693_3_1_2_0	21.7138	4.34275	4.34275
5400	3693_3_1_2_1	0	0	0
5400	3693_3_2_3	0	0	0
5400	3693_3_0_1	0	0	0
5400	3693_3_1_2_2	0	0	0
27900	3693_3_0_2	30.1442	4.30631	4.30631
27900	3693_3_1_2_3	740.853	18.0696	18.0696
27900	3693_3_3_1	33.1864	4.14829	4.14829
27900	3693_3_1_3_0	3.67241	3.67241	3.67241
27900	3693_3_1_0	1250.59	13.7427	13.7427
27900	3693_3_1_3_1	1169.92	13.6037	13.6037
27900	3693_3_1_3_2	282.783	8.83696	8.83696
27900	3693_3_1_1	532.987	14.4051	14.4051
27900	3693_3_1_3_3	57.2222	5.20202	5.20202
27900	3693_3_2_0	134.125	6.0966	6.0966
27900	3693_3_2_1	264.33	9.11482	9.11482
27900	3693_3_2_2	66.8921	5.14554	5.14554
27900	3693_3_1_2_0	790.513	16.469	16.469
27900	3693_3_1_2_1	45.8654	4.58654	4.58654
27900	3693_3_2_3	86.8487	7.2374	7.2374
27900	3693_3_0_1	0	0	0
27900	3693_3_1_2_2	6.9487	3.47435	3.47435
31500	3693_3_0_2	48.7347	4.87347	4.87347
31500	3693_3_1_2_3	1174.6	19.9084	19.9084
31500	3693_3_3_1	66.4427	5.11098	5.11098
31500	3693_3_1_3_0	13.2409	3.31023	3.31023
31500	3693_3_1_0	1728.24	16.4594	16.4594
31500	3693_3_1_3_1	1786.31	18.4156	18.4156
31500	3693_3_1_3_2	460.78	10.4723	10.4723
31500	3693_3_1_1	741.256	12.1517	12.1517
31500	3693_3_1_3_3	84.8413	6.06009	6.06009
31500	3693_3_2_0	215.331	7.1777	7.1777
31500	3693_3_2_1	404.92	10.3826	10.3826
31500	3693_3_2_2	116.697	6.48315	6.48315
31500	3693_3_1_2_0	1250.13	18.9414	18.9414
31500	3693_3_1_2_1	99.4504	6.21565	6.21565
31500	3693_3_2_3	150.083	7.50413	7.50413
31500	3693_3_0_1	3.7093	3.7093	3.7093
31500	3693_3_1_2_2	30.0591	5.00985	5.00985
27000	3693_3_0_2	14.533	3.63324	3.63324
27000	3693_3_1_2_3	580.817	16.5948	16.5948
27000	3693_3_3_1	13.1221	3.28053	3.28053
27000	3693_3_1_3_0	0	0	0
27000	3693_3_1_0	1017.81	13.3922	13.3922
27000	3693_3_1_3_1	867.708	12.9509	12.9509
27000	3693_3_1_3_2	192.562	7.70247	7.70247
27000	3693_3_1_1	501.356	12.5339	12.5339
27000	3693_3_1_3_3	39.2402	4.36003	4.36003
27000	3693_3_2_0	83.2835	5.94882	5.94882
27000	3693_3_2_1	217.68	11.4568	11.4568
27000	3693_3_2_2	55.0483	5.00439	5.00439
27000	3693_3_1_2_0	600.837	14.6546	14.6546
27000	3693_3_1_2_1	36.834	4.09267	4.09267
27000	3693_3_2_3	80.7469	6.2113	6.2113
27000	3693_3_0_1	0	0	0
27000	3693_3_1_2_2	13.194	4.39799	4.39799
60300	3693_3_0_2	23.5323	3.92205	3.92205
60300	3693_3_1_2_3	860.627	15.9375	15.9375
60300	3693_3_3_1	60.4707	4.31934	4.31934
60300	3693_3_1_3_0	3.19827	3.19827	3.19827
60300	3693_3_1_0	1596.73	12.7738	12.7738
60300	3693_3_1_3_1	1749.47	16.3502	16.3502
60300	3693_3_1_3_2	411.593	8.75731	8.75731
60300	3693_3_1_1	724.635	9.41085	9.41085
60300	3693_3_1_3_3	65.1929	4.34619	4.34619
60300	3693_3_2_0	176.606	5.88687	5.88687
60300	3693_3_2_1	418.947	9.10754	9.10754
60300	3693_3_2_2	82.567	5.50446	5.50446
60300	3693_3_1_2_0	1122.11	16.2625	16.2625
60300	3693_3_1_2_1	65.1616	4.6544	4.6544
60300	3693_3_2_3	118.268	6.22464	6.22464
60300	3693_3_0_1	0	0	0
60300	3693_3_1_2_2	15.5314	3.88286	3.88286
63900	3693_3_0_2	10.2447	3.41489	3.41489
63900	3693_3_1_2_3	706.158	15.3513	15.3513
63900	3693_3_3_1	29.4162	4.20231	4.20231
63900	3693_3_1_3_0	0	0	0
63900	3693_3_1_0	1473.63	10.9972	10.9972
63900	3693_3_1_3_1	1686.76	16.7006	16.7006
63900	3693_3_1_3_2	393.035	8.93261	8.93261
63900	3693_3_1_1	681.226	10.3216	10.3216
63900	3693_3_1_3_3	32.5325	3.61472	3.61472
63900	3693_3_2_0	169.06	5.82966	5.82966
63900	3693_3_2_1	376.011	9.64132	9.64132
63900	3693_3_2_2	83.1241	5.54161	5.54161
63900	3693_3_1_2_0	1009.08	14.4154	14.4154
63900	3693_3_1_2_1	44.1172	4.01066	4.01066
63900	3693_3_2_3	108.987	6.05486	6.05486
63900	3693_3_0_1	0	0	0
63900	3693_3_1_2_2	0	0	0
59400	3693_3_0_2	19.5479	3.90958	3.90958
59400	3693_3_1_2_3	804.926	15.4793	15.4793
59400	3693_3_3_1	39.1363	3.91363	3.91363
59400	3693_3_1_3_0	0	0	0
59400	3693_3_1_0	1544.72	12.8727	12.8727
59400	3693_3_1_3_1	1724.71	16.2709	16.2709
59400	3693_3_1_3_2	399.88	9.08819	9.08819
59400	3693_3_1_1	646.504	10.4275	10.4275
59400	3693_3_1_3_3	69.7	4.64667	4.64667
59400	3693_3_2_0	185.197	6.38612	6.38612
59400	3693_3_2_1	374.147	9.12552	9.12552
59400	3693_3_2_2	70.6091	5.0435	5.0435
59400	3693_3_1_2_0	1148.18	14.7203	14.7203
59400	3693_3_1_2_1	89.9525	5.29133	5.29133
59400	3693_3_2_3	89.9545	5.62216	5.62216
59400	3693_3_0_1	0	0	0
59400	3693_3_1_2_2	26.7464	3.82092	3.82092
63000	3693_3_0_2	24.4058	4.06763	4.06763
63000	3693_3_1_2_3	777.053	17.2678	17.2678
63000	3693_3_3_1	47.4308	4.31189	4.31189
63000	3693_3_1_3_0	6.76704	3.38352	3.38352
63000	3693_3_1_0	1562.6	12.8082	12.8082
63000	3693_3_1_3_1	1776.28	16.4471	16.4471
63000	3693_3_1_3_2	423.068	9.19713	9.19713
63000	3693_3_1_1	739.207	10.8707	10.8707
63000	3693_3_1_3_3	60.1679	4.6283	4.6283
63000	3693_3_2_0	182.623	5.37128	5.37128
63000	3693_3_2_1	425.973	9.90635	9.90635
63000	3693_3_2_2	84.9967	6.53821	6.53821
63000	3693_3_1_2_0	1159.81	15.2607	15.2607
63000	3693_3_1_2_1	63.6374	4.89518	4.89518
63000	3693_3_2_3	95.4038	5.61199	5.61199
63000	3693_3_0_1	0	0	0
63000	3693_3_1_2_2	18.9751	3.79501	3.79501
21600	3693_3_0_2	0	0	0
21600	3693_3_1_2_3	148.923	8.27351	8.27351
21600	3693_3_3_1	0	0	0
21600	3693_3_1_3_0	0	0	0
21600	3693_3_1_0	323.222	11.5436	11.5436
21600	3693_3_1_3_1	201.361	7.45781	7.45781
21600	3693_3_1_3_2	45.701	5.07789	5.07789
21600	3693_3_1_1	96.688	8.05734	8.05734
21600	3693_3_1_3_3	0	0	0
21600	3693_3_2_0	0	0	0
21600	3693_3_2_1	43.99	5.49875	5.49875
21600	3693_3_2_2	4.42187	4.42187	4.42187
21600	3693_3_1_2_0	149.755	7.88186	7.88186
21600	3693_3_1_2_1	0	0	0
21600	3693_3_2_3	23.3659	4.67318	4.67318
21600	3693_3_0_1	0	0	0
21600	3693_3_1_2_2	0	0	0
17100	3693_3_0_2	0	0	0
17100	3693_3_1_2_3	16.8993	4.22482	4.22482
17100	3693_3_3_1	0	0	0
17100	3693_3_1_3_0	0	0	0
17100	3693_3_1_0	103.294	7.37817	7.37817
17100	3693_3_1_3_1	17.2923	4.32307	4.32307
17100	3693_3_1_3_2	0	0	0
17100	3693_3_1_1	17.0361	3.40722	3.40722
17100	3693_3_1_3_3	0	0	0
17100	3693_3_2_0	0	0	0
17100	3693_3_2_1	3.43474	3.43474	3.43474
17100	3693_3_2_2	0	0	0
17100	3693_3_1_2_0	15.4489	5.14963	5.14963
17100	3693_3_1_2_1	0	0	0
17100	3693_3_2_3	0	0	0
17100	3693_3_0_1	0	0	0
17100	3693_3_1_2_2	0	0	0
49500	3693_3_0_2	22.1147	4.42295	4.42295
49500	3693_3_1_2_3	1113.19	17.1259	17.1259
49500	3693_3_3_1	52.6712	4.05163	4.05163
49500	3693_3_1_3_0	0	0	0
49500	3693_3_1_0	1186.03	13.1781	13.1781
49500	3693_3_1_3_1	1228.31	13.3512	13.3512
49500	3693_3_1_3_2	284.92	7.91443	7.91443
49500	3693_3_1_1	521.393	9.65542	9.65542
49500	3693_3_1_3_3	58.8229	4.20163	4.20163
49500	3693_3_2_0	147.756	7.77665	7.77665
49500	3693_3_2_1	270.56	9.01868	9.01868
49500	3693_3_2_2	51.8302	4.31918	4.31918
49500	3693_3_1_2_0	1110.81	14.2411	14.2411
49500	3693_3_1_2_1	51.0597	4.25498	4.25498
49500	3693_3_2_3	90.4492	6.02995	6.02995
49500	3693_3_0_1	0	0	0
49500	3693_3_1_2_2	3.70762	3.70762	3.70762
82800	3693_3_0_2	0	0	0
82800	3693_3_1_2_3	33.4731	4.18413	4.18413
82800	3693_3_3_1	0	0	0
82800	3693_3_1_3_0	0	0	0
82800	3693_3_1_0	196.108	8.52641	8.52641
82800	3693_3_1_3_1	107.477	5.37387	5.37387
82800	3693_3_1_3_2	0	0	0
82800	3693_3_1_1	69.3478	5.33445	5.33445
82800	3693_3_1_3_3	0	0	0
82800	3693_3_2_0	0	0	0
82800	3693_3_2_1	0	0	0
82800	3693_3_2_2	0	0	0
82800	3693_3_1_2_0	79.1822	5.65587	5.65587
82800	3693_3_1_2_1	0	0	0
82800	3693_3_2_3	0	0	0
82800	3693_3_0_1	0	0	0
82800	3693_3_1_2_2	0	0	0
24300	3693_3_0_2	4.04463	4.04463	4.04463
24300	3693_3_1_2_3	354.459	12.2227	12.2227
24300	3693_3_3_1	3.48237	3.48237	3.48237
24300	3693_3_1_3_0	0	0	0
24300	3693_3_1_0	618.757	13.165	13.165
24300	3693_3_1_3_1	461.703	9.82347	9.82347
24300	3693_3_1_3_2	122.234	6.11169	6.11169
24300	3693_3_1_1	280.474	11.219	11.219
24300	3693_3_1_3_3	7.0158	3.5079	3.5079
24300	3693_3_2_0	34.8264	4.35329	4.35329
24300	3693_3_2_1	123.082	7.69261	7.69261
24300	3693_3_2_2	26.7315	3.81878	3.81878
24300	3693_3_1_2_0	334.855	11.1618	11.1618
24300	3693_3_1_2_1	17.0923	4.27307	4.27307
24300	3693_3_2_3	53.1527	5.31527	5.31527
24300	3693_3_0_1	0	0	0
24300	3693_3_1_2_2	8.98058	4.49029	4.49029
53100	3693_3_0_2	14.3121	3.57802	3.57802
53100	3693_3_1_2_3	980.607	18.8578	18.8578
53100	3693_3_3_1	46.7832	4.25302	4.25302
53100	3693_3_1_3_0	0	0	0
53100	3693_3_1_0	1292.65	12.6731	12.6731
53100	3693_3_1_3_1	1391.04	15.6297	15.6297
53100	3693_3_1_3_2	358.144	7.95876	7.95876
53100	3693_3_1_1	577.606	10.6964	10.6964
53100	3693_3_1_3_3	50.4313	4.20261	4.20261
53100	3693_3_2_0	146.587	6.98032	6.98032
53100	3693_3_2_1	295.975	9.54757	9.54757
53100	3693_3_2_2	42.8962	4.76624	4.76624
53100	3693_3_1_2_0	1133.43	15.9638	15.9638
53100	3693_3_1_2_1	61.7322	4.74863	4.74863
53100	3693_3_2_3	103.127	6.87511	6.87511
53100	3693_3_0_1	0	0	0
53100	3693_3_1_2_2	6.74634	3.37317	3.37317
56700	3693_3_0_2	16.0826	4.02066	4.02066
56700	3693_3_1_2_3	993.601	16.2885	16.2885
56700	3693_3_3_1	50.5358	4.21131	4.21131
56700	3693_3_1_3_0	3.31405	3.31405	3.31405
56700	3693_3_1_0	1538.74	12.116	12.116
56700	3693_3_1_3_1	1573.33	16.2199	16.2199
56700	3693_3_1_3_2	341.64	8.33269	8.33269
56700	3693_3_1_1	666.499	10.414	10.414
56700	3693_3_1_3_3	53.8079	4.13907	4.13907
56700	3693_3_2_0	164.989	6.59955	6.59955
56700	3693_3_2_1	387.916	8.81626	8.81626
56700	3693_3_2_2	78.7997	6.06151	6.06151
56700	3693_3_1_2_0	1122.94	14.2144	14.2144
56700	3693_3_1_2_1	76.7117	5.11411	5.11411
56700	3693_3_2_3	115.155	6.7738	6.7738
56700	3693_3_0_1	0	0	0
56700	3693_3_1_2_2	21.3494	3.55823	3.55823
11700	3693_3_0_2	0	0	0
11700	3693_3_1_2_3	4.03891	4.03891	4.03891
11700	3693_3_3_1	0	0	0
11700	3693_3_1_3_0	0	0	0
11700	3693_3_1_0	55.3924	5.53924	5.53924
11700	3693_3_1_3_1	28.2016	4.70027	4.70027
11700	3693_3_1_3_2	0	0	0
11700	3693_3_1_1	21.206	5.3015	5.3015
11700	3693_3_1_3_3	0	0	0
11700	3693_3_2_0	0	0	0
11700	3693_3_2_1	0	0	0
11700	3693_3_2_2	0	0	0
11700	3693_3_1_2_0	20.8126	4.16252	4.16252
11700	3693_3_1_2_1	0	0	0
11700	3693_3_2_3	0	0	0
11700	3693_3_0_1	0	0	0
11700	3693_3_1_2_2	0	0	0
85500	3693_3_0_2	0	0	0
85500	3693_3_1_2_3	61.1109	6.11109	6.11109
85500	3693_3_3_1	0	0	0
85500	3693_3_1_3_0	0	0	0
85500	3693_3_1_0	93.0921	5.81826	5.81826
85500	3693_3_1_3_1	50.7848	5.07848	5.07848
85500	3693_3_1_3_2	7.28442	3.64221	3.64221
85500	3693_3_1_1	19.2974	3.85949	3.85949
85500	3693_3_1_3_3	0	0	0
85500	3693_3_2_0	0	0	0
85500	3693_3_2_1	0	0	0
85500	3693_3_2_2	0	0	0
85500	3693_3_1_2_0	50.9806	5.66451	5.66451
85500	3693_3_1_2_1	0	0	0
85500	3693_3_2_3	0	0	0
85500	3693_3_0_1	0	0	0
85500	3693_3_1_2_2	0	0	0
14400	3693_3_0_2	0	0	0
14400	3693_3_1_2_3	40.0085	4.00085	4.00085
14400	3693_3_3_1	0	0	0
14400	3693_3_1_3_0	0	0	0
14400	3693_3_1_0	94.894	7.29954	7.29954
14400	3693_3_1_3_1	4.30117	4.30117	4.30117
14400	3693_3_1_3_2	0	0	0
14400	3693_3_1_1	11.9043	3.9681	3.9681
14400	3693_3_1_3_3	0	0	0
14400	3693_3_2_0	0	0	0
14400	3693_3_2_1	0	0	0
14400	3693_3_2_2	0	0	0
14400	3693_3_1_2_0	12.9616	3.2404	3.2404
14400	3693_3_1_2_1	0	0	0
14400	3693_3_2_3	0	0	0
14400	3693_3_0_1	0	0	0
14400	3693_3_1_2_2	0	0	0
43200	3693_3_0_2	33.9807	4.24759	4.24759
43200	3693_3_1_2_3	1144.56	19.7337	19.7337
43200	3693_3_3_1	62.9973	4.19982	4.19982
43200	3693_3_1_3_0	3.15199	3.15199	3.15199
43200	3693_3_1_0	1386.74	14.1504	14.1504
43200	3693_3_1_3_1	1459.69	15.2051	15.2051
43200	3693_3_1_3_2	398.081	11.0578	11.0578
43200	3693_3_1_1	656.635	12.1599	12.1599
43200	3693_3_1_3_3	80.5827	4.74016	4.74016
43200	3693_3_2_0	201.247	6.93957	6.93957
43200	3693_3_2_1	308.297	9.06755	9.06755
43200	3693_3_2_2	46.8063	4.68063	4.68063
43200	3693_3_1_2_0	1237.95	17.4359	17.4359
43200	3693_3_1_2_1	75.7208	4.45416	4.45416
43200	3693_3_2_3	114.203	7.13768	7.13768
43200	3693_3_0_1	0	0	0
43200	3693_3_1_2_2	4.00649	4.00649	4.00649
46800	3693_3_0_2	9.41721	4.70861	4.70861
46800	3693_3_1_2_3	992.226	24.2006	24.2006
46800	3693_3_3_1	32.5708	4.07135	4.07135
46800	3693_3_1_3_0	0	0	0
46800	3693_3_1_0	1238.23	14.398	14.398
46800	3693_3_1_3_1	1280.87	14.7226	14.7226
46800	3693_3_1_3_2	333.203	8.7685	8.7685
46800	3693_3_1_1	524.268	11.6504	11.6504
46800	3693_3_1_3_3	53.7444	4.4787	4.4787
46800	3693_3_2_0	144.217	6.86749	6.86749
46800	3693_3_2_1	258.162	8.90215	8.90215
46800	3693_3_2_2	59.846	4.60354	4.60354
46800	3693_3_1_2_0	1080.91	16.8893	16.8893
46800	3693_3_1_2_1	42.4984	4.24984	4.24984
46800	3693_3_2_3	87.246	5.45287	5.45287
46800	3693_3_0_1	0	0	0
46800	3693_3_1_2_2	10.3506	3.4502	3.4502
75600	3693_3_0_2	0	0	0
75600	3693_3_1_2_3	146.909	8.6417	8.6417
75600	3693_3_3_1	0	0	0
75600	3693_3_1_3_0	0	0	0
75600	3693_3_1_0	275.462	8.88587	8.88587
75600	3693_3_1_3_1	358.303	7.96229	7.96229
75600	3693_3_1_3_2	31.6298	3.95372	3.95372
75600	3693_3_1_1	261.11	6.07232	6.07232
75600	3693_3_1_3_3	0	0	0
75600	3693_3_2_0	3.24981	3.24981	3.24981
75600	3693_3_2_1	67.7481	4.51654	4.51654
75600	3693_3_2_2	3.15279	3.15279	3.15279
75600	3693_3_1_2_0	207.198	8.28794	8.28794
75600	3693_3_1_2_1	0	0	0
75600	3693_3_2_3	24.1036	4.01726	4.01726
75600	3693_3_0_1	0	0	0
75600	3693_3_1_2_2	0	0	0
50400	3693_3_0_2	20.5652	3.42753	3.42753
50400	3693_3_1_2_3	1092.46	16.0656	16.0656
50400	3693_3_3_1	40.9991	4.55545	4.55545
50400	3693_3_1_3_0	0	0	0
50400	3693_3_1_0	1233.13	11.3131	11.3131
50400	3693_3_1_3_1	1245.4	15.1878	15.1878
50400	3693_3_1_3_2	312.156	8.43665	8.43665
50400	3693_3_1_1	567.156	10.1278	10.1278
50400	3693_3_1_3_3	51.3614	4.66922	4.66922
50400	3693_3_2_0	123.18	6.15902	6.15902
50400	3693_3_2_1	280.496	8.24989	8.24989
50400	3693_3_2_2	46.0539	4.18671	4.18671
50400	3693_3_1_2_0	1184.51	17.4193	17.4193
50400	3693_3_1_2_1	62.1943	4.78418	4.78418
50400	3693_3_2_3	94.2843	6.73459	6.73459
50400	3693_3_0_1	0	0	0
50400	3693_3_1_2_2	18.2395	3.6479	3.6479
7200	3693_3_0_2	0	0	0
7200	3693_3_1_2_3	8.74036	4.37018	4.37018
7200	3693_3_3_1	0	0	0
7200	3693_3_1_3_0	0	0	0
7200	3693_3_1_0	59.5952	5.95952	5.95952
7200	3693_3_1_3_1	15.8782	3.96954	3.96954
7200	3693_3_1_3_2	0	0	0
7200	3693_3_1_1	22.0835	5.52088	5.52088
7200	3693_3_1_3_3	0	0	0
7200	3693_3_2_0	0	0	0
7200	3693_3_2_1	0	0	0
7200	3693_3_2_2	0	0	0
7200	3693_3_1_2_0	3.02436	3.02436	3.02436
7200	3693_3_1_2_1	0	0	0
7200	3693_3_2_3	0	0	0
7200	3693_3_0_1	0	0	0
7200	3693_3_1_2_2	0	0	0
78300	3693_3_0_2	0	0	0
78300	3693_3_1_2_3	128.188	8.54588	8.54588
78300	3693_3_3_1	0	0	0
78300	3693_3_1_3_0	0	0	0
78300	3693_3_1_0	213.568	7.90993	7.90993
78300	3693_3_1_3_1	230.09	6.574	6.574
78300	3693_3_1_3_2	20.0915	4.0183	4.0183
78300	3693_3_1_1	225.547	6.26521	6.26521
78300	3693_3_1_3_3	0	0	0
78300	3693_3_2_0	31.558	3.94475	3.94475
78300	3693_3_2_1	51.4492	5.14492	5.14492
78300	3693_3_2_2	3.53209	3.53209	3.53209
78300	3693_3_1_2_0	129.455	5.88431	5.88431
78300	3693_3_1_2_1	6.98946	3.49473	3.49473
78300	3693_3_2_3	0	0	0
78300	3693_3_0_1	0	0	0
78300	3693_3_1_2_2	0	0	0
36900	3693_3_0_2	74.3097	4.64436	4.64436
36900	3693_3_1_2_3	1520.81	20.5515	20.5515
36900	3693_3_3_1	108.907	6.40629	6.40629
36900	3693_3_1_3_0	16.822	3.3644	3.3644
36900	3693_3_1_0	1913.35	15.9446	15.9446
36900	3693_3_1_3_1	2221.43	18.2085	18.2085
36900	3693_3_1_3_2	605.184	10.8069	10.8069
36900	3693_3_1_1	933.103	12.1182	12.1182
36900	3693_3_1_3_3	124.096	6.89423	6.89423
36900	3693_3_2_0	340.677	8.96517	8.96517
36900	3693_3_2_1	531.346	11.3052	11.3052
36900	3693_3_2_2	118.507	6.971	6.971
36900	3693_3_1_2_0	1513.62	18.9202	18.9202
36900	3693_3_1_2_1	108.791	6.39946	6.39946
36900	3693_3_2_3	167.848	7.62946	7.62946
36900	3693_3_0_1	0	0	0
36900	3693_3_1_2_2	35.7981	4.47476	4.47476
65700	3693_3_0_2	7.19435	3.59718	3.59718
65700	3693_3_1_2_3	578.781	14.1166	14.1166
65700	3693_3_3_1	13.6193	3.40483	3.40483
65700	3693_3_1_3_0	4.73444	4.73444	4.73444
65700	3693_3_1_0	1197.61	11.7412	11.7412
65700	3693_3_1_3_1	1585.58	15.5449	15.5449
65700	3693_3_1_3_2	334.982	7.79028	7.79028
65700	3693_3_1_1	563.196	9.08381	9.08381
65700	3693_3_1_3_3	13.8822	4.62741	4.62741
65700	3693_3_2_0	126.384	5.05535	5.05535
65700	3693_3_2_1	280.999	8.51511	8.51511
65700	3693_3_2_2	54.026	4.15585	4.15585
65700	3693_3_1_2_0	832.393	13.0061	13.0061
65700	3693_3_1_2_1	40.8795	4.08795	4.08795
65700	3693_3_2_3	85.8187	5.36367	5.36367
65700	3693_3_0_1	0	0	0
65700	3693_3_1_2_2	3.76736	3.76736	3.76736
40500	3693_3_0_2	42.2564	4.22564	4.22564
40500	3693_3_1_2_3	1234.07	20.5678	20.5678
40500	3693_3_3_1	74.7524	4.98349	4.98349
40500	3693_3_1_3_0	6.79523	3.39761	3.39761
40500	3693_3_1_0	1660.65	15.0969	15.0969
40500	3693_3_1_3_1	1746.05	17.6369	17.6369
40500	3693_3_1_3_2	451.555	10.2626	10.2626
40500	3693_3_1_1	743.89	11.1028	11.1028
40500	3693_3_1_3_3	102.033	5.37013	5.37013
40500	3693_3_2_0	249.783	9.25123	9.25123
40500	3693_3_2_1	410.912	10.2728	10.2728
40500	3693_3_2_2	80.1934	5.34622	5.34622
40500	3693_3_1_2_0	1319.58	16.9177	16.9177
40500	3693_3_1_2_1	76.7179	5.11453	5.11453
40500	3693_3_2_3	114.909	6.75936	6.75936
40500	3693_3_0_1	0	0	0
40500	3693_3_1_2_2	10.9253	3.64177	3.64177
36000	3693_3_0_2	77.3833	4.55196	4.55196
36000	3693_3_1_2_3	1410.33	18.8045	18.8045
36000	3693_3_3_1	106.71	6.27703	6.27703
36000	3693_3_1_3_0	18.5177	3.70354	3.70354
36000	3693_3_1_0	1961.61	16.2117	16.2117
36000	3693_3_1_3_1	2204.93	18.0732	18.0732
36000	3693_3_1_3_2	569.99	10.3635	10.3635
36000	3693_3_1_1	981.57	11.2824	11.2824
36000	3693_3_1_3_3	133.252	6.05691	6.05691
36000	3693_3_2_0	296.416	8.46904	8.46904
36000	3693_3_2_1	493.988	10.7389	10.7389
36000	3693_3_2_2	114.816	7.17603	7.17603
36000	3693_3_1_2_0	1516.04	19.6888	19.6888
36000	3693_3_1_2_1	107.978	6.35165	6.35165
36000	3693_3_2_3	152.089	7.24233	7.24233
36000	3693_3_0_1	0	0	0
36000	3693_3_1_2_2	27.4224	3.91749	3.91749
1800	3693_3_0_2	0	0	0
1800	3693_3_1_2_3	6.73214	3.36607	3.36607
1800	3693_3_3_1	0	0	0
1800	3693_3_1_3_0	0	0	0
1800	3693_3_1_0	56.7219	6.30243	6.30243
1800	3693_3_1_3_1	35.8094	3.97882	3.97882
1800	3693_3_1_3_2	0	0	0
1800	3693_3_1_1	40.1662	4.46291	4.46291
1800	3693_3_1_3_3	0	0	0
1800	3693_3_2_0	0	0	0
1800	3693_3_2_1	0	0	0
1800	3693_3_2_2	0	0	0
1800	3693_3_1_2_0	27.3787	3.91125	3.91125
1800	3693_3_1_2_1	0	0	0
1800	3693_3_2_3	0	0	0
1800	3693_3_0_1	0	0	0
1800	3693_3_1_2_2	0	0	0
39600	3693_3_0_2	68.5124	4.56749	4.56749
39600	3693_3_1_2_3	1318.64	20.6037	20.6037
39600	3693_3_3_1	98.5563	5.79743	5.79743
39600	3693_3_1_3_0	18.5777	3.71554	3.71554
39600	3693_3_1_0	1854.46	14.602	14.602
39600	3693_3_1_3_1	2058.42	18.0563	18.0563
39600	3693_3_1_3_2	522.388	10.4478	10.4478
39600	3693_3_1_1	860.726	11.9545	11.9545
39600	3693_3_1_3_3	128.487	7.13817	7.13817
39600	3693_3_2_0	297.753	9.92509	9.92509
39600	3693_3_2_1	429.933	9.55406	9.55406
39600	3693_3_2_2	83.0302	5.53534	5.53534
39600	3693_3_1_2_0	1446.88	17.4322	17.4322
39600	3693_3_1_2_1	93.4464	5.49684	5.49684
39600	3693_3_2_3	125.175	6.95417	6.95417
39600	3693_3_0_1	0	0	0
39600	3693_3_1_2_2	19.0739	3.81477	3.81477
72900	3693_3_0_2	0	0	0
72900	3693_3_1_2_3	238.064	11.9032	11.9032
72900	3693_3_3_1	0	0	0
72900	3693_3_1_3_0	0	0	0
72900	3693_3_1_0	371.763	9.53238	9.53238
72900	3693_3_1_3_1	520.425	8.97285	8.97285
72900	3693_3_1_3_2	113.877	5.99352	5.99352
72900	3693_3_1_1	226.293	6.46552	6.46552
72900	3693_3_1_3_3	0	0	0
72900	3693_3_2_0	11.4792	3.82639	3.82639
72900	3693_3_2_1	91.2046	5.36497	5.36497
72900	3693_3_2_2	0	0	0
72900	3693_3_1_2_0	307.211	9.30942	9.30942
72900	3693_3_1_2_1	0	0	0
72900	3693_3_2_3	19.7215	3.94429	3.94429
72900	3693_3_0_1	0	0	0
72900	3693_3_1_2_2	0	0	0
68400	3693_3_0_2	3.0631	3.0631	3.0631
68400	3693_3_1_2_3	455.963	15.1988	15.1988
68400	3693_3_3_1	0	0	0
68400	3693_3_1_3_0	0	0	0
68400	3693_3_1_0	828.829	10.9056	10.9056
68400	3693_3_1_3_1	1146.64	13.1797	13.1797
68400	3693_3_1_3_2	243.692	7.38461	7.38461
68400	3693_3_1_1	385.071	8.193	8.193
68400	3693_3_1_3_3	3.64945	3.64945	3.64945
68400	3693_3_2_0	90.2987	4.29994	4.29994
68400	3693_3_2_1	188.627	7.25487	7.25487
68400	3693_3_2_2	22.9653	3.82755	3.82755
68400	3693_3_1_2_0	590.875	14.0685	14.0685
68400	3693_3_1_2_1	52.3281	4.02524	4.02524
68400	3693_3_2_3	60.6051	4.32893	4.32893
68400	3693_3_0_1	0	0	0
68400	3693_3_1_2_2	3.94675	3.94675	3.94675
72000	3693_3_0_2	0	0	0
72000	3693_3_1_2_3	268.105	11.6568	11.6568
72000	3693_3_3_1	0	0	0
72000	3693_3_1_3_0	0	0	0
72000	3693_3_1_0	409.876	9.99697	9.99697
72000	3693_3_1_3_1	635.28	9.4818	9.4818
72000	3693_3_1_3_2	95.5637	5.62139	5.62139
72000	3693_3_1_1	290.279	7.44304	7.44304
72000	3693_3_1_3_3	0	0	0
72000	3693_3_2_0	35.2799	4.40999	4.40999
72000	3693_3_2_1	90.5502	6.46787	6.46787
72000	3693_3_2_2	9.31383	3.10461	3.10461
72000	3693_3_1_2_0	305.142	11.3016	11.3016
72000	3693_3_1_2_1	6.70954	3.35477	3.35477
72000	3693_3_2_3	12.5817	4.19389	4.19389
72000	3693_3_0_1	0	0	0
72000	3693_3_1_2_2	0	0	0
4500	3693_3_0_2	0	0	0
4500	3693_3_1_2_3	0	0	0
4500	3693_3_3_1	0	0	0
4500	3693_3_1_3_0	0	0	0
4500	3693_3_1_0	53.5687	4.46406	4.46406
4500	3693_3_1_3_1	21.707	4.3414	4.3414
4500	3693_3_1_3_2	0	0	0
4500	3693_3_1_1	11.6396	5.81981	5.81981
4500	3693_3_1_3_3	0	0	0
4500	3693_3_2_0	0	0	0
4500	3693_3_2_1	0	0	0
4500	3693_3_2_2	0	0	0
4500	3693_3_1_2_0	3.96533	3.96533	3.96533
4500	3693_3_1_2_1	0	0	0
4500	3693_3_2_3	0	0	0
4500	3693_3_0_1	0	0	0
4500	3693_3_1_2_2	0	0	0
30600	3693_3_0_2	43.7289	4.85876	4.85876
30600	3693_3_1_2_3	1044.33	21.3128	21.3128
30600	3693_3_3_1	62.2724	4.79018	4.79018
30600	3693_3_1_3_0	12.7211	4.24035	4.24035
30600	3693_3_1_0	1579.21	14.6223	14.6223
30600	3693_3_1_3_1	1645.98	16.6261	16.6261
30600	3693_3_1_3_2	435.855	9.9058	9.9058
30600	3693_3_1_1	703.767	11.7294	11.7294
30600	3693_3_1_3_3	89.6867	5.60542	5.60542
30600	3693_3_2_0	213.014	6.87142	6.87142
30600	3693_3_2_1	325.191	12.5073	12.5073
30600	3693_3_2_2	95.1515	6.34343	6.34343
30600	3693_3_1_2_0	1141.01	17.2881	17.2881
30600	3693_3_1_2_1	82.3782	5.14864	5.14864
30600	3693_3_2_3	155.753	7.07969	7.07969
30600	3693_3_0_1	0	0	0
30600	3693_3_1_2_2	22.7012	4.54025	4.54025
26100	3693_3_0_2	0	0	0
26100	3693_3_1_2_3	521.079	19.2992	19.2992
26100	3693_3_3_1	12.8706	3.21764	3.21764
26100	3693_3_1_3_0	0	0	0
26100	3693_3_1_0	927.019	14.4847	14.4847
26100	3693_3_1_3_1	706.76	12.8502	12.8502
26100	3693_3_1_3_2	169.256	7.69346	7.69346
26100	3693_3_1_1	431.513	11.9865	11.9865
26100	3693_3_1_3_3	22.402	4.4804	4.4804
26100	3693_3_2_0	68.9924	5.3071	5.3071
26100	3693_3_2_1	165.327	8.70142	8.70142
26100	3693_3_2_2	22.5572	4.51144	4.51144
26100	3693_3_1_2_0	530.199	16.0666	16.0666
26100	3693_3_1_2_1	45.3962	4.12692	4.12692
26100	3693_3_2_3	60.9963	5.54511	5.54511
26100	3693_3_0_1	0	0	0
26100	3693_3_1_2_2	6.89586	3.44793	3.44793
29700	3693_3_0_2	44.7155	4.47155	4.47155
29700	3693_3_1_2_3	1010.08	15.7824	15.7824
29700	3693_3_3_1	57.9481	4.45755	4.45755
29700	3693_3_1_3_0	9.88171	3.2939	3.2939
29700	3693_3_1_0	1453.44	14.1111	14.1111
29700	3693_3_1_3_1	1491.99	16.3955	16.3955
29700	3693_3_1_3_2	371.725	9.06646	9.06646
29700	3693_3_1_1	673.549	12.9529	12.9529
29700	3693_3_1_3_3	76.2152	5.08101	5.08101
29700	3693_3_2_0	209.006	7.20712	7.20712
29700	3693_3_2_1	348.189	9.16286	9.16286
29700	3693_3_2_2	34.7	4.95714	4.95714
29700	3693_3_1_2_0	1035.49	18.1664	18.1664
29700	3693_3_1_2_1	75.7635	5.82796	5.82796
29700	3693_3_2_3	106.362	6.64761	6.64761
29700	3693_3_0_1	0	0	0
29700	3693_3_1_2_2	15.2144	3.8036	3.8036
58500	3693_3_0_2	34.8583	3.87314	3.87314
58500	3693_3_1_2_3	804.137	17.1093	17.1093
58500	3693_3_3_1	43.6612	4.36612	4.36612
58500	3693_3_1_3_0	0	0	0
58500	3693_3_1_0	1537.03	12.4962	12.4962
58500	3693_3_1_3_1	1636.98	16.0488	16.0488
58500	3693_3_1_3_2	352.497	7.66298	7.66298
58500	3693_3_1_1	684.298	10.3682	10.3682
58500	3693_3_1_3_3	59.3181	4.56293	4.56293
58500	3693_3_2_0	151.811	5.83889	5.83889
58500	3693_3_2_1	389.74	9.7435	9.7435
58500	3693_3_2_2	82.4009	5.49339	5.49339
58500	3693_3_1_2_0	1089.88	15.7953	15.7953
58500	3693_3_1_2_1	73.5704	5.25503	5.25503
58500	3693_3_2_3	101.777	5.9869	5.9869
58500	3693_3_0_1	0	0	0
58500	3693_3_1_2_2	30.4837	3.81046	3.81046
33300	3693_3_0_2	57.4352	5.22138	5.22138
33300	3693_3_1_2_3	1267.43	19.8036	19.8036
33300	3693_3_3_1	77.9736	5.56954	5.56954
33300	3693_3_1_3_0	29.076	3.6345	3.6345
33300	3693_3_1_0	1742.75	15.0237	15.0237
33300	3693_3_1_3_1	2031.6	17.8211	17.8211
33300	3693_3_1_3_2	488.421	9.76842	9.76842
33300	3693_3_1_1	838.508	11.6459	11.6459
33300	3693_3_1_3_3	99.2056	5.83562	5.83562
33300	3693_3_2_0	253.547	7.45728	7.45728
33300	3693_3_2_1	459.773	10.2172	10.2172
33300	3693_3_2_2	112.539	6.25215	6.25215
33300	3693_3_1_2_0	1399.43	17.9414	17.9414
33300	3693_3_1_2_1	92.0762	5.75476	5.75476
33300	3693_3_2_3	153.037	7.65185	7.65185
33300	3693_3_0_1	3.31619	3.31619	3.31619
33300	3693_3_1_2_2	26.1534	3.73621	3.73621
62100	3693_3_0_2	10.8139	3.60464	3.60464
62100	3693_3_1_2_3	711.462	15.1375	15.1375
62100	3693_3_3_1	32.9628	3.66254	3.66254
62100	3693_3_1_3_0	0	0	0
62100	3693_3_1_0	1523.28	12.2846	12.2846
62100	3693_3_1_3_1	1850.2	16.2298	16.2298
62100	3693_3_1_3_2	408.857	9.0857	9.0857
62100	3693_3_1_1	738.508	10.4015	10.4015
62100	3693_3_1_3_3	51.3823	3.67017	3.67017
62100	3693_3_2_0	144.997	5.79987	5.79987
62100	3693_3_2_1	424.448	9.03081	9.03081
62100	3693_3_2_2	58.3704	4.8642	4.8642
62100	3693_3_1_2_0	1154.46	13.7436	13.7436
62100	3693_3_1_2_1	72.1712	5.15508	5.15508
62100	3693_3_2_3	106.454	5.60284	5.60284
62100	3693_3_0_1	0	0	0
62100	3693_3_1_2_2	17.3797	4.34492	4.34492
